post_id,scheduled_date,scheduled_time,slide_1,slide_2,slide_3,slide_4,slide_5,caption,hashtags,full_caption,instagram_status,facebook_status,instagram_post_id,facebook_post_id,published_at
ALP-175,2026-07-29,08:00,C:\Users\bosan\Downloads\house-of-diamonds-landing-main\ascend_instagram_library\03_generated_posts\ALP-175_youve-just-won-a-big-contract\ALP-175_slide-01.png,C:\Users\bosan\Downloads\house-of-diamonds-landing-main\ascend_instagram_library\03_generated_posts\ALP-175_youve-just-won-a-big-contract\ALP-175_slide-02.png,C:\Users\bosan\Downloads\house-of-diamonds-landing-main\ascend_instagram_library\03_generated_posts\ALP-175_youve-just-won-a-big-contract\ALP-175_slide-03.png,C:\Users\bosan\Downloads\house-of-diamonds-landing-main\ascend_instagram_library\03_generated_posts\ALP-175_youve-just-won-a-big-contract\ALP-175_slide-04.png,C:\Users\bosan\Downloads\house-of-diamonds-landing-main\ascend_instagram_library\03_generated_posts\ALP-175_youve-just-won-a-big-contract\ALP-175_slide-05.png,"Landing a significant contract is a genuine milestone, but the celebration can obscure a practical question: how will the delivery phase actually be funded, before the first invoice is paid?

Working capital finance, sized to the specific contract, is exactly the kind of tool built for this moment — turning a big win into a smooth delivery rather than a cash squeeze.

General information only. This does not constitute financial, legal, accounting or tax advice. Credit is subject to lender assessment, eligibility and approval criteria. Fees, charges, terms and conditions may apply.",#AscendLendingPartners #AustralianBusiness #BusinessFinance #SMEFinance #BusinessLending #ContractFinance #WorkingCapital #BusinessGrowth,"Landing a significant contract is a genuine milestone, but the celebration can obscure a practical question: how will the delivery phase actually be funded, before the first invoice is paid?

Working capital finance, sized to the specific contract, is exactly the kind of tool built for this moment — turning a big win into a smooth delivery rather than a cash squeeze.

General information only. This does not constitute financial, legal, accounting or tax advice. Credit is subject to lender assessment, eligibility and approval criteria. Fees, charges, terms and conditions may apply.

#AscendLendingPartners #AustralianBusiness #BusinessFinance #SMEFinance #BusinessLending #ContractFinance #WorkingCapital #BusinessGrowth",posted,posted,17921705394180215,1172283685977233_122100732321293024,2026-07-29T05:54:28.753938+00:00
ALP-030,2026-07-29,11:40,C:\Users\bosan\Downloads\house-of-diamonds-landing-main\ascend_instagram_library\03_generated_posts\ALP-030_what-is-working-capital\ALP-030_slide-01.png,C:\Users\bosan\Downloads\house-of-diamonds-landing-main\ascend_instagram_library\03_generated_posts\ALP-030_what-is-working-capital\ALP-030_slide-02.png,C:\Users\bosan\Downloads\house-of-diamonds-landing-main\ascend_instagram_library\03_generated_posts\ALP-030_what-is-working-capital\ALP-030_slide-03.png,C:\Users\bosan\Downloads\house-of-diamonds-landing-main\ascend_instagram_library\03_generated_posts\ALP-030_what-is-working-capital\ALP-030_slide-04.png,C:\Users\bosan\Downloads\house-of-diamonds-landing-main\ascend_instagram_library\03_generated_posts\ALP-030_what-is-working-capital\ALP-030_slide-05.png,"Working capital isn't the same as profit — it's the cash you have on hand to keep the lights on, stock shelves and staff paid while you wait for customers to pay you.

Many businesses are profitable on paper but still feel squeezed month to month because their working capital cycle is longer than their bill cycle. Recognising the difference is the first step toward managing it — whether that's tightening collection terms, adjusting stock levels, or bringing in short-term finance to bridge the gap.

General information only. This does not constitute financial, legal, accounting or tax advice. Credit is subject to lender assessment, eligibility and approval criteria. Fees, charges, terms and conditions may apply.",#AscendLendingPartners #AustralianBusiness #BusinessFinance #SMEFinance #BusinessLending #WorkingCapital #CashFlowManagement #BusinessBasics,"Working capital isn't the same as profit — it's the cash you have on hand to keep the lights on, stock shelves and staff paid while you wait for customers to pay you.

Many businesses are profitable on paper but still feel squeezed month to month because their working capital cycle is longer than their bill cycle. Recognising the difference is the first step toward managing it — whether that's tightening collection terms, adjusting stock levels, or bringing in short-term finance to bridge the gap.

General information only. This does not constitute financial, legal, accounting or tax advice. Credit is subject to lender assessment, eligibility and approval criteria. Fees, charges, terms and conditions may apply.

#AscendLendingPartners #AustralianBusiness #BusinessFinance #SMEFinance #BusinessLending #WorkingCapital #CashFlowManagement #BusinessBasics",posted,posted,17901367134507282,1172283685977233_122100732939293024,2026-07-29T05:55:06.441741+00:00
ALP-095,2026-07-29,15:20,C:\Users\bosan\Downloads\house-of-diamonds-landing-main\ascend_instagram_library\03_generated_posts\ALP-095_finance-for-hospitality-and-cafe-businesses\ALP-095_slide-01.png,C:\Users\bosan\Downloads\house-of-diamonds-landing-main\ascend_instagram_library\03_generated_posts\ALP-095_finance-for-hospitality-and-cafe-businesses\ALP-095_slide-02.png,C:\Users\bosan\Downloads\house-of-diamonds-landing-main\ascend_instagram_library\03_generated_posts\ALP-095_finance-for-hospitality-and-cafe-businesses\ALP-095_slide-03.png,C:\Users\bosan\Downloads\house-of-diamonds-landing-main\ascend_instagram_library\03_generated_posts\ALP-095_finance-for-hospitality-and-cafe-businesses\ALP-095_slide-04.png,C:\Users\bosan\Downloads\house-of-diamonds-landing-main\ascend_instagram_library\03_generated_posts\ALP-095_finance-for-hospitality-and-cafe-businesses\ALP-095_slide-05.png,"Hospitality runs on daily cash turnover and thin margins, with costs like stock, wages and rent due regardless of a quiet week. Working capital and equipment finance are commonly used to manage these swings and fund fit-outs or kitchen upgrades.

Every industry has its own rhythm when it comes to cash flow and finance needs — understanding hospitality and cafe businesses's specific pattern is the first step to finding the right fit.

From fit-outs to seasonal cash-flow swings, hospitality has a distinct financial rhythm that generic finance doesn't always fit well.

General information only. This does not constitute financial, legal, accounting or tax advice. Credit is subject to lender assessment, eligibility and approval criteria. Fees, charges, terms and conditions may apply.",#AscendLendingPartners #AustralianBusiness #BusinessFinance #SMEFinance #BusinessLending #HospitalityFinance #CafeBusiness #RestaurantFinance,"Hospitality runs on daily cash turnover and thin margins, with costs like stock, wages and rent due regardless of a quiet week. Working capital and equipment finance are commonly used to manage these swings and fund fit-outs or kitchen upgrades.

Every industry has its own rhythm when it comes to cash flow and finance needs — understanding hospitality and cafe businesses's specific pattern is the first step to finding the right fit.

From fit-outs to seasonal cash-flow swings, hospitality has a distinct financial rhythm that generic finance doesn't always fit well.

General information only. This does not constitute financial, legal, accounting or tax advice. Credit is subject to lender assessment, eligibility and approval criteria. Fees, charges, terms and conditions may apply.

#AscendLendingPartners #AustralianBusiness #BusinessFinance #SMEFinance #BusinessLending #HospitalityFinance #CafeBusiness #RestaurantFinance",posted,posted,17909067306449831,1172283685977233_122100733497293024,2026-07-29T05:55:45.252255+00:00
ALP-115,2026-07-29,19:00,C:\Users\bosan\Downloads\house-of-diamonds-landing-main\ascend_instagram_library\03_generated_posts\ALP-115_bank-said-no-other-options\ALP-115_slide-01.png,C:\Users\bosan\Downloads\house-of-diamonds-landing-main\ascend_instagram_library\03_generated_posts\ALP-115_bank-said-no-other-options\ALP-115_slide-02.png,C:\Users\bosan\Downloads\house-of-diamonds-landing-main\ascend_instagram_library\03_generated_posts\ALP-115_bank-said-no-other-options\ALP-115_slide-03.png,C:\Users\bosan\Downloads\house-of-diamonds-landing-main\ascend_instagram_library\03_generated_posts\ALP-115_bank-said-no-other-options\ALP-115_slide-04.png,C:\Users\bosan\Downloads\house-of-diamonds-landing-main\ascend_instagram_library\03_generated_posts\ALP-115_bank-said-no-other-options\ALP-115_slide-05.png,"Being declined by a bank can feel like a dead end, but it usually reflects one institution's specific lending criteria rather than a verdict on your business. Non-bank and specialist lenders often assess risk differently, and many perfectly viable businesses simply don't fit a traditional bank's box.

Understanding why the bank said no — and matching that to a lender whose criteria fit better — is usually more productive than reapplying with the same bank.

General information only. This does not constitute financial, legal, accounting or tax advice. Credit is subject to lender assessment, eligibility and approval criteria. Fees, charges, terms and conditions may apply.",#AscendLendingPartners #AustralianBusiness #BusinessFinance #SMEFinance #BusinessLending #BankDecline #BusinessFinanceOptions #NonBankLending,"Being declined by a bank can feel like a dead end, but it usually reflects one institution's specific lending criteria rather than a verdict on your business. Non-bank and specialist lenders often assess risk differently, and many perfectly viable businesses simply don't fit a traditional bank's box.

Understanding why the bank said no — and matching that to a lender whose criteria fit better — is usually more productive than reapplying with the same bank.

General information only. This does not constitute financial, legal, accounting or tax advice. Credit is subject to lender assessment, eligibility and approval criteria. Fees, charges, terms and conditions may apply.

#AscendLendingPartners #AustralianBusiness #BusinessFinance #SMEFinance #BusinessLending #BankDecline #BusinessFinanceOptions #NonBankLending",posted,posted,17995060565807032,1172283685977233_122100734139293024,2026-07-29T05:56:19.165664+00:00
ALP-015,2026-07-30,08:00,C:\Users\bosan\Downloads\house-of-diamonds-landing-main\ascend_instagram_library\03_generated_posts\ALP-015_secured-vs-unsecured-business-loans\ALP-015_slide-01.png,C:\Users\bosan\Downloads\house-of-diamonds-landing-main\ascend_instagram_library\03_generated_posts\ALP-015_secured-vs-unsecured-business-loans\ALP-015_slide-02.png,C:\Users\bosan\Downloads\house-of-diamonds-landing-main\ascend_instagram_library\03_generated_posts\ALP-015_secured-vs-unsecured-business-loans\ALP-015_slide-03.png,C:\Users\bosan\Downloads\house-of-diamonds-landing-main\ascend_instagram_library\03_generated_posts\ALP-015_secured-vs-unsecured-business-loans\ALP-015_slide-04.png,C:\Users\bosan\Downloads\house-of-diamonds-landing-main\ascend_instagram_library\03_generated_posts\ALP-015_secured-vs-unsecured-business-loans\ALP-015_slide-05.png,"Secured or unsecured isn't a question of good versus bad — it's a question of what your business has, what it needs, and how those trade-offs line up for your situation.

Secured lending can unlock larger amounts and longer terms by using property or assets as collateral. Unsecured lending trades some of that capacity for speed and flexibility, assessed on revenue and trading history instead.

General information only. This does not constitute financial, legal, accounting or tax advice. Credit is subject to lender assessment, eligibility and approval criteria. Fees, charges, terms and conditions may apply.",#AscendLendingPartners #SecuredVsUnsecured #BusinessFinanceAustralia #CommercialFinance #SMEFinance #AustralianSmallBusiness #BusinessLoans #FinanceBrokerAustralia #WorkingCapital,"Secured or unsecured isn't a question of good versus bad — it's a question of what your business has, what it needs, and how those trade-offs line up for your situation.

Secured lending can unlock larger amounts and longer terms by using property or assets as collateral. Unsecured lending trades some of that capacity for speed and flexibility, assessed on revenue and trading history instead.

General information only. This does not constitute financial, legal, accounting or tax advice. Credit is subject to lender assessment, eligibility and approval criteria. Fees, charges, terms and conditions may apply.

#AscendLendingPartners #SecuredVsUnsecured #BusinessFinanceAustralia #CommercialFinance #SMEFinance #AustralianSmallBusiness #BusinessLoans #FinanceBrokerAustralia #WorkingCapital",posted,posted,17878681749504018,1172283685977233_122101477269293024,2026-07-29T21:31:17.745458+00:00
ALP-050,2026-07-30,11:40,C:\Users\bosan\Downloads\house-of-diamonds-landing-main\ascend_instagram_library\03_generated_posts\ALP-050_documents-needed-for-business-finance\ALP-050_slide-01.png,C:\Users\bosan\Downloads\house-of-diamonds-landing-main\ascend_instagram_library\03_generated_posts\ALP-050_documents-needed-for-business-finance\ALP-050_slide-02.png,C:\Users\bosan\Downloads\house-of-diamonds-landing-main\ascend_instagram_library\03_generated_posts\ALP-050_documents-needed-for-business-finance\ALP-050_slide-03.png,C:\Users\bosan\Downloads\house-of-diamonds-landing-main\ascend_instagram_library\03_generated_posts\ALP-050_documents-needed-for-business-finance\ALP-050_slide-04.png,C:\Users\bosan\Downloads\house-of-diamonds-landing-main\ascend_instagram_library\03_generated_posts\ALP-050_documents-needed-for-business-finance\ALP-050_slide-05.png,"Every lender asks for slightly different documentation, but a few things come up again and again: proof of identity, business registration details, and some form of financial evidence.

Getting these together before you apply — rather than scrambling once an application is underway — is one of the simplest ways to keep the process moving.

General information only. This does not constitute financial, legal, accounting or tax advice. Credit is subject to lender assessment, eligibility and approval criteria. Fees, charges, terms and conditions may apply.",#AscendLendingPartners #AustralianBusiness #BusinessFinance #SMEFinance #BusinessLending #BusinessLoanApplication #FinancePreparation #SMEFinanceTips,"Every lender asks for slightly different documentation, but a few things come up again and again: proof of identity, business registration details, and some form of financial evidence.

Getting these together before you apply — rather than scrambling once an application is underway — is one of the simplest ways to keep the process moving.

General information only. This does not constitute financial, legal, accounting or tax advice. Credit is subject to lender assessment, eligibility and approval criteria. Fees, charges, terms and conditions may apply.

#AscendLendingPartners #AustralianBusiness #BusinessFinance #SMEFinance #BusinessLending #BusinessLoanApplication #FinancePreparation #SMEFinanceTips",posted,posted,18050671757564525,1172283685977233_122101478127293024,2026-07-29T21:32:24.369308+00:00
ALP-065,2026-07-30,15:20,C:\Users\bosan\Downloads\house-of-diamonds-landing-main\ascend_instagram_library\03_generated_posts\ALP-065_cash-flow-problems-dont-mean-failing-business\ALP-065_slide-01.png,C:\Users\bosan\Downloads\house-of-diamonds-landing-main\ascend_instagram_library\03_generated_posts\ALP-065_cash-flow-problems-dont-mean-failing-business\ALP-065_slide-02.png,C:\Users\bosan\Downloads\house-of-diamonds-landing-main\ascend_instagram_library\03_generated_posts\ALP-065_cash-flow-problems-dont-mean-failing-business\ALP-065_slide-03.png,C:\Users\bosan\Downloads\house-of-diamonds-landing-main\ascend_instagram_library\03_generated_posts\ALP-065_cash-flow-problems-dont-mean-failing-business\ALP-065_slide-04.png,C:\Users\bosan\Downloads\house-of-diamonds-landing-main\ascend_instagram_library\03_generated_posts\ALP-065_cash-flow-problems-dont-mean-failing-business\ALP-065_slide-05.png,"A cash-flow squeeze can feel alarming, but it's one of the most common challenges business owners face — and it doesn't necessarily reflect the underlying health of the business. Growth, seasonality and payment timing all create pressure that has nothing to do with profitability.

What matters is recognising the pattern early and having a plan, whether that's tightening collection terms or using short-term finance to bridge a gap.

General information only. This does not constitute financial, legal, accounting or tax advice. Credit is subject to lender assessment, eligibility and approval criteria. Fees, charges, terms and conditions may apply.",#AscendLendingPartners #AustralianBusiness #BusinessFinance #SMEFinance #BusinessLending #CashFlow #BusinessCashFlow #SMEFinance,"A cash-flow squeeze can feel alarming, but it's one of the most common challenges business owners face — and it doesn't necessarily reflect the underlying health of the business. Growth, seasonality and payment timing all create pressure that has nothing to do with profitability.

What matters is recognising the pattern early and having a plan, whether that's tightening collection terms or using short-term finance to bridge a gap.

General information only. This does not constitute financial, legal, accounting or tax advice. Credit is subject to lender assessment, eligibility and approval criteria. Fees, charges, terms and conditions may apply.

#AscendLendingPartners #AustralianBusiness #BusinessFinance #SMEFinance #BusinessLending #CashFlow #BusinessCashFlow #SMEFinance",posted,posted,18168699694447716,1172283685977233_122101479243293024,2026-07-29T21:33:32.673240+00:00
ALP-080,2026-07-30,19:00,C:\Users\bosan\Downloads\house-of-diamonds-landing-main\ascend_instagram_library\03_generated_posts\ALP-080_using-finance-to-fund-business-growth\ALP-080_slide-01.png,C:\Users\bosan\Downloads\house-of-diamonds-landing-main\ascend_instagram_library\03_generated_posts\ALP-080_using-finance-to-fund-business-growth\ALP-080_slide-02.png,C:\Users\bosan\Downloads\house-of-diamonds-landing-main\ascend_instagram_library\03_generated_posts\ALP-080_using-finance-to-fund-business-growth\ALP-080_slide-03.png,C:\Users\bosan\Downloads\house-of-diamonds-landing-main\ascend_instagram_library\03_generated_posts\ALP-080_using-finance-to-fund-business-growth\ALP-080_slide-04.png,C:\Users\bosan\Downloads\house-of-diamonds-landing-main\ascend_instagram_library\03_generated_posts\ALP-080_using-finance-to-fund-business-growth\ALP-080_slide-05.png,"There's a real difference between finance used to plug a gap and finance used to fund growth — the second is a deliberate bet on a return you can articulate, whether that's a new location, more stock, or additional capacity.

Approached this way, growth finance is a strategic tool, not a last resort — and lenders often respond well to a clear, well-reasoned growth case.

General information only. This does not constitute financial, legal, accounting or tax advice. Credit is subject to lender assessment, eligibility and approval criteria. Fees, charges, terms and conditions may apply.",#AscendLendingPartners #AustralianBusiness #BusinessFinance #SMEFinance #BusinessLending #BusinessGrowth #GrowthFinance #SMEStrategy,"There's a real difference between finance used to plug a gap and finance used to fund growth — the second is a deliberate bet on a return you can articulate, whether that's a new location, more stock, or additional capacity.

Approached this way, growth finance is a strategic tool, not a last resort — and lenders often respond well to a clear, well-reasoned growth case.

General information only. This does not constitute financial, legal, accounting or tax advice. Credit is subject to lender assessment, eligibility and approval criteria. Fees, charges, terms and conditions may apply.

#AscendLendingPartners #AustralianBusiness #BusinessFinance #SMEFinance #BusinessLending #BusinessGrowth #GrowthFinance #SMEStrategy",posted,posted,17921102283183478,1172283685977233_122101480437293024,2026-07-29T21:34:38.091946+00:00
ALP-160,2026-07-31,08:00,C:\Users\bosan\Downloads\house-of-diamonds-landing-main\ascend_instagram_library\03_generated_posts\ALP-160_5-documents-to-have-ready\ALP-160_slide-01.png,C:\Users\bosan\Downloads\house-of-diamonds-landing-main\ascend_instagram_library\03_generated_posts\ALP-160_5-documents-to-have-ready\ALP-160_slide-02.png,C:\Users\bosan\Downloads\house-of-diamonds-landing-main\ascend_instagram_library\03_generated_posts\ALP-160_5-documents-to-have-ready\ALP-160_slide-03.png,C:\Users\bosan\Downloads\house-of-diamonds-landing-main\ascend_instagram_library\03_generated_posts\ALP-160_5-documents-to-have-ready\ALP-160_slide-04.png,C:\Users\bosan\Downloads\house-of-diamonds-landing-main\ascend_instagram_library\03_generated_posts\ALP-160_5-documents-to-have-ready\ALP-160_slide-05.png,"Every lender asks for slightly different documentation, but five things come up again and again — identity, business registration, bank statements, financials, and details of any existing debt.

Having these ready before you apply is one of the simplest ways to keep the process moving quickly.

General information only. This does not constitute financial, legal, accounting or tax advice. Credit is subject to lender assessment, eligibility and approval criteria. Fees, charges, terms and conditions may apply.",#AscendLendingPartners #AustralianBusiness #BusinessFinance #SMEFinance #BusinessLending #LoanChecklist #FinancePreparation #SMEFinanceTips,"Every lender asks for slightly different documentation, but five things come up again and again — identity, business registration, bank statements, financials, and details of any existing debt.

Having these ready before you apply is one of the simplest ways to keep the process moving quickly.

General information only. This does not constitute financial, legal, accounting or tax advice. Credit is subject to lender assessment, eligibility and approval criteria. Fees, charges, terms and conditions may apply.

#AscendLendingPartners #AustralianBusiness #BusinessFinance #SMEFinance #BusinessLending #LoanChecklist #FinancePreparation #SMEFinanceTips",pending,pending,,,
ALP-145,2026-07-31,11:40,C:\Users\bosan\Downloads\house-of-diamonds-landing-main\ascend_instagram_library\03_generated_posts\ALP-145_what-does-the-application-process-look-like\ALP-145_slide-01.png,C:\Users\bosan\Downloads\house-of-diamonds-landing-main\ascend_instagram_library\03_generated_posts\ALP-145_what-does-the-application-process-look-like\ALP-145_slide-02.png,C:\Users\bosan\Downloads\house-of-diamonds-landing-main\ascend_instagram_library\03_generated_posts\ALP-145_what-does-the-application-process-look-like\ALP-145_slide-03.png,C:\Users\bosan\Downloads\house-of-diamonds-landing-main\ascend_instagram_library\03_generated_posts\ALP-145_what-does-the-application-process-look-like\ALP-145_slide-04.png,C:\Users\bosan\Downloads\house-of-diamonds-landing-main\ascend_instagram_library\03_generated_posts\ALP-145_what-does-the-application-process-look-like\ALP-145_slide-05.png,"Applying for business finance can feel opaque if you don't know what's coming next. In practice, it follows a fairly consistent sequence: understanding your needs, gathering documentation, matching to suitable lenders, submitting, and working through assessment.

Knowing this sequence upfront, and roughly how long each stage takes, makes the whole process considerably less stressful.

General information only. This does not constitute financial, legal, accounting or tax advice. Credit is subject to lender assessment, eligibility and approval criteria. Fees, charges, terms and conditions may apply.",#AscendLendingPartners #AustralianBusiness #BusinessFinance #SMEFinance #BusinessLending #BusinessFinanceProcess #LoanApplication #FinanceEducation,"Applying for business finance can feel opaque if you don't know what's coming next. In practice, it follows a fairly consistent sequence: understanding your needs, gathering documentation, matching to suitable lenders, submitting, and working through assessment.

Knowing this sequence upfront, and roughly how long each stage takes, makes the whole process considerably less stressful.

General information only. This does not constitute financial, legal, accounting or tax advice. Credit is subject to lender assessment, eligibility and approval criteria. Fees, charges, terms and conditions may apply.

#AscendLendingPartners #AustralianBusiness #BusinessFinance #SMEFinance #BusinessLending #BusinessFinanceProcess #LoanApplication #FinanceEducation",pending,pending,,,
ALP-135,2026-07-31,15:20,C:\Users\bosan\Downloads\house-of-diamonds-landing-main\ascend_instagram_library\03_generated_posts\ALP-135_myth-need-perfect-credit\ALP-135_slide-01.png,C:\Users\bosan\Downloads\house-of-diamonds-landing-main\ascend_instagram_library\03_generated_posts\ALP-135_myth-need-perfect-credit\ALP-135_slide-02.png,C:\Users\bosan\Downloads\house-of-diamonds-landing-main\ascend_instagram_library\03_generated_posts\ALP-135_myth-need-perfect-credit\ALP-135_slide-03.png,C:\Users\bosan\Downloads\house-of-diamonds-landing-main\ascend_instagram_library\03_generated_posts\ALP-135_myth-need-perfect-credit\ALP-135_slide-04.png,C:\Users\bosan\Downloads\house-of-diamonds-landing-main\ascend_instagram_library\03_generated_posts\ALP-135_myth-need-perfect-credit\ALP-135_slide-05.png,"“You need perfect credit” is one of the most common myths in business finance — and it stops plenty of viable businesses from even asking the question.

In reality, lenders weigh multiple factors together, and a less-than-perfect credit history is often just one input among several, not an automatic disqualifier.

General information only. This does not constitute financial, legal, accounting or tax advice. Credit is subject to lender assessment, eligibility and approval criteria. Fees, charges, terms and conditions may apply.",#AscendLendingPartners #AustralianBusiness #BusinessFinance #SMEFinance #BusinessLending #CreditMyths #BusinessFinanceMyths #SMEFinance,"“You need perfect credit” is one of the most common myths in business finance — and it stops plenty of viable businesses from even asking the question.

In reality, lenders weigh multiple factors together, and a less-than-perfect credit history is often just one input among several, not an automatic disqualifier.

General information only. This does not constitute financial, legal, accounting or tax advice. Credit is subject to lender assessment, eligibility and approval criteria. Fees, charges, terms and conditions may apply.

#AscendLendingPartners #AustralianBusiness #BusinessFinance #SMEFinance #BusinessLending #CreditMyths #BusinessFinanceMyths #SMEFinance",pending,pending,,,
ALP-001,2026-07-31,19:00,C:\Users\bosan\Downloads\house-of-diamonds-landing-main\ascend_instagram_library\03_generated_posts\ALP-001_business-line-of-credit\ALP-001_slide-01.png,C:\Users\bosan\Downloads\house-of-diamonds-landing-main\ascend_instagram_library\03_generated_posts\ALP-001_business-line-of-credit\ALP-001_slide-02.png,C:\Users\bosan\Downloads\house-of-diamonds-landing-main\ascend_instagram_library\03_generated_posts\ALP-001_business-line-of-credit\ALP-001_slide-03.png,C:\Users\bosan\Downloads\house-of-diamonds-landing-main\ascend_instagram_library\03_generated_posts\ALP-001_business-line-of-credit\ALP-001_slide-04.png,C:\Users\bosan\Downloads\house-of-diamonds-landing-main\ascend_instagram_library\03_generated_posts\ALP-001_business-line-of-credit\ALP-001_slide-05.png,"A business line of credit isn't a lump-sum loan — it's a standing facility you can draw from, repay, and redraw as your business needs change. For businesses with seasonal cycles or unpredictable cash-flow timing, that flexibility can matter more than a one-off loan amount.

Interest is typically only charged on funds actually drawn, and approved limits can support both secured and unsecured structures depending on your circumstances.

Want to know if a line of credit suits how your business operates? Send us a message.

General information only. This does not constitute financial, legal, accounting or tax advice. Credit is subject to lender assessment, eligibility and approval criteria. Fees, charges, terms and conditions may apply.",#AscendLendingPartners #BusinessFinanceAustralia #WorkingCapital #BusinessLineOfCredit #CashFlowManagement #AustralianSmallBusiness #CommercialFinance #SMEFinance #BusinessGrowthAU #FinanceBrokerAustralia,"A business line of credit isn't a lump-sum loan — it's a standing facility you can draw from, repay, and redraw as your business needs change. For businesses with seasonal cycles or unpredictable cash-flow timing, that flexibility can matter more than a one-off loan amount.

Interest is typically only charged on funds actually drawn, and approved limits can support both secured and unsecured structures depending on your circumstances.

Want to know if a line of credit suits how your business operates? Send us a message.

General information only. This does not constitute financial, legal, accounting or tax advice. Credit is subject to lender assessment, eligibility and approval criteria. Fees, charges, terms and conditions may apply.

#AscendLendingPartners #BusinessFinanceAustralia #WorkingCapital #BusinessLineOfCredit #CashFlowManagement #AustralianSmallBusiness #CommercialFinance #SMEFinance #BusinessGrowthAU #FinanceBrokerAustralia",pending,pending,,,
ALP-002,2026-08-03,08:00,C:\Users\bosan\Downloads\house-of-diamonds-landing-main\ascend_instagram_library\03_generated_posts\ALP-002_equipment-finance\ALP-002_slide-01.png,C:\Users\bosan\Downloads\house-of-diamonds-landing-main\ascend_instagram_library\03_generated_posts\ALP-002_equipment-finance\ALP-002_slide-02.png,C:\Users\bosan\Downloads\house-of-diamonds-landing-main\ascend_instagram_library\03_generated_posts\ALP-002_equipment-finance\ALP-002_slide-03.png,C:\Users\bosan\Downloads\house-of-diamonds-landing-main\ascend_instagram_library\03_generated_posts\ALP-002_equipment-finance\ALP-002_slide-04.png,C:\Users\bosan\Downloads\house-of-diamonds-landing-main\ascend_instagram_library\03_generated_posts\ALP-002_equipment-finance\ALP-002_slide-05.png,"New equipment usually means one of two choices: pay cash and tie up capital, or finance it and keep that capital working elsewhere.

Equipment finance can cover vehicles, machinery, medical equipment and technology, structured as a chattel mortgage, hire purchase or lease depending on how you plan to use and eventually own the asset. New and used equipment can both be considered, and terms are generally matched to how long the asset will remain productive.

Thinking about an equipment purchase? Let's talk about how it could be structured.

General information only. This does not constitute financial, legal, accounting or tax advice. Credit is subject to lender assessment, eligibility and approval criteria. Fees, charges, terms and conditions may apply.",#AscendLendingPartners #EquipmentFinance #AssetFinance #BusinessFinanceAustralia #TradieFinance #ConstructionFinance #TransportFinance #CommercialFinance #AustralianSmallBusiness #SMEFinance,"New equipment usually means one of two choices: pay cash and tie up capital, or finance it and keep that capital working elsewhere.

Equipment finance can cover vehicles, machinery, medical equipment and technology, structured as a chattel mortgage, hire purchase or lease depending on how you plan to use and eventually own the asset. New and used equipment can both be considered, and terms are generally matched to how long the asset will remain productive.

Thinking about an equipment purchase? Let's talk about how it could be structured.

General information only. This does not constitute financial, legal, accounting or tax advice. Credit is subject to lender assessment, eligibility and approval criteria. Fees, charges, terms and conditions may apply.

#AscendLendingPartners #EquipmentFinance #AssetFinance #BusinessFinanceAustralia #TradieFinance #ConstructionFinance #TransportFinance #CommercialFinance #AustralianSmallBusiness #SMEFinance",pending,pending,,,
ALP-003,2026-08-03,11:40,C:\Users\bosan\Downloads\house-of-diamonds-landing-main\ascend_instagram_library\03_generated_posts\ALP-003_invoice-finance\ALP-003_slide-01.png,C:\Users\bosan\Downloads\house-of-diamonds-landing-main\ascend_instagram_library\03_generated_posts\ALP-003_invoice-finance\ALP-003_slide-02.png,C:\Users\bosan\Downloads\house-of-diamonds-landing-main\ascend_instagram_library\03_generated_posts\ALP-003_invoice-finance\ALP-003_slide-03.png,C:\Users\bosan\Downloads\house-of-diamonds-landing-main\ascend_instagram_library\03_generated_posts\ALP-003_invoice-finance\ALP-003_slide-04.png,C:\Users\bosan\Downloads\house-of-diamonds-landing-main\ascend_instagram_library\03_generated_posts\ALP-003_invoice-finance\ALP-003_slide-05.png,"Waiting 30, 60 or 90 days to get paid doesn't mean your cash flow has to wait too.

Invoice finance lets eligible B2B businesses access a percentage of an unpaid invoice's value ahead of the customer's payment date. It isn't a new loan — it's an advance against revenue you've already earned, and facilities can typically scale automatically as your invoicing grows.

It suits businesses that invoice other businesses on trade terms, with a reasonably consistent invoicing pattern and creditworthy customers.

Curious whether your invoicing pattern fits? Get in touch.

General information only. This does not constitute financial, legal, accounting or tax advice. Credit is subject to lender assessment, eligibility and approval criteria. Fees, charges, terms and conditions may apply.",#AscendLendingPartners #InvoiceFinance #DebtorFinance #CashFlowManagement #WorkingCapital #BusinessFinanceAustralia #B2BFinance #CommercialFinance #AustralianSmallBusiness #SMEFinance,"Waiting 30, 60 or 90 days to get paid doesn't mean your cash flow has to wait too.

Invoice finance lets eligible B2B businesses access a percentage of an unpaid invoice's value ahead of the customer's payment date. It isn't a new loan — it's an advance against revenue you've already earned, and facilities can typically scale automatically as your invoicing grows.

It suits businesses that invoice other businesses on trade terms, with a reasonably consistent invoicing pattern and creditworthy customers.

Curious whether your invoicing pattern fits? Get in touch.

General information only. This does not constitute financial, legal, accounting or tax advice. Credit is subject to lender assessment, eligibility and approval criteria. Fees, charges, terms and conditions may apply.

#AscendLendingPartners #InvoiceFinance #DebtorFinance #CashFlowManagement #WorkingCapital #BusinessFinanceAustralia #B2BFinance #CommercialFinance #AustralianSmallBusiness #SMEFinance",pending,pending,,,
ALP-176,2026-08-03,15:20,C:\Users\bosan\Downloads\house-of-diamonds-landing-main\ascend_instagram_library\03_generated_posts\ALP-176_customer-asked-for-60-day-terms\ALP-176_slide-01.png,C:\Users\bosan\Downloads\house-of-diamonds-landing-main\ascend_instagram_library\03_generated_posts\ALP-176_customer-asked-for-60-day-terms\ALP-176_slide-02.png,C:\Users\bosan\Downloads\house-of-diamonds-landing-main\ascend_instagram_library\03_generated_posts\ALP-176_customer-asked-for-60-day-terms\ALP-176_slide-03.png,C:\Users\bosan\Downloads\house-of-diamonds-landing-main\ascend_instagram_library\03_generated_posts\ALP-176_customer-asked-for-60-day-terms\ALP-176_slide-04.png,C:\Users\bosan\Downloads\house-of-diamonds-landing-main\ascend_instagram_library\03_generated_posts\ALP-176_customer-asked-for-60-day-terms\ALP-176_slide-05.png,"Being asked for extended terms by a valuable customer is a good problem to have, but it still has a real cash-flow cost — especially if your own suppliers expect payment much sooner.

Invoice finance exists precisely for this kind of gap, letting you say yes to the customer without absorbing the full timing impact yourself.

General information only. This does not constitute financial, legal, accounting or tax advice. Credit is subject to lender assessment, eligibility and approval criteria. Fees, charges, terms and conditions may apply.",#AscendLendingPartners #AustralianBusiness #BusinessFinance #SMEFinance #BusinessLending #InvoiceFinance #PaymentTerms #CashFlowManagement,"Being asked for extended terms by a valuable customer is a good problem to have, but it still has a real cash-flow cost — especially if your own suppliers expect payment much sooner.

Invoice finance exists precisely for this kind of gap, letting you say yes to the customer without absorbing the full timing impact yourself.

General information only. This does not constitute financial, legal, accounting or tax advice. Credit is subject to lender assessment, eligibility and approval criteria. Fees, charges, terms and conditions may apply.

#AscendLendingPartners #AustralianBusiness #BusinessFinance #SMEFinance #BusinessLending #InvoiceFinance #PaymentTerms #CashFlowManagement",pending,pending,,,
ALP-031,2026-08-03,19:00,C:\Users\bosan\Downloads\house-of-diamonds-landing-main\ascend_instagram_library\03_generated_posts\ALP-031_what-is-business-cash-flow\ALP-031_slide-01.png,C:\Users\bosan\Downloads\house-of-diamonds-landing-main\ascend_instagram_library\03_generated_posts\ALP-031_what-is-business-cash-flow\ALP-031_slide-02.png,C:\Users\bosan\Downloads\house-of-diamonds-landing-main\ascend_instagram_library\03_generated_posts\ALP-031_what-is-business-cash-flow\ALP-031_slide-03.png,C:\Users\bosan\Downloads\house-of-diamonds-landing-main\ascend_instagram_library\03_generated_posts\ALP-031_what-is-business-cash-flow\ALP-031_slide-04.png,C:\Users\bosan\Downloads\house-of-diamonds-landing-main\ascend_instagram_library\03_generated_posts\ALP-031_what-is-business-cash-flow\ALP-031_slide-05.png,"Revenue on paper and cash in the bank are two different things. Cash flow measures the actual timing of money moving in and out of your business — and it's timing, not total revenue, that determines whether you can pay this week's wages or next month's rent.

Understanding your cash flow cycle — how long it takes to get paid versus how quickly your own bills fall due — helps you spot pressure points early and plan around them, rather than reacting under stress.

General information only. This does not constitute financial, legal, accounting or tax advice. Credit is subject to lender assessment, eligibility and approval criteria. Fees, charges, terms and conditions may apply.",#AscendLendingPartners #AustralianBusiness #BusinessFinance #SMEFinance #BusinessLending #CashFlow #BusinessCashFlow #SmallBusinessTips,"Revenue on paper and cash in the bank are two different things. Cash flow measures the actual timing of money moving in and out of your business — and it's timing, not total revenue, that determines whether you can pay this week's wages or next month's rent.

Understanding your cash flow cycle — how long it takes to get paid versus how quickly your own bills fall due — helps you spot pressure points early and plan around them, rather than reacting under stress.

General information only. This does not constitute financial, legal, accounting or tax advice. Credit is subject to lender assessment, eligibility and approval criteria. Fees, charges, terms and conditions may apply.

#AscendLendingPartners #AustralianBusiness #BusinessFinance #SMEFinance #BusinessLending #CashFlow #BusinessCashFlow #SmallBusinessTips",pending,pending,,,
ALP-096,2026-08-04,08:00,C:\Users\bosan\Downloads\house-of-diamonds-landing-main\ascend_instagram_library\03_generated_posts\ALP-096_finance-for-retail-and-ecommerce-businesses\ALP-096_slide-01.png,C:\Users\bosan\Downloads\house-of-diamonds-landing-main\ascend_instagram_library\03_generated_posts\ALP-096_finance-for-retail-and-ecommerce-businesses\ALP-096_slide-02.png,C:\Users\bosan\Downloads\house-of-diamonds-landing-main\ascend_instagram_library\03_generated_posts\ALP-096_finance-for-retail-and-ecommerce-businesses\ALP-096_slide-03.png,C:\Users\bosan\Downloads\house-of-diamonds-landing-main\ascend_instagram_library\03_generated_posts\ALP-096_finance-for-retail-and-ecommerce-businesses\ALP-096_slide-04.png,C:\Users\bosan\Downloads\house-of-diamonds-landing-main\ascend_instagram_library\03_generated_posts\ALP-096_finance-for-retail-and-ecommerce-businesses\ALP-096_slide-05.png,"Retail and ecommerce businesses often need to fund stock well ahead of peak selling periods, with cash tied up in inventory until it sells through. A flexible line of credit or stock finance can smooth these cycles, particularly around major seasonal peaks.

Every industry has its own rhythm when it comes to cash flow and finance needs — understanding retail and ecommerce businesses's specific pattern is the first step to finding the right fit.

Whether online or in-store, retail cash flow follows the stock cycle — finance that flexes with that cycle tends to work best.

General information only. This does not constitute financial, legal, accounting or tax advice. Credit is subject to lender assessment, eligibility and approval criteria. Fees, charges, terms and conditions may apply.",#AscendLendingPartners #AustralianBusiness #BusinessFinance #SMEFinance #BusinessLending #RetailFinance #EcommerceFinance #StockFinance,"Retail and ecommerce businesses often need to fund stock well ahead of peak selling periods, with cash tied up in inventory until it sells through. A flexible line of credit or stock finance can smooth these cycles, particularly around major seasonal peaks.

Every industry has its own rhythm when it comes to cash flow and finance needs — understanding retail and ecommerce businesses's specific pattern is the first step to finding the right fit.

Whether online or in-store, retail cash flow follows the stock cycle — finance that flexes with that cycle tends to work best.

General information only. This does not constitute financial, legal, accounting or tax advice. Credit is subject to lender assessment, eligibility and approval criteria. Fees, charges, terms and conditions may apply.

#AscendLendingPartners #AustralianBusiness #BusinessFinance #SMEFinance #BusinessLending #RetailFinance #EcommerceFinance #StockFinance",pending,pending,,,
ALP-116,2026-08-04,11:40,C:\Users\bosan\Downloads\house-of-diamonds-landing-main\ascend_instagram_library\03_generated_posts\ALP-116_worried-about-taking-on-debt\ALP-116_slide-01.png,C:\Users\bosan\Downloads\house-of-diamonds-landing-main\ascend_instagram_library\03_generated_posts\ALP-116_worried-about-taking-on-debt\ALP-116_slide-02.png,C:\Users\bosan\Downloads\house-of-diamonds-landing-main\ascend_instagram_library\03_generated_posts\ALP-116_worried-about-taking-on-debt\ALP-116_slide-03.png,C:\Users\bosan\Downloads\house-of-diamonds-landing-main\ascend_instagram_library\03_generated_posts\ALP-116_worried-about-taking-on-debt\ALP-116_slide-04.png,C:\Users\bosan\Downloads\house-of-diamonds-landing-main\ascend_instagram_library\03_generated_posts\ALP-116_worried-about-taking-on-debt\ALP-116_slide-05.png,"It's natural to feel cautious about taking on debt, but treating “debt” as a single, uniform thing to avoid can mean missing out on genuinely sound decisions. Financing a specific, income-generating purpose is a very different proposition to borrowing to patch an ongoing shortfall.

The more useful question isn't “should I take on debt” in the abstract, but “does this specific facility, for this specific purpose, make sense.”

General information only. This does not constitute financial, legal, accounting or tax advice. Credit is subject to lender assessment, eligibility and approval criteria. Fees, charges, terms and conditions may apply.",#AscendLendingPartners #AustralianBusiness #BusinessFinance #SMEFinance #BusinessLending #BusinessDebt #FinanceDecisions #SMEFinance,"It's natural to feel cautious about taking on debt, but treating “debt” as a single, uniform thing to avoid can mean missing out on genuinely sound decisions. Financing a specific, income-generating purpose is a very different proposition to borrowing to patch an ongoing shortfall.

The more useful question isn't “should I take on debt” in the abstract, but “does this specific facility, for this specific purpose, make sense.”

General information only. This does not constitute financial, legal, accounting or tax advice. Credit is subject to lender assessment, eligibility and approval criteria. Fees, charges, terms and conditions may apply.

#AscendLendingPartners #AustralianBusiness #BusinessFinance #SMEFinance #BusinessLending #BusinessDebt #FinanceDecisions #SMEFinance",pending,pending,,,
ALP-016,2026-08-04,15:20,C:\Users\bosan\Downloads\house-of-diamonds-landing-main\ascend_instagram_library\03_generated_posts\ALP-016_low-doc-vs-full-doc-business-loans\ALP-016_slide-01.png,C:\Users\bosan\Downloads\house-of-diamonds-landing-main\ascend_instagram_library\03_generated_posts\ALP-016_low-doc-vs-full-doc-business-loans\ALP-016_slide-02.png,C:\Users\bosan\Downloads\house-of-diamonds-landing-main\ascend_instagram_library\03_generated_posts\ALP-016_low-doc-vs-full-doc-business-loans\ALP-016_slide-03.png,C:\Users\bosan\Downloads\house-of-diamonds-landing-main\ascend_instagram_library\03_generated_posts\ALP-016_low-doc-vs-full-doc-business-loans\ALP-016_slide-04.png,C:\Users\bosan\Downloads\house-of-diamonds-landing-main\ascend_instagram_library\03_generated_posts\ALP-016_low-doc-vs-full-doc-business-loans\ALP-016_slide-05.png,"Full doc and low doc aren't a hierarchy of 'proper' versus 'lesser' lending — they're two different ways of demonstrating the same thing: that your business can service the loan.

Full doc uses complete financials to unlock potentially sharper terms. Low doc accepts alternative evidence like bank statements or BAS lodgements for businesses whose income doesn't fit a standard template — but it always still requires evidence of income.

General information only. This does not constitute financial, legal, accounting or tax advice. Credit is subject to lender assessment, eligibility and approval criteria. Fees, charges, terms and conditions may apply.",#AscendLendingPartners #LowDocVsFullDoc #BusinessFinanceAustralia #SelfEmployedFinance #SMEFinance #AustralianSmallBusiness #CommercialFinance #FinanceBrokerAustralia,"Full doc and low doc aren't a hierarchy of 'proper' versus 'lesser' lending — they're two different ways of demonstrating the same thing: that your business can service the loan.

Full doc uses complete financials to unlock potentially sharper terms. Low doc accepts alternative evidence like bank statements or BAS lodgements for businesses whose income doesn't fit a standard template — but it always still requires evidence of income.

General information only. This does not constitute financial, legal, accounting or tax advice. Credit is subject to lender assessment, eligibility and approval criteria. Fees, charges, terms and conditions may apply.

#AscendLendingPartners #LowDocVsFullDoc #BusinessFinanceAustralia #SelfEmployedFinance #SMEFinance #AustralianSmallBusiness #CommercialFinance #FinanceBrokerAustralia",pending,pending,,,
ALP-051,2026-08-04,19:00,C:\Users\bosan\Downloads\house-of-diamonds-landing-main\ascend_instagram_library\03_generated_posts\ALP-051_improve-loan-approval-chances\ALP-051_slide-01.png,C:\Users\bosan\Downloads\house-of-diamonds-landing-main\ascend_instagram_library\03_generated_posts\ALP-051_improve-loan-approval-chances\ALP-051_slide-02.png,C:\Users\bosan\Downloads\house-of-diamonds-landing-main\ascend_instagram_library\03_generated_posts\ALP-051_improve-loan-approval-chances\ALP-051_slide-03.png,C:\Users\bosan\Downloads\house-of-diamonds-landing-main\ascend_instagram_library\03_generated_posts\ALP-051_improve-loan-approval-chances\ALP-051_slide-04.png,C:\Users\bosan\Downloads\house-of-diamonds-landing-main\ascend_instagram_library\03_generated_posts\ALP-051_improve-loan-approval-chances\ALP-051_slide-05.png,"There's no shortcut to approval, but there are steps that genuinely help: current financials, a clear purpose for the funds, and a track record of managing debt responsibly all reduce the perceived risk a lender is assessing.

It's also worth being selective about where you apply — a broker who understands different lenders' criteria can help direct your application toward the right fit, rather than applying broadly and hoping.

General information only. This does not constitute financial, legal, accounting or tax advice. Credit is subject to lender assessment, eligibility and approval criteria. Fees, charges, terms and conditions may apply.",#AscendLendingPartners #AustralianBusiness #BusinessFinance #SMEFinance #BusinessLending #LoanApprovalTips #BusinessFinancePrep #SMEFinance,"There's no shortcut to approval, but there are steps that genuinely help: current financials, a clear purpose for the funds, and a track record of managing debt responsibly all reduce the perceived risk a lender is assessing.

It's also worth being selective about where you apply — a broker who understands different lenders' criteria can help direct your application toward the right fit, rather than applying broadly and hoping.

General information only. This does not constitute financial, legal, accounting or tax advice. Credit is subject to lender assessment, eligibility and approval criteria. Fees, charges, terms and conditions may apply.

#AscendLendingPartners #AustralianBusiness #BusinessFinance #SMEFinance #BusinessLending #LoanApprovalTips #BusinessFinancePrep #SMEFinance",pending,pending,,,
ALP-066,2026-08-05,08:00,C:\Users\bosan\Downloads\house-of-diamonds-landing-main\ascend_instagram_library\03_generated_posts\ALP-066_seasonal-businesses-cash-flow-gaps\ALP-066_slide-01.png,C:\Users\bosan\Downloads\house-of-diamonds-landing-main\ascend_instagram_library\03_generated_posts\ALP-066_seasonal-businesses-cash-flow-gaps\ALP-066_slide-02.png,C:\Users\bosan\Downloads\house-of-diamonds-landing-main\ascend_instagram_library\03_generated_posts\ALP-066_seasonal-businesses-cash-flow-gaps\ALP-066_slide-03.png,C:\Users\bosan\Downloads\house-of-diamonds-landing-main\ascend_instagram_library\03_generated_posts\ALP-066_seasonal-businesses-cash-flow-gaps\ALP-066_slide-04.png,C:\Users\bosan\Downloads\house-of-diamonds-landing-main\ascend_instagram_library\03_generated_posts\ALP-066_seasonal-businesses-cash-flow-gaps\ALP-066_slide-05.png,"If your business has a predictable quiet season, the cash-flow gap it creates is predictable too — which means it can be planned for rather than reacted to. Building a buffer during peak months and having a flexible facility on standby for the slower ones is often more effective than scrambling once trade drops off.

The key is arranging that flexibility ahead of the quiet period, not during it.

General information only. This does not constitute financial, legal, accounting or tax advice. Credit is subject to lender assessment, eligibility and approval criteria. Fees, charges, terms and conditions may apply.",#AscendLendingPartners #AustralianBusiness #BusinessFinance #SMEFinance #BusinessLending #SeasonalBusiness #CashFlowManagement #RetailFinance,"If your business has a predictable quiet season, the cash-flow gap it creates is predictable too — which means it can be planned for rather than reacted to. Building a buffer during peak months and having a flexible facility on standby for the slower ones is often more effective than scrambling once trade drops off.

The key is arranging that flexibility ahead of the quiet period, not during it.

General information only. This does not constitute financial, legal, accounting or tax advice. Credit is subject to lender assessment, eligibility and approval criteria. Fees, charges, terms and conditions may apply.

#AscendLendingPartners #AustralianBusiness #BusinessFinance #SMEFinance #BusinessLending #SeasonalBusiness #CashFlowManagement #RetailFinance",pending,pending,,,
ALP-081,2026-08-05,11:40,C:\Users\bosan\Downloads\house-of-diamonds-landing-main\ascend_instagram_library\03_generated_posts\ALP-081_when-is-the-right-time-to-expand\ALP-081_slide-01.png,C:\Users\bosan\Downloads\house-of-diamonds-landing-main\ascend_instagram_library\03_generated_posts\ALP-081_when-is-the-right-time-to-expand\ALP-081_slide-02.png,C:\Users\bosan\Downloads\house-of-diamonds-landing-main\ascend_instagram_library\03_generated_posts\ALP-081_when-is-the-right-time-to-expand\ALP-081_slide-03.png,C:\Users\bosan\Downloads\house-of-diamonds-landing-main\ascend_instagram_library\03_generated_posts\ALP-081_when-is-the-right-time-to-expand\ALP-081_slide-04.png,C:\Users\bosan\Downloads\house-of-diamonds-landing-main\ascend_instagram_library\03_generated_posts\ALP-081_when-is-the-right-time-to-expand\ALP-081_slide-05.png,"There's no universal green light for expansion, but there are useful signals: demand that's consistently outpacing capacity, cash flow that's already stable rather than stretched, and a clear picture of what the expansion will actually cost.

Expanding to solve an existing cash-flow problem rarely works — the better sequence is stabilising first, then expanding from a position of strength.

General information only. This does not constitute financial, legal, accounting or tax advice. Credit is subject to lender assessment, eligibility and approval criteria. Fees, charges, terms and conditions may apply.",#AscendLendingPartners #AustralianBusiness #BusinessFinance #SMEFinance #BusinessLending #BusinessExpansion #GrowthStrategy #SMEStrategy,"There's no universal green light for expansion, but there are useful signals: demand that's consistently outpacing capacity, cash flow that's already stable rather than stretched, and a clear picture of what the expansion will actually cost.

Expanding to solve an existing cash-flow problem rarely works — the better sequence is stabilising first, then expanding from a position of strength.

General information only. This does not constitute financial, legal, accounting or tax advice. Credit is subject to lender assessment, eligibility and approval criteria. Fees, charges, terms and conditions may apply.

#AscendLendingPartners #AustralianBusiness #BusinessFinance #SMEFinance #BusinessLending #BusinessExpansion #GrowthStrategy #SMEStrategy",pending,pending,,,
ALP-161,2026-08-05,15:20,C:\Users\bosan\Downloads\house-of-diamonds-landing-main\ascend_instagram_library\03_generated_posts\ALP-161_7-signs-you-might-need-cash-flow-facility\ALP-161_slide-01.png,C:\Users\bosan\Downloads\house-of-diamonds-landing-main\ascend_instagram_library\03_generated_posts\ALP-161_7-signs-you-might-need-cash-flow-facility\ALP-161_slide-02.png,C:\Users\bosan\Downloads\house-of-diamonds-landing-main\ascend_instagram_library\03_generated_posts\ALP-161_7-signs-you-might-need-cash-flow-facility\ALP-161_slide-03.png,C:\Users\bosan\Downloads\house-of-diamonds-landing-main\ascend_instagram_library\03_generated_posts\ALP-161_7-signs-you-might-need-cash-flow-facility\ALP-161_slide-04.png,C:\Users\bosan\Downloads\house-of-diamonds-landing-main\ascend_instagram_library\03_generated_posts\ALP-161_7-signs-you-might-need-cash-flow-facility\ALP-161_slide-05.png,"None of these signs is a crisis on its own, but seeing several of them together is a useful early signal that a cash flow facility might be worth exploring — before the pressure builds further.

Recognising the pattern early gives you time to plan a considered response, rather than reacting under stress.

General information only. This does not constitute financial, legal, accounting or tax advice. Credit is subject to lender assessment, eligibility and approval criteria. Fees, charges, terms and conditions may apply.",#AscendLendingPartners #AustralianBusiness #BusinessFinance #SMEFinance #BusinessLending #CashFlowSigns #CashFlowFinance #SMEFinanceTips,"None of these signs is a crisis on its own, but seeing several of them together is a useful early signal that a cash flow facility might be worth exploring — before the pressure builds further.

Recognising the pattern early gives you time to plan a considered response, rather than reacting under stress.

General information only. This does not constitute financial, legal, accounting or tax advice. Credit is subject to lender assessment, eligibility and approval criteria. Fees, charges, terms and conditions may apply.

#AscendLendingPartners #AustralianBusiness #BusinessFinance #SMEFinance #BusinessLending #CashFlowSigns #CashFlowFinance #SMEFinanceTips",pending,pending,,,
ALP-146,2026-08-05,19:00,C:\Users\bosan\Downloads\house-of-diamonds-landing-main\ascend_instagram_library\03_generated_posts\ALP-146_how-to-choose-the-right-broker\ALP-146_slide-01.png,C:\Users\bosan\Downloads\house-of-diamonds-landing-main\ascend_instagram_library\03_generated_posts\ALP-146_how-to-choose-the-right-broker\ALP-146_slide-02.png,C:\Users\bosan\Downloads\house-of-diamonds-landing-main\ascend_instagram_library\03_generated_posts\ALP-146_how-to-choose-the-right-broker\ALP-146_slide-03.png,C:\Users\bosan\Downloads\house-of-diamonds-landing-main\ascend_instagram_library\03_generated_posts\ALP-146_how-to-choose-the-right-broker\ALP-146_slide-04.png,C:\Users\bosan\Downloads\house-of-diamonds-landing-main\ascend_instagram_library\03_generated_posts\ALP-146_how-to-choose-the-right-broker\ALP-146_slide-05.png,"Not every broker suits every business, and that's fine — the goal is finding one whose experience and approach genuinely fit your situation. A first conversation is usually enough to gauge how clearly they explain things and how broad their lender network actually is.

Asking a few direct questions upfront saves time and sets clear expectations from the start.

General information only. This does not constitute financial, legal, accounting or tax advice. Credit is subject to lender assessment, eligibility and approval criteria. Fees, charges, terms and conditions may apply.",#AscendLendingPartners #AustralianBusiness #BusinessFinance #SMEFinance #BusinessLending #ChoosingABroker #FinanceBroker #SMEFinance,"Not every broker suits every business, and that's fine — the goal is finding one whose experience and approach genuinely fit your situation. A first conversation is usually enough to gauge how clearly they explain things and how broad their lender network actually is.

Asking a few direct questions upfront saves time and sets clear expectations from the start.

General information only. This does not constitute financial, legal, accounting or tax advice. Credit is subject to lender assessment, eligibility and approval criteria. Fees, charges, terms and conditions may apply.

#AscendLendingPartners #AustralianBusiness #BusinessFinance #SMEFinance #BusinessLending #ChoosingABroker #FinanceBroker #SMEFinance",pending,pending,,,
ALP-136,2026-08-06,08:00,C:\Users\bosan\Downloads\house-of-diamonds-landing-main\ascend_instagram_library\03_generated_posts\ALP-136_myth-loans-only-for-big-companies\ALP-136_slide-01.png,C:\Users\bosan\Downloads\house-of-diamonds-landing-main\ascend_instagram_library\03_generated_posts\ALP-136_myth-loans-only-for-big-companies\ALP-136_slide-02.png,C:\Users\bosan\Downloads\house-of-diamonds-landing-main\ascend_instagram_library\03_generated_posts\ALP-136_myth-loans-only-for-big-companies\ALP-136_slide-03.png,C:\Users\bosan\Downloads\house-of-diamonds-landing-main\ascend_instagram_library\03_generated_posts\ALP-136_myth-loans-only-for-big-companies\ALP-136_slide-04.png,C:\Users\bosan\Downloads\house-of-diamonds-landing-main\ascend_instagram_library\03_generated_posts\ALP-136_myth-loans-only-for-big-companies\ALP-136_slide-05.png,"It's an easy assumption to make — that finance is a big-business tool — but the reality is the opposite. Small and medium businesses, including sole traders, make up the core of the business lending market, not a niche corner of it.

General information only. This does not constitute financial, legal, accounting or tax advice. Credit is subject to lender assessment, eligibility and approval criteria. Fees, charges, terms and conditions may apply.",#AscendLendingPartners #AustralianBusiness #BusinessFinance #SMEFinance #BusinessLending #SmallBusinessFinance #SoleTraderFinance #BusinessFinanceMyths,"It's an easy assumption to make — that finance is a big-business tool — but the reality is the opposite. Small and medium businesses, including sole traders, make up the core of the business lending market, not a niche corner of it.

General information only. This does not constitute financial, legal, accounting or tax advice. Credit is subject to lender assessment, eligibility and approval criteria. Fees, charges, terms and conditions may apply.

#AscendLendingPartners #AustralianBusiness #BusinessFinance #SMEFinance #BusinessLending #SmallBusinessFinance #SoleTraderFinance #BusinessFinanceMyths",pending,pending,,,
ALP-004,2026-08-06,11:40,C:\Users\bosan\Downloads\house-of-diamonds-landing-main\ascend_instagram_library\03_generated_posts\ALP-004_business-loans\ALP-004_slide-01.png,C:\Users\bosan\Downloads\house-of-diamonds-landing-main\ascend_instagram_library\03_generated_posts\ALP-004_business-loans\ALP-004_slide-02.png,C:\Users\bosan\Downloads\house-of-diamonds-landing-main\ascend_instagram_library\03_generated_posts\ALP-004_business-loans\ALP-004_slide-03.png,C:\Users\bosan\Downloads\house-of-diamonds-landing-main\ascend_instagram_library\03_generated_posts\ALP-004_business-loans\ALP-004_slide-04.png,C:\Users\bosan\Downloads\house-of-diamonds-landing-main\ascend_instagram_library\03_generated_posts\ALP-004_business-loans\ALP-004_slide-05.png,"A business loan isn't one product — it's a structure built around what your business actually needs, whether that's expansion, an acquisition, new equipment, or refinancing existing debt.

Ascend Lending Partners works across a panel of 60+ lenders, including banks, non-bank lenders and specialist financiers, to match secured or unsecured finance to your revenue, assets and goals.

Thinking about your next move? Let's talk about how it could be funded.

General information only. This does not constitute financial, legal, accounting or tax advice. Credit is subject to lender assessment, eligibility and approval criteria. Fees, charges, terms and conditions may apply.",#AscendLendingPartners #BusinessLoansAustralia #BusinessFinanceAustralia #CommercialFinance #SMEFinance #AustralianSmallBusiness #BusinessGrowthAU #FinanceBrokerAustralia #WorkingCapital #BusinessExpansion,"A business loan isn't one product — it's a structure built around what your business actually needs, whether that's expansion, an acquisition, new equipment, or refinancing existing debt.

Ascend Lending Partners works across a panel of 60+ lenders, including banks, non-bank lenders and specialist financiers, to match secured or unsecured finance to your revenue, assets and goals.

Thinking about your next move? Let's talk about how it could be funded.

General information only. This does not constitute financial, legal, accounting or tax advice. Credit is subject to lender assessment, eligibility and approval criteria. Fees, charges, terms and conditions may apply.

#AscendLendingPartners #BusinessLoansAustralia #BusinessFinanceAustralia #CommercialFinance #SMEFinance #AustralianSmallBusiness #BusinessGrowthAU #FinanceBrokerAustralia #WorkingCapital #BusinessExpansion",pending,pending,,,
ALP-012,2026-08-06,15:20,C:\Users\bosan\Downloads\house-of-diamonds-landing-main\ascend_instagram_library\03_generated_posts\ALP-012_trade-finance\ALP-012_slide-01.png,C:\Users\bosan\Downloads\house-of-diamonds-landing-main\ascend_instagram_library\03_generated_posts\ALP-012_trade-finance\ALP-012_slide-02.png,C:\Users\bosan\Downloads\house-of-diamonds-landing-main\ascend_instagram_library\03_generated_posts\ALP-012_trade-finance\ALP-012_slide-03.png,C:\Users\bosan\Downloads\house-of-diamonds-landing-main\ascend_instagram_library\03_generated_posts\ALP-012_trade-finance\ALP-012_slide-04.png,C:\Users\bosan\Downloads\house-of-diamonds-landing-main\ascend_instagram_library\03_generated_posts\ALP-012_trade-finance\ALP-012_slide-05.png,"Growing trade volume often runs into the same wall: suppliers want payment before shipment, but customers expect their usual payment terms.

Trade finance is built for that exact gap — funding the supplier side of the transaction through tools like purchase order finance or letters of credit, so working capital isn't the ceiling on how much you can trade.

Looking to grow import or export volume? Let's talk about structuring it.

General information only. This does not constitute financial, legal, accounting or tax advice. Credit is subject to lender assessment, eligibility and approval criteria. Fees, charges, terms and conditions may apply.",#AscendLendingPartners #TradeFinance #ImportExport #BusinessFinanceAustralia #Wholesale #CommercialFinance #SMEFinance #AustralianSmallBusiness #SupplyChainFinance #FinanceBrokerAustralia,"Growing trade volume often runs into the same wall: suppliers want payment before shipment, but customers expect their usual payment terms.

Trade finance is built for that exact gap — funding the supplier side of the transaction through tools like purchase order finance or letters of credit, so working capital isn't the ceiling on how much you can trade.

Looking to grow import or export volume? Let's talk about structuring it.

General information only. This does not constitute financial, legal, accounting or tax advice. Credit is subject to lender assessment, eligibility and approval criteria. Fees, charges, terms and conditions may apply.

#AscendLendingPartners #TradeFinance #ImportExport #BusinessFinanceAustralia #Wholesale #CommercialFinance #SMEFinance #AustralianSmallBusiness #SupplyChainFinance #FinanceBrokerAustralia",pending,pending,,,
ALP-010,2026-08-06,19:00,C:\Users\bosan\Downloads\house-of-diamonds-landing-main\ascend_instagram_library\03_generated_posts\ALP-010_cashflow-loans\ALP-010_slide-01.png,C:\Users\bosan\Downloads\house-of-diamonds-landing-main\ascend_instagram_library\03_generated_posts\ALP-010_cashflow-loans\ALP-010_slide-02.png,C:\Users\bosan\Downloads\house-of-diamonds-landing-main\ascend_instagram_library\03_generated_posts\ALP-010_cashflow-loans\ALP-010_slide-03.png,C:\Users\bosan\Downloads\house-of-diamonds-landing-main\ascend_instagram_library\03_generated_posts\ALP-010_cashflow-loans\ALP-010_slide-04.png,C:\Users\bosan\Downloads\house-of-diamonds-landing-main\ascend_instagram_library\03_generated_posts\ALP-010_cashflow-loans\ALP-010_slide-05.png,"A profitable business can still hit a wall when expenses land before the revenue that covers them does.

Cashflow loans are short-term facilities structured around timing rather than assets — useful for seasonal dips, awaiting a large client payment, or a sudden spike in costs during a growth phase. They're built to be short-term, not a long-term commitment.

Feeling a timing squeeze right now? Let's talk about options.

General information only. This does not constitute financial, legal, accounting or tax advice. Credit is subject to lender assessment, eligibility and approval criteria. Fees, charges, terms and conditions may apply.",#AscendLendingPartners #CashflowLoans #CashFlowManagement #BusinessFinanceAustralia #WorkingCapital #AustralianSmallBusiness #SMEFinance #CommercialFinance #SeasonalBusiness #FinanceBrokerAustralia,"A profitable business can still hit a wall when expenses land before the revenue that covers them does.

Cashflow loans are short-term facilities structured around timing rather than assets — useful for seasonal dips, awaiting a large client payment, or a sudden spike in costs during a growth phase. They're built to be short-term, not a long-term commitment.

Feeling a timing squeeze right now? Let's talk about options.

General information only. This does not constitute financial, legal, accounting or tax advice. Credit is subject to lender assessment, eligibility and approval criteria. Fees, charges, terms and conditions may apply.

#AscendLendingPartners #CashflowLoans #CashFlowManagement #BusinessFinanceAustralia #WorkingCapital #AustralianSmallBusiness #SMEFinance #CommercialFinance #SeasonalBusiness #FinanceBrokerAustralia",pending,pending,,,
ALP-177,2026-08-07,08:00,C:\Users\bosan\Downloads\house-of-diamonds-landing-main\ascend_instagram_library\03_generated_posts\ALP-177_key-equipment-just-broke-down\ALP-177_slide-01.png,C:\Users\bosan\Downloads\house-of-diamonds-landing-main\ascend_instagram_library\03_generated_posts\ALP-177_key-equipment-just-broke-down\ALP-177_slide-02.png,C:\Users\bosan\Downloads\house-of-diamonds-landing-main\ascend_instagram_library\03_generated_posts\ALP-177_key-equipment-just-broke-down\ALP-177_slide-03.png,C:\Users\bosan\Downloads\house-of-diamonds-landing-main\ascend_instagram_library\03_generated_posts\ALP-177_key-equipment-just-broke-down\ALP-177_slide-04.png,C:\Users\bosan\Downloads\house-of-diamonds-landing-main\ascend_instagram_library\03_generated_posts\ALP-177_key-equipment-just-broke-down\ALP-177_slide-05.png,"An unexpected equipment failure creates real time pressure, but it doesn't have to mean draining cash reserves you need elsewhere — equipment finance can fund a replacement quickly, spreading the cost over time instead.

The key is moving decisively once you've weighed repair against replacement, rather than letting downtime drag on while you decide.

General information only. This does not constitute financial, legal, accounting or tax advice. Credit is subject to lender assessment, eligibility and approval criteria. Fees, charges, terms and conditions may apply.",#AscendLendingPartners #AustralianBusiness #BusinessFinance #SMEFinance #BusinessLending #EquipmentFinance #BusinessDisruption #SMEFinance,"An unexpected equipment failure creates real time pressure, but it doesn't have to mean draining cash reserves you need elsewhere — equipment finance can fund a replacement quickly, spreading the cost over time instead.

The key is moving decisively once you've weighed repair against replacement, rather than letting downtime drag on while you decide.

General information only. This does not constitute financial, legal, accounting or tax advice. Credit is subject to lender assessment, eligibility and approval criteria. Fees, charges, terms and conditions may apply.

#AscendLendingPartners #AustralianBusiness #BusinessFinance #SMEFinance #BusinessLending #EquipmentFinance #BusinessDisruption #SMEFinance",pending,pending,,,
ALP-032,2026-08-07,11:40,C:\Users\bosan\Downloads\house-of-diamonds-landing-main\ascend_instagram_library\03_generated_posts\ALP-032_what-is-a-business-line-of-credit\ALP-032_slide-01.png,C:\Users\bosan\Downloads\house-of-diamonds-landing-main\ascend_instagram_library\03_generated_posts\ALP-032_what-is-a-business-line-of-credit\ALP-032_slide-02.png,C:\Users\bosan\Downloads\house-of-diamonds-landing-main\ascend_instagram_library\03_generated_posts\ALP-032_what-is-a-business-line-of-credit\ALP-032_slide-03.png,C:\Users\bosan\Downloads\house-of-diamonds-landing-main\ascend_instagram_library\03_generated_posts\ALP-032_what-is-a-business-line-of-credit\ALP-032_slide-04.png,C:\Users\bosan\Downloads\house-of-diamonds-landing-main\ascend_instagram_library\03_generated_posts\ALP-032_what-is-a-business-line-of-credit\ALP-032_slide-05.png,"Unlike a term loan, a line of credit isn't a single lump sum — it's an ongoing facility you draw on, repay, and draw on again as circumstances change.

That structure suits businesses whose funding needs shift throughout the year, rather than businesses with one clearly defined, one-off cost. Understanding how draw-downs and repayments interact with your limit is key to using the facility well.

General information only. This does not constitute financial, legal, accounting or tax advice. Credit is subject to lender assessment, eligibility and approval criteria. Fees, charges, terms and conditions may apply.",#AscendLendingPartners #AustralianBusiness #BusinessFinance #SMEFinance #BusinessLending #LineOfCredit #BusinessFinanceExplained #FlexibleFinance,"Unlike a term loan, a line of credit isn't a single lump sum — it's an ongoing facility you draw on, repay, and draw on again as circumstances change.

That structure suits businesses whose funding needs shift throughout the year, rather than businesses with one clearly defined, one-off cost. Understanding how draw-downs and repayments interact with your limit is key to using the facility well.

General information only. This does not constitute financial, legal, accounting or tax advice. Credit is subject to lender assessment, eligibility and approval criteria. Fees, charges, terms and conditions may apply.

#AscendLendingPartners #AustralianBusiness #BusinessFinance #SMEFinance #BusinessLending #LineOfCredit #BusinessFinanceExplained #FlexibleFinance",pending,pending,,,
ALP-097,2026-08-07,15:20,C:\Users\bosan\Downloads\house-of-diamonds-landing-main\ascend_instagram_library\03_generated_posts\ALP-097_finance-for-construction-and-trades-businesses\ALP-097_slide-01.png,C:\Users\bosan\Downloads\house-of-diamonds-landing-main\ascend_instagram_library\03_generated_posts\ALP-097_finance-for-construction-and-trades-businesses\ALP-097_slide-02.png,C:\Users\bosan\Downloads\house-of-diamonds-landing-main\ascend_instagram_library\03_generated_posts\ALP-097_finance-for-construction-and-trades-businesses\ALP-097_slide-03.png,C:\Users\bosan\Downloads\house-of-diamonds-landing-main\ascend_instagram_library\03_generated_posts\ALP-097_finance-for-construction-and-trades-businesses\ALP-097_slide-04.png,C:\Users\bosan\Downloads\house-of-diamonds-landing-main\ascend_instagram_library\03_generated_posts\ALP-097_finance-for-construction-and-trades-businesses\ALP-097_slide-05.png,"Construction and trades businesses often wait on progress payments or retention amounts, while materials and labour costs are due upfront. Invoice finance and equipment finance are commonly used to bridge these gaps and fund vehicles or tools.

Every industry has its own rhythm when it comes to cash flow and finance needs — understanding construction and trades businesses's specific pattern is the first step to finding the right fit.

Progress payments, retentions and upfront materials costs all shape how construction businesses manage cash flow.

General information only. This does not constitute financial, legal, accounting or tax advice. Credit is subject to lender assessment, eligibility and approval criteria. Fees, charges, terms and conditions may apply.",#AscendLendingPartners #AustralianBusiness #BusinessFinance #SMEFinance #BusinessLending #ConstructionFinance #TradesFinance #SubcontractorFinance,"Construction and trades businesses often wait on progress payments or retention amounts, while materials and labour costs are due upfront. Invoice finance and equipment finance are commonly used to bridge these gaps and fund vehicles or tools.

Every industry has its own rhythm when it comes to cash flow and finance needs — understanding construction and trades businesses's specific pattern is the first step to finding the right fit.

Progress payments, retentions and upfront materials costs all shape how construction businesses manage cash flow.

General information only. This does not constitute financial, legal, accounting or tax advice. Credit is subject to lender assessment, eligibility and approval criteria. Fees, charges, terms and conditions may apply.

#AscendLendingPartners #AustralianBusiness #BusinessFinance #SMEFinance #BusinessLending #ConstructionFinance #TradesFinance #SubcontractorFinance",pending,pending,,,
ALP-117,2026-08-07,19:00,C:\Users\bosan\Downloads\house-of-diamonds-landing-main\ascend_instagram_library\03_generated_posts\ALP-117_what-brokers-actually-do\ALP-117_slide-01.png,C:\Users\bosan\Downloads\house-of-diamonds-landing-main\ascend_instagram_library\03_generated_posts\ALP-117_what-brokers-actually-do\ALP-117_slide-02.png,C:\Users\bosan\Downloads\house-of-diamonds-landing-main\ascend_instagram_library\03_generated_posts\ALP-117_what-brokers-actually-do\ALP-117_slide-03.png,C:\Users\bosan\Downloads\house-of-diamonds-landing-main\ascend_instagram_library\03_generated_posts\ALP-117_what-brokers-actually-do\ALP-117_slide-04.png,C:\Users\bosan\Downloads\house-of-diamonds-landing-main\ascend_instagram_library\03_generated_posts\ALP-117_what-brokers-actually-do\ALP-117_slide-05.png,"It's a fair concern — nobody wants to feel like they're being sold to. But a broker's actual job is closer to comparison shopping on your behalf: understanding your situation once, then comparing it against a panel of lenders instead of you doing that legwork yourself.

A good broker will explain how they're remunerated, walk through trade-offs honestly, and never require you to proceed with any particular option.

General information only. This does not constitute financial, legal, accounting or tax advice. Credit is subject to lender assessment, eligibility and approval criteria. Fees, charges, terms and conditions may apply.",#AscendLendingPartners #AustralianBusiness #BusinessFinance #SMEFinance #BusinessLending #FinanceBroker #BusinessLendingHelp #NoObligation,"It's a fair concern — nobody wants to feel like they're being sold to. But a broker's actual job is closer to comparison shopping on your behalf: understanding your situation once, then comparing it against a panel of lenders instead of you doing that legwork yourself.

A good broker will explain how they're remunerated, walk through trade-offs honestly, and never require you to proceed with any particular option.

General information only. This does not constitute financial, legal, accounting or tax advice. Credit is subject to lender assessment, eligibility and approval criteria. Fees, charges, terms and conditions may apply.

#AscendLendingPartners #AustralianBusiness #BusinessFinance #SMEFinance #BusinessLending #FinanceBroker #BusinessLendingHelp #NoObligation",pending,pending,,,
ALP-017,2026-08-10,08:00,C:\Users\bosan\Downloads\house-of-diamonds-landing-main\ascend_instagram_library\03_generated_posts\ALP-017_business-loan-vs-line-of-credit\ALP-017_slide-01.png,C:\Users\bosan\Downloads\house-of-diamonds-landing-main\ascend_instagram_library\03_generated_posts\ALP-017_business-loan-vs-line-of-credit\ALP-017_slide-02.png,C:\Users\bosan\Downloads\house-of-diamonds-landing-main\ascend_instagram_library\03_generated_posts\ALP-017_business-loan-vs-line-of-credit\ALP-017_slide-03.png,C:\Users\bosan\Downloads\house-of-diamonds-landing-main\ascend_instagram_library\03_generated_posts\ALP-017_business-loan-vs-line-of-credit\ALP-017_slide-04.png,C:\Users\bosan\Downloads\house-of-diamonds-landing-main\ascend_instagram_library\03_generated_posts\ALP-017_business-loan-vs-line-of-credit\ALP-017_slide-05.png,"Not every funding need looks the same, and the right structure depends on the shape of that need.

A business loan gives you a fixed amount for a defined purpose, repaid on a set schedule. A line of credit gives you standing access to draw from, repay and redraw — useful when your capital needs move around rather than sitting still.

General information only. This does not constitute financial, legal, accounting or tax advice. Credit is subject to lender assessment, eligibility and approval criteria. Fees, charges, terms and conditions may apply.",#AscendLendingPartners #BusinessLoanVsLineOfCredit #BusinessFinanceAustralia #WorkingCapital #CashFlowManagement #SMEFinance #AustralianSmallBusiness #CommercialFinance #FinanceBrokerAustralia,"Not every funding need looks the same, and the right structure depends on the shape of that need.

A business loan gives you a fixed amount for a defined purpose, repaid on a set schedule. A line of credit gives you standing access to draw from, repay and redraw — useful when your capital needs move around rather than sitting still.

General information only. This does not constitute financial, legal, accounting or tax advice. Credit is subject to lender assessment, eligibility and approval criteria. Fees, charges, terms and conditions may apply.

#AscendLendingPartners #BusinessLoanVsLineOfCredit #BusinessFinanceAustralia #WorkingCapital #CashFlowManagement #SMEFinance #AustralianSmallBusiness #CommercialFinance #FinanceBrokerAustralia",pending,pending,,,
ALP-052,2026-08-10,11:40,C:\Users\bosan\Downloads\house-of-diamonds-landing-main\ascend_instagram_library\03_generated_posts\ALP-052_do-you-need-a-business-plan-for-finance\ALP-052_slide-01.png,C:\Users\bosan\Downloads\house-of-diamonds-landing-main\ascend_instagram_library\03_generated_posts\ALP-052_do-you-need-a-business-plan-for-finance\ALP-052_slide-02.png,C:\Users\bosan\Downloads\house-of-diamonds-landing-main\ascend_instagram_library\03_generated_posts\ALP-052_do-you-need-a-business-plan-for-finance\ALP-052_slide-03.png,C:\Users\bosan\Downloads\house-of-diamonds-landing-main\ascend_instagram_library\03_generated_posts\ALP-052_do-you-need-a-business-plan-for-finance\ALP-052_slide-04.png,C:\Users\bosan\Downloads\house-of-diamonds-landing-main\ascend_instagram_library\03_generated_posts\ALP-052_do-you-need-a-business-plan-for-finance\ALP-052_slide-05.png,"It's a common assumption that every loan application needs a formal business plan — in practice, many established businesses are assessed primarily on trading history and financials instead.

Where a plan does help is for start-ups without trading history, or for larger and more complex facilities, where lenders want to see a clear picture of how funds will be used and repaid.

General information only. This does not constitute financial, legal, accounting or tax advice. Credit is subject to lender assessment, eligibility and approval criteria. Fees, charges, terms and conditions may apply.",#AscendLendingPartners #AustralianBusiness #BusinessFinance #SMEFinance #BusinessLending #BusinessPlan #StartupFinance #FinancePreparation,"It's a common assumption that every loan application needs a formal business plan — in practice, many established businesses are assessed primarily on trading history and financials instead.

Where a plan does help is for start-ups without trading history, or for larger and more complex facilities, where lenders want to see a clear picture of how funds will be used and repaid.

General information only. This does not constitute financial, legal, accounting or tax advice. Credit is subject to lender assessment, eligibility and approval criteria. Fees, charges, terms and conditions may apply.

#AscendLendingPartners #AustralianBusiness #BusinessFinance #SMEFinance #BusinessLending #BusinessPlan #StartupFinance #FinancePreparation",pending,pending,,,
ALP-067,2026-08-10,15:20,C:\Users\bosan\Downloads\house-of-diamonds-landing-main\ascend_instagram_library\03_generated_posts\ALP-067_what-causes-most-cash-flow-problems\ALP-067_slide-01.png,C:\Users\bosan\Downloads\house-of-diamonds-landing-main\ascend_instagram_library\03_generated_posts\ALP-067_what-causes-most-cash-flow-problems\ALP-067_slide-02.png,C:\Users\bosan\Downloads\house-of-diamonds-landing-main\ascend_instagram_library\03_generated_posts\ALP-067_what-causes-most-cash-flow-problems\ALP-067_slide-03.png,C:\Users\bosan\Downloads\house-of-diamonds-landing-main\ascend_instagram_library\03_generated_posts\ALP-067_what-causes-most-cash-flow-problems\ALP-067_slide-04.png,C:\Users\bosan\Downloads\house-of-diamonds-landing-main\ascend_instagram_library\03_generated_posts\ALP-067_what-causes-most-cash-flow-problems\ALP-067_slide-05.png,"""Cash flow problems"" is a broad label for a handful of specific, common causes — customers paying late, payment terms that don't line up with your own bills, growth that's outpacing available cash, or simply not having clear visibility over the numbers.

Pinpointing which of these is actually driving the pressure in your business makes it much easier to choose the right fix, rather than applying a generic solution.

General information only. This does not constitute financial, legal, accounting or tax advice. Credit is subject to lender assessment, eligibility and approval criteria. Fees, charges, terms and conditions may apply.",#AscendLendingPartners #AustralianBusiness #BusinessFinance #SMEFinance #BusinessLending #CashFlowProblems #SMEFinance #BusinessCashFlow,"""Cash flow problems"" is a broad label for a handful of specific, common causes — customers paying late, payment terms that don't line up with your own bills, growth that's outpacing available cash, or simply not having clear visibility over the numbers.

Pinpointing which of these is actually driving the pressure in your business makes it much easier to choose the right fix, rather than applying a generic solution.

General information only. This does not constitute financial, legal, accounting or tax advice. Credit is subject to lender assessment, eligibility and approval criteria. Fees, charges, terms and conditions may apply.

#AscendLendingPartners #AustralianBusiness #BusinessFinance #SMEFinance #BusinessLending #CashFlowProblems #SMEFinance #BusinessCashFlow",pending,pending,,,
ALP-082,2026-08-10,19:00,C:\Users\bosan\Downloads\house-of-diamonds-landing-main\ascend_instagram_library\03_generated_posts\ALP-082_finance-a-new-location-or-premises\ALP-082_slide-01.png,C:\Users\bosan\Downloads\house-of-diamonds-landing-main\ascend_instagram_library\03_generated_posts\ALP-082_finance-a-new-location-or-premises\ALP-082_slide-02.png,C:\Users\bosan\Downloads\house-of-diamonds-landing-main\ascend_instagram_library\03_generated_posts\ALP-082_finance-a-new-location-or-premises\ALP-082_slide-03.png,C:\Users\bosan\Downloads\house-of-diamonds-landing-main\ascend_instagram_library\03_generated_posts\ALP-082_finance-a-new-location-or-premises\ALP-082_slide-04.png,C:\Users\bosan\Downloads\house-of-diamonds-landing-main\ascend_instagram_library\03_generated_posts\ALP-082_finance-a-new-location-or-premises\ALP-082_slide-05.png,"A new location usually involves more than one type of cost — the property itself, plus the fit-out that gets it trading-ready — and the finance can be structured to reflect that, rather than forcing everything into a single facility.

Getting this right from the start, with timing that matches your opening date, avoids cash-flow pressure in the critical ramp-up period.

General information only. This does not constitute financial, legal, accounting or tax advice. Credit is subject to lender assessment, eligibility and approval criteria. Fees, charges, terms and conditions may apply.",#AscendLendingPartners #AustralianBusiness #BusinessFinance #SMEFinance #BusinessLending #CommercialProperty #BusinessExpansion #SMEFinance,"A new location usually involves more than one type of cost — the property itself, plus the fit-out that gets it trading-ready — and the finance can be structured to reflect that, rather than forcing everything into a single facility.

Getting this right from the start, with timing that matches your opening date, avoids cash-flow pressure in the critical ramp-up period.

General information only. This does not constitute financial, legal, accounting or tax advice. Credit is subject to lender assessment, eligibility and approval criteria. Fees, charges, terms and conditions may apply.

#AscendLendingPartners #AustralianBusiness #BusinessFinance #SMEFinance #BusinessLending #CommercialProperty #BusinessExpansion #SMEFinance",pending,pending,,,
ALP-162,2026-08-11,08:00,C:\Users\bosan\Downloads\house-of-diamonds-landing-main\ascend_instagram_library\03_generated_posts\ALP-162_6-questions-before-choosing-a-lender\ALP-162_slide-01.png,C:\Users\bosan\Downloads\house-of-diamonds-landing-main\ascend_instagram_library\03_generated_posts\ALP-162_6-questions-before-choosing-a-lender\ALP-162_slide-02.png,C:\Users\bosan\Downloads\house-of-diamonds-landing-main\ascend_instagram_library\03_generated_posts\ALP-162_6-questions-before-choosing-a-lender\ALP-162_slide-03.png,C:\Users\bosan\Downloads\house-of-diamonds-landing-main\ascend_instagram_library\03_generated_posts\ALP-162_6-questions-before-choosing-a-lender\ALP-162_slide-04.png,C:\Users\bosan\Downloads\house-of-diamonds-landing-main\ascend_instagram_library\03_generated_posts\ALP-162_6-questions-before-choosing-a-lender\ALP-162_slide-05.png,"Comparing lenders becomes much easier when you ask the same core questions of each one — total cost, rate type, security requirements, and what happens if things change.

Treat this as a standard checklist for every finance decision, not just this one.

General information only. This does not constitute financial, legal, accounting or tax advice. Credit is subject to lender assessment, eligibility and approval criteria. Fees, charges, terms and conditions may apply.",#AscendLendingPartners #AustralianBusiness #BusinessFinance #SMEFinance #BusinessLending #ChoosingALender #LoanChecklist #FinanceEducation,"Comparing lenders becomes much easier when you ask the same core questions of each one — total cost, rate type, security requirements, and what happens if things change.

Treat this as a standard checklist for every finance decision, not just this one.

General information only. This does not constitute financial, legal, accounting or tax advice. Credit is subject to lender assessment, eligibility and approval criteria. Fees, charges, terms and conditions may apply.

#AscendLendingPartners #AustralianBusiness #BusinessFinance #SMEFinance #BusinessLending #ChoosingALender #LoanChecklist #FinanceEducation",pending,pending,,,
ALP-147,2026-08-11,11:40,C:\Users\bosan\Downloads\house-of-diamonds-landing-main\ascend_instagram_library\03_generated_posts\ALP-147_questions-to-ask-a-lender-before-signing\ALP-147_slide-01.png,C:\Users\bosan\Downloads\house-of-diamonds-landing-main\ascend_instagram_library\03_generated_posts\ALP-147_questions-to-ask-a-lender-before-signing\ALP-147_slide-02.png,C:\Users\bosan\Downloads\house-of-diamonds-landing-main\ascend_instagram_library\03_generated_posts\ALP-147_questions-to-ask-a-lender-before-signing\ALP-147_slide-03.png,C:\Users\bosan\Downloads\house-of-diamonds-landing-main\ascend_instagram_library\03_generated_posts\ALP-147_questions-to-ask-a-lender-before-signing\ALP-147_slide-04.png,C:\Users\bosan\Downloads\house-of-diamonds-landing-main\ascend_instagram_library\03_generated_posts\ALP-147_questions-to-ask-a-lender-before-signing\ALP-147_slide-05.png,"A handful of direct questions, asked consistently before signing anything, cover most of what actually matters: total cost, flexibility, security, and what happens if plans change.

Making this a habit, rather than a one-off exercise, protects you across every facility you take on, not just the first one.

General information only. This does not constitute financial, legal, accounting or tax advice. Credit is subject to lender assessment, eligibility and approval criteria. Fees, charges, terms and conditions may apply.",#AscendLendingPartners #AustralianBusiness #BusinessFinance #SMEFinance #BusinessLending #LoanChecklist #FinanceEducation #SMEFinanceTips,"A handful of direct questions, asked consistently before signing anything, cover most of what actually matters: total cost, flexibility, security, and what happens if plans change.

Making this a habit, rather than a one-off exercise, protects you across every facility you take on, not just the first one.

General information only. This does not constitute financial, legal, accounting or tax advice. Credit is subject to lender assessment, eligibility and approval criteria. Fees, charges, terms and conditions may apply.

#AscendLendingPartners #AustralianBusiness #BusinessFinance #SMEFinance #BusinessLending #LoanChecklist #FinanceEducation #SMEFinanceTips",pending,pending,,,
ALP-137,2026-08-11,15:20,C:\Users\bosan\Downloads\house-of-diamonds-landing-main\ascend_instagram_library\03_generated_posts\ALP-137_myth-applying-always-hurts-credit-score\ALP-137_slide-01.png,C:\Users\bosan\Downloads\house-of-diamonds-landing-main\ascend_instagram_library\03_generated_posts\ALP-137_myth-applying-always-hurts-credit-score\ALP-137_slide-02.png,C:\Users\bosan\Downloads\house-of-diamonds-landing-main\ascend_instagram_library\03_generated_posts\ALP-137_myth-applying-always-hurts-credit-score\ALP-137_slide-03.png,C:\Users\bosan\Downloads\house-of-diamonds-landing-main\ascend_instagram_library\03_generated_posts\ALP-137_myth-applying-always-hurts-credit-score\ALP-137_slide-04.png,C:\Users\bosan\Downloads\house-of-diamonds-landing-main\ascend_instagram_library\03_generated_posts\ALP-137_myth-applying-always-hurts-credit-score\ALP-137_slide-05.png,"This myth stops a lot of business owners from even making a well-considered enquiry — but the real risk comes from applying to multiple lenders at once, not from a single, well-matched application.

General information only. This does not constitute financial, legal, accounting or tax advice. Credit is subject to lender assessment, eligibility and approval criteria. Fees, charges, terms and conditions may apply.",#AscendLendingPartners #AustralianBusiness #BusinessFinance #SMEFinance #BusinessLending #CreditScoreMyths #BusinessFinanceMyths #FinanceEducation,"This myth stops a lot of business owners from even making a well-considered enquiry — but the real risk comes from applying to multiple lenders at once, not from a single, well-matched application.

General information only. This does not constitute financial, legal, accounting or tax advice. Credit is subject to lender assessment, eligibility and approval criteria. Fees, charges, terms and conditions may apply.

#AscendLendingPartners #AustralianBusiness #BusinessFinance #SMEFinance #BusinessLending #CreditScoreMyths #BusinessFinanceMyths #FinanceEducation",pending,pending,,,
ALP-005,2026-08-11,19:00,C:\Users\bosan\Downloads\house-of-diamonds-landing-main\ascend_instagram_library\03_generated_posts\ALP-005_small-business-loans\ALP-005_slide-01.png,C:\Users\bosan\Downloads\house-of-diamonds-landing-main\ascend_instagram_library\03_generated_posts\ALP-005_small-business-loans\ALP-005_slide-02.png,C:\Users\bosan\Downloads\house-of-diamonds-landing-main\ascend_instagram_library\03_generated_posts\ALP-005_small-business-loans\ALP-005_slide-03.png,C:\Users\bosan\Downloads\house-of-diamonds-landing-main\ascend_instagram_library\03_generated_posts\ALP-005_small-business-loans\ALP-005_slide-04.png,C:\Users\bosan\Downloads\house-of-diamonds-landing-main\ascend_instagram_library\03_generated_posts\ALP-005_small-business-loans\ALP-005_slide-05.png,"Not every business needs a seven-figure facility — sometimes it's stock before a busy season, covering payroll through a quiet month, or a marketing push to bring in new customers.

Small business loans are sized and structured for exactly that: flexible terms, multiple repayment frequencies, and lenders who assess smaller operations on their own merits rather than treating them like scaled-down corporate applicants.

Want to know what a facility sized for your business could look like? Get in touch.

General information only. This does not constitute financial, legal, accounting or tax advice. Credit is subject to lender assessment, eligibility and approval criteria. Fees, charges, terms and conditions may apply.",#AscendLendingPartners #SmallBusinessLoans #BusinessFinanceAustralia #AustralianSmallBusiness #RetailFinance #HospitalityFinance #CommercialFinance #SMEFinance #CashFlowManagement #FinanceBrokerAustralia,"Not every business needs a seven-figure facility — sometimes it's stock before a busy season, covering payroll through a quiet month, or a marketing push to bring in new customers.

Small business loans are sized and structured for exactly that: flexible terms, multiple repayment frequencies, and lenders who assess smaller operations on their own merits rather than treating them like scaled-down corporate applicants.

Want to know what a facility sized for your business could look like? Get in touch.

General information only. This does not constitute financial, legal, accounting or tax advice. Credit is subject to lender assessment, eligibility and approval criteria. Fees, charges, terms and conditions may apply.

#AscendLendingPartners #SmallBusinessLoans #BusinessFinanceAustralia #AustralianSmallBusiness #RetailFinance #HospitalityFinance #CommercialFinance #SMEFinance #CashFlowManagement #FinanceBrokerAustralia",pending,pending,,,
ALP-013,2026-08-12,08:00,C:\Users\bosan\Downloads\house-of-diamonds-landing-main\ascend_instagram_library\03_generated_posts\ALP-013_ato-tax-debt-finance\ALP-013_slide-01.png,C:\Users\bosan\Downloads\house-of-diamonds-landing-main\ascend_instagram_library\03_generated_posts\ALP-013_ato-tax-debt-finance\ALP-013_slide-02.png,C:\Users\bosan\Downloads\house-of-diamonds-landing-main\ascend_instagram_library\03_generated_posts\ALP-013_ato-tax-debt-finance\ALP-013_slide-03.png,C:\Users\bosan\Downloads\house-of-diamonds-landing-main\ascend_instagram_library\03_generated_posts\ALP-013_ato-tax-debt-finance\ALP-013_slide-04.png,C:\Users\bosan\Downloads\house-of-diamonds-landing-main\ascend_instagram_library\03_generated_posts\ALP-013_ato-tax-debt-finance\ALP-013_slide-05.png,"ATO debt doesn't sit still — the general interest charge compounds daily, and rigid payment arrangements can add pressure on top of an already stretched cash flow.

ATO tax debt finance restructures the outstanding balance into a commercial loan: a lender clears the ATO debt, and your business repays the lender on agreed terms. This changes who you're repaying and how — it doesn't remove the underlying tax obligation, and we'd always encourage speaking with your accountant or tax adviser alongside this option.

Dealing with ATO debt right now? Let's talk about your options.

General information only. This does not constitute financial, legal, accounting or tax advice. Credit is subject to lender assessment, eligibility and approval criteria. Fees, charges, terms and conditions may apply.",#AscendLendingPartners #ATOTaxDebt #BusinessFinanceAustralia #TaxDebtFinance #SMEFinance #AustralianSmallBusiness #CommercialFinance #CashFlowManagement #FinanceBrokerAustralia #BusinessDebt,"ATO debt doesn't sit still — the general interest charge compounds daily, and rigid payment arrangements can add pressure on top of an already stretched cash flow.

ATO tax debt finance restructures the outstanding balance into a commercial loan: a lender clears the ATO debt, and your business repays the lender on agreed terms. This changes who you're repaying and how — it doesn't remove the underlying tax obligation, and we'd always encourage speaking with your accountant or tax adviser alongside this option.

Dealing with ATO debt right now? Let's talk about your options.

General information only. This does not constitute financial, legal, accounting or tax advice. Credit is subject to lender assessment, eligibility and approval criteria. Fees, charges, terms and conditions may apply.

#AscendLendingPartners #ATOTaxDebt #BusinessFinanceAustralia #TaxDebtFinance #SMEFinance #AustralianSmallBusiness #CommercialFinance #CashFlowManagement #FinanceBrokerAustralia #BusinessDebt",pending,pending,,,
ALP-011,2026-08-12,11:40,C:\Users\bosan\Downloads\house-of-diamonds-landing-main\ascend_instagram_library\03_generated_posts\ALP-011_working-capital-loans\ALP-011_slide-01.png,C:\Users\bosan\Downloads\house-of-diamonds-landing-main\ascend_instagram_library\03_generated_posts\ALP-011_working-capital-loans\ALP-011_slide-02.png,C:\Users\bosan\Downloads\house-of-diamonds-landing-main\ascend_instagram_library\03_generated_posts\ALP-011_working-capital-loans\ALP-011_slide-03.png,C:\Users\bosan\Downloads\house-of-diamonds-landing-main\ascend_instagram_library\03_generated_posts\ALP-011_working-capital-loans\ALP-011_slide-04.png,C:\Users\bosan\Downloads\house-of-diamonds-landing-main\ascend_instagram_library\03_generated_posts\ALP-011_working-capital-loans\ALP-011_slide-05.png,"Payroll doesn't wait for a slow month, and neither does rent.

Working capital loans are built to fund the everyday running of a business — stock, staffing, overheads — structured around your revenue cycle rather than tied to a single asset. Facilities can often be drawn as a lump sum or in tranches, and structured as revolving or term finance depending on what suits.

Want to see what a facility built around your cycle looks like? Get in touch.

General information only. This does not constitute financial, legal, accounting or tax advice. Credit is subject to lender assessment, eligibility and approval criteria. Fees, charges, terms and conditions may apply.",#AscendLendingPartners #WorkingCapitalLoans #CashFlowManagement #BusinessFinanceAustralia #SMEFinance #AustralianSmallBusiness #CommercialFinance #BusinessGrowthAU #RetailFinance #FinanceBrokerAustralia,"Payroll doesn't wait for a slow month, and neither does rent.

Working capital loans are built to fund the everyday running of a business — stock, staffing, overheads — structured around your revenue cycle rather than tied to a single asset. Facilities can often be drawn as a lump sum or in tranches, and structured as revolving or term finance depending on what suits.

Want to see what a facility built around your cycle looks like? Get in touch.

General information only. This does not constitute financial, legal, accounting or tax advice. Credit is subject to lender assessment, eligibility and approval criteria. Fees, charges, terms and conditions may apply.

#AscendLendingPartners #WorkingCapitalLoans #CashFlowManagement #BusinessFinanceAustralia #SMEFinance #AustralianSmallBusiness #CommercialFinance #BusinessGrowthAU #RetailFinance #FinanceBrokerAustralia",pending,pending,,,
ALP-178,2026-08-12,15:20,C:\Users\bosan\Downloads\house-of-diamonds-landing-main\ascend_instagram_library\03_generated_posts\ALP-178_growing-faster-than-cash-flow-can-keep-up\ALP-178_slide-01.png,C:\Users\bosan\Downloads\house-of-diamonds-landing-main\ascend_instagram_library\03_generated_posts\ALP-178_growing-faster-than-cash-flow-can-keep-up\ALP-178_slide-02.png,C:\Users\bosan\Downloads\house-of-diamonds-landing-main\ascend_instagram_library\03_generated_posts\ALP-178_growing-faster-than-cash-flow-can-keep-up\ALP-178_slide-03.png,C:\Users\bosan\Downloads\house-of-diamonds-landing-main\ascend_instagram_library\03_generated_posts\ALP-178_growing-faster-than-cash-flow-can-keep-up\ALP-178_slide-04.png,C:\Users\bosan\Downloads\house-of-diamonds-landing-main\ascend_instagram_library\03_generated_posts\ALP-178_growing-faster-than-cash-flow-can-keep-up\ALP-178_slide-05.png,"Growing faster than your cash flow can keep pace with is a genuinely good problem — but it's still a problem worth solving deliberately, rather than letting it strain the business or slow down the growth itself.

Working capital finance, sized to the specific gap, can carry the business through until cash flow catches up to the new pace.

General information only. This does not constitute financial, legal, accounting or tax advice. Credit is subject to lender assessment, eligibility and approval criteria. Fees, charges, terms and conditions may apply.",#AscendLendingPartners #AustralianBusiness #BusinessFinance #SMEFinance #BusinessLending #BusinessGrowth #WorkingCapital #CashFlowManagement,"Growing faster than your cash flow can keep pace with is a genuinely good problem — but it's still a problem worth solving deliberately, rather than letting it strain the business or slow down the growth itself.

Working capital finance, sized to the specific gap, can carry the business through until cash flow catches up to the new pace.

General information only. This does not constitute financial, legal, accounting or tax advice. Credit is subject to lender assessment, eligibility and approval criteria. Fees, charges, terms and conditions may apply.

#AscendLendingPartners #AustralianBusiness #BusinessFinance #SMEFinance #BusinessLending #BusinessGrowth #WorkingCapital #CashFlowManagement",pending,pending,,,
ALP-033,2026-08-12,19:00,C:\Users\bosan\Downloads\house-of-diamonds-landing-main\ascend_instagram_library\03_generated_posts\ALP-033_how-does-invoice-finance-work\ALP-033_slide-01.png,C:\Users\bosan\Downloads\house-of-diamonds-landing-main\ascend_instagram_library\03_generated_posts\ALP-033_how-does-invoice-finance-work\ALP-033_slide-02.png,C:\Users\bosan\Downloads\house-of-diamonds-landing-main\ascend_instagram_library\03_generated_posts\ALP-033_how-does-invoice-finance-work\ALP-033_slide-03.png,C:\Users\bosan\Downloads\house-of-diamonds-landing-main\ascend_instagram_library\03_generated_posts\ALP-033_how-does-invoice-finance-work\ALP-033_slide-04.png,C:\Users\bosan\Downloads\house-of-diamonds-landing-main\ascend_instagram_library\03_generated_posts\ALP-033_how-does-invoice-finance-work\ALP-033_slide-05.png,"The mechanics are simpler than they sound: you issue an invoice as normal, the lender advances a percentage of its value up front, and the remainder is paid to you (minus fees) once your customer settles the invoice.

It's a facility built around your debtor book rather than your assets, which makes it particularly relevant for businesses whose biggest cash-flow drag is simply waiting to get paid on trading terms.

General information only. This does not constitute financial, legal, accounting or tax advice. Credit is subject to lender assessment, eligibility and approval criteria. Fees, charges, terms and conditions may apply.",#AscendLendingPartners #AustralianBusiness #BusinessFinance #SMEFinance #BusinessLending #InvoiceFinance #DebtorFinance #CashFlowSolutions,"The mechanics are simpler than they sound: you issue an invoice as normal, the lender advances a percentage of its value up front, and the remainder is paid to you (minus fees) once your customer settles the invoice.

It's a facility built around your debtor book rather than your assets, which makes it particularly relevant for businesses whose biggest cash-flow drag is simply waiting to get paid on trading terms.

General information only. This does not constitute financial, legal, accounting or tax advice. Credit is subject to lender assessment, eligibility and approval criteria. Fees, charges, terms and conditions may apply.

#AscendLendingPartners #AustralianBusiness #BusinessFinance #SMEFinance #BusinessLending #InvoiceFinance #DebtorFinance #CashFlowSolutions",pending,pending,,,
ALP-098,2026-08-13,08:00,C:\Users\bosan\Downloads\house-of-diamonds-landing-main\ascend_instagram_library\03_generated_posts\ALP-098_finance-for-transport-and-logistics-businesses\ALP-098_slide-01.png,C:\Users\bosan\Downloads\house-of-diamonds-landing-main\ascend_instagram_library\03_generated_posts\ALP-098_finance-for-transport-and-logistics-businesses\ALP-098_slide-02.png,C:\Users\bosan\Downloads\house-of-diamonds-landing-main\ascend_instagram_library\03_generated_posts\ALP-098_finance-for-transport-and-logistics-businesses\ALP-098_slide-03.png,C:\Users\bosan\Downloads\house-of-diamonds-landing-main\ascend_instagram_library\03_generated_posts\ALP-098_finance-for-transport-and-logistics-businesses\ALP-098_slide-04.png,C:\Users\bosan\Downloads\house-of-diamonds-landing-main\ascend_instagram_library\03_generated_posts\ALP-098_finance-for-transport-and-logistics-businesses\ALP-098_slide-05.png,"Transport and logistics businesses rely heavily on vehicles and equipment that carry significant upfront cost. Equipment finance is central here, letting operators grow or replace a fleet without paying full price outright, while working capital covers fuel and running costs.

Every industry has its own rhythm when it comes to cash flow and finance needs — understanding transport and logistics businesses's specific pattern is the first step to finding the right fit.

Vehicles are usually both the biggest asset and the biggest cost in transport — structuring finance around that reality matters.

General information only. This does not constitute financial, legal, accounting or tax advice. Credit is subject to lender assessment, eligibility and approval criteria. Fees, charges, terms and conditions may apply.",#AscendLendingPartners #AustralianBusiness #BusinessFinance #SMEFinance #BusinessLending #TransportFinance #FleetFinance #LogisticsBusiness,"Transport and logistics businesses rely heavily on vehicles and equipment that carry significant upfront cost. Equipment finance is central here, letting operators grow or replace a fleet without paying full price outright, while working capital covers fuel and running costs.

Every industry has its own rhythm when it comes to cash flow and finance needs — understanding transport and logistics businesses's specific pattern is the first step to finding the right fit.

Vehicles are usually both the biggest asset and the biggest cost in transport — structuring finance around that reality matters.

General information only. This does not constitute financial, legal, accounting or tax advice. Credit is subject to lender assessment, eligibility and approval criteria. Fees, charges, terms and conditions may apply.

#AscendLendingPartners #AustralianBusiness #BusinessFinance #SMEFinance #BusinessLending #TransportFinance #FleetFinance #LogisticsBusiness",pending,pending,,,
ALP-118,2026-08-13,11:40,C:\Users\bosan\Downloads\house-of-diamonds-landing-main\ascend_instagram_library\03_generated_posts\ALP-118_bad-credit-history-what-might-be-possible\ALP-118_slide-01.png,C:\Users\bosan\Downloads\house-of-diamonds-landing-main\ascend_instagram_library\03_generated_posts\ALP-118_bad-credit-history-what-might-be-possible\ALP-118_slide-02.png,C:\Users\bosan\Downloads\house-of-diamonds-landing-main\ascend_instagram_library\03_generated_posts\ALP-118_bad-credit-history-what-might-be-possible\ALP-118_slide-03.png,C:\Users\bosan\Downloads\house-of-diamonds-landing-main\ascend_instagram_library\03_generated_posts\ALP-118_bad-credit-history-what-might-be-possible\ALP-118_slide-04.png,C:\Users\bosan\Downloads\house-of-diamonds-landing-main\ascend_instagram_library\03_generated_posts\ALP-118_bad-credit-history-what-might-be-possible\ALP-118_slide-05.png,"A less-than-perfect credit history is more common than it might feel, and it doesn't automatically close every door — though it does typically mean navigating toward lenders who specialise in more complex situations, often with different terms than a standard facility.

Being upfront about your history from the outset, rather than hoping it goes unnoticed, tends to lead to a more realistic and productive conversation.

General information only. This does not constitute financial, legal, accounting or tax advice. Credit is subject to lender assessment, eligibility and approval criteria. Fees, charges, terms and conditions may apply.",#AscendLendingPartners #AustralianBusiness #BusinessFinance #SMEFinance #BusinessLending #CreditHistory #BusinessFinanceOptions #SecondChanceFinance,"A less-than-perfect credit history is more common than it might feel, and it doesn't automatically close every door — though it does typically mean navigating toward lenders who specialise in more complex situations, often with different terms than a standard facility.

Being upfront about your history from the outset, rather than hoping it goes unnoticed, tends to lead to a more realistic and productive conversation.

General information only. This does not constitute financial, legal, accounting or tax advice. Credit is subject to lender assessment, eligibility and approval criteria. Fees, charges, terms and conditions may apply.

#AscendLendingPartners #AustralianBusiness #BusinessFinance #SMEFinance #BusinessLending #CreditHistory #BusinessFinanceOptions #SecondChanceFinance",pending,pending,,,
ALP-018,2026-08-13,15:20,C:\Users\bosan\Downloads\house-of-diamonds-landing-main\ascend_instagram_library\03_generated_posts\ALP-018_cashflow-loan-vs-working-capital-loan\ALP-018_slide-01.png,C:\Users\bosan\Downloads\house-of-diamonds-landing-main\ascend_instagram_library\03_generated_posts\ALP-018_cashflow-loan-vs-working-capital-loan\ALP-018_slide-02.png,C:\Users\bosan\Downloads\house-of-diamonds-landing-main\ascend_instagram_library\03_generated_posts\ALP-018_cashflow-loan-vs-working-capital-loan\ALP-018_slide-03.png,C:\Users\bosan\Downloads\house-of-diamonds-landing-main\ascend_instagram_library\03_generated_posts\ALP-018_cashflow-loan-vs-working-capital-loan\ALP-018_slide-04.png,C:\Users\bosan\Downloads\house-of-diamonds-landing-main\ascend_instagram_library\03_generated_posts\ALP-018_cashflow-loan-vs-working-capital-loan\ALP-018_slide-05.png,"These two products get used interchangeably in conversation, but they're built for different situations.

A cashflow loan addresses a specific, short-term timing gap — expenses landing before revenue does. A working capital loan is built for the ongoing, ordinary running of the business, often with more flexible structures for needs that don't have a single end date.

General information only. This does not constitute financial, legal, accounting or tax advice. Credit is subject to lender assessment, eligibility and approval criteria. Fees, charges, terms and conditions may apply.",#AscendLendingPartners #CashflowVsWorkingCapital #CashFlowManagement #WorkingCapital #BusinessFinanceAustralia #SMEFinance #AustralianSmallBusiness #CommercialFinance #FinanceBrokerAustralia,"These two products get used interchangeably in conversation, but they're built for different situations.

A cashflow loan addresses a specific, short-term timing gap — expenses landing before revenue does. A working capital loan is built for the ongoing, ordinary running of the business, often with more flexible structures for needs that don't have a single end date.

General information only. This does not constitute financial, legal, accounting or tax advice. Credit is subject to lender assessment, eligibility and approval criteria. Fees, charges, terms and conditions may apply.

#AscendLendingPartners #CashflowVsWorkingCapital #CashFlowManagement #WorkingCapital #BusinessFinanceAustralia #SMEFinance #AustralianSmallBusiness #CommercialFinance #FinanceBrokerAustralia",pending,pending,,,
ALP-053,2026-08-13,19:00,C:\Users\bosan\Downloads\house-of-diamonds-landing-main\ascend_instagram_library\03_generated_posts\ALP-053_how-lenders-assess-a-new-business\ALP-053_slide-01.png,C:\Users\bosan\Downloads\house-of-diamonds-landing-main\ascend_instagram_library\03_generated_posts\ALP-053_how-lenders-assess-a-new-business\ALP-053_slide-02.png,C:\Users\bosan\Downloads\house-of-diamonds-landing-main\ascend_instagram_library\03_generated_posts\ALP-053_how-lenders-assess-a-new-business\ALP-053_slide-03.png,C:\Users\bosan\Downloads\house-of-diamonds-landing-main\ascend_instagram_library\03_generated_posts\ALP-053_how-lenders-assess-a-new-business\ALP-053_slide-04.png,C:\Users\bosan\Downloads\house-of-diamonds-landing-main\ascend_instagram_library\03_generated_posts\ALP-053_how-lenders-assess-a-new-business\ALP-053_slide-05.png,"Without years of trading history, lenders lean on other signals — the director's personal credit history, relevant industry experience, and whatever security can be offered — to form a view of risk.

Not every lender is set up to assess new businesses, which is where knowing which lenders specialise in this space can make a real difference to your options.

General information only. This does not constitute financial, legal, accounting or tax advice. Credit is subject to lender assessment, eligibility and approval criteria. Fees, charges, terms and conditions may apply.",#AscendLendingPartners #AustralianBusiness #BusinessFinance #SMEFinance #BusinessLending #StartupFinance #NewBusinessLoans #SMEFinance,"Without years of trading history, lenders lean on other signals — the director's personal credit history, relevant industry experience, and whatever security can be offered — to form a view of risk.

Not every lender is set up to assess new businesses, which is where knowing which lenders specialise in this space can make a real difference to your options.

General information only. This does not constitute financial, legal, accounting or tax advice. Credit is subject to lender assessment, eligibility and approval criteria. Fees, charges, terms and conditions may apply.

#AscendLendingPartners #AustralianBusiness #BusinessFinance #SMEFinance #BusinessLending #StartupFinance #NewBusinessLoans #SMEFinance",pending,pending,,,
ALP-068,2026-08-14,08:00,C:\Users\bosan\Downloads\house-of-diamonds-landing-main\ascend_instagram_library\03_generated_posts\ALP-068_how-to-read-a-cash-flow-forecast\ALP-068_slide-01.png,C:\Users\bosan\Downloads\house-of-diamonds-landing-main\ascend_instagram_library\03_generated_posts\ALP-068_how-to-read-a-cash-flow-forecast\ALP-068_slide-02.png,C:\Users\bosan\Downloads\house-of-diamonds-landing-main\ascend_instagram_library\03_generated_posts\ALP-068_how-to-read-a-cash-flow-forecast\ALP-068_slide-03.png,C:\Users\bosan\Downloads\house-of-diamonds-landing-main\ascend_instagram_library\03_generated_posts\ALP-068_how-to-read-a-cash-flow-forecast\ALP-068_slide-04.png,C:\Users\bosan\Downloads\house-of-diamonds-landing-main\ascend_instagram_library\03_generated_posts\ALP-068_how-to-read-a-cash-flow-forecast\ALP-068_slide-05.png,"The value of a cash flow forecast isn't perfect accuracy — it's early warning. A well-maintained forecast shows roughly when a shortfall might occur, giving you weeks rather than days to plan around it, whether that's adjusting spending or arranging finance ahead of time.

Even a simple spreadsheet, updated regularly, beats no forecast at all.

General information only. This does not constitute financial, legal, accounting or tax advice. Credit is subject to lender assessment, eligibility and approval criteria. Fees, charges, terms and conditions may apply.",#AscendLendingPartners #AustralianBusiness #BusinessFinance #SMEFinance #BusinessLending #CashFlowForecast #BusinessPlanning #FinanceEducation,"The value of a cash flow forecast isn't perfect accuracy — it's early warning. A well-maintained forecast shows roughly when a shortfall might occur, giving you weeks rather than days to plan around it, whether that's adjusting spending or arranging finance ahead of time.

Even a simple spreadsheet, updated regularly, beats no forecast at all.

General information only. This does not constitute financial, legal, accounting or tax advice. Credit is subject to lender assessment, eligibility and approval criteria. Fees, charges, terms and conditions may apply.

#AscendLendingPartners #AustralianBusiness #BusinessFinance #SMEFinance #BusinessLending #CashFlowForecast #BusinessPlanning #FinanceEducation",pending,pending,,,
ALP-083,2026-08-14,11:40,C:\Users\bosan\Downloads\house-of-diamonds-landing-main\ascend_instagram_library\03_generated_posts\ALP-083_fund-a-marketing-push-without-draining-cash\ALP-083_slide-01.png,C:\Users\bosan\Downloads\house-of-diamonds-landing-main\ascend_instagram_library\03_generated_posts\ALP-083_fund-a-marketing-push-without-draining-cash\ALP-083_slide-02.png,C:\Users\bosan\Downloads\house-of-diamonds-landing-main\ascend_instagram_library\03_generated_posts\ALP-083_fund-a-marketing-push-without-draining-cash\ALP-083_slide-03.png,C:\Users\bosan\Downloads\house-of-diamonds-landing-main\ascend_instagram_library\03_generated_posts\ALP-083_fund-a-marketing-push-without-draining-cash\ALP-083_slide-04.png,C:\Users\bosan\Downloads\house-of-diamonds-landing-main\ascend_instagram_library\03_generated_posts\ALP-083_fund-a-marketing-push-without-draining-cash\ALP-083_slide-05.png,"A bigger marketing push often needs bigger upfront spend before the return shows up — which is exactly the kind of timing gap finance is suited to. Funding it separately, rather than draining working capital, keeps the rest of the business running normally while the campaign plays out.

The key is sizing the facility to a specific, considered campaign — not an open-ended spend.

General information only. This does not constitute financial, legal, accounting or tax advice. Credit is subject to lender assessment, eligibility and approval criteria. Fees, charges, terms and conditions may apply.",#AscendLendingPartners #AustralianBusiness #BusinessFinance #SMEFinance #BusinessLending #MarketingFinance #BusinessGrowth #SMEStrategy,"A bigger marketing push often needs bigger upfront spend before the return shows up — which is exactly the kind of timing gap finance is suited to. Funding it separately, rather than draining working capital, keeps the rest of the business running normally while the campaign plays out.

The key is sizing the facility to a specific, considered campaign — not an open-ended spend.

General information only. This does not constitute financial, legal, accounting or tax advice. Credit is subject to lender assessment, eligibility and approval criteria. Fees, charges, terms and conditions may apply.

#AscendLendingPartners #AustralianBusiness #BusinessFinance #SMEFinance #BusinessLending #MarketingFinance #BusinessGrowth #SMEStrategy",pending,pending,,,
ALP-163,2026-08-14,15:20,C:\Users\bosan\Downloads\house-of-diamonds-landing-main\ascend_instagram_library\03_generated_posts\ALP-163_5-ways-to-strengthen-a-loan-application\ALP-163_slide-01.png,C:\Users\bosan\Downloads\house-of-diamonds-landing-main\ascend_instagram_library\03_generated_posts\ALP-163_5-ways-to-strengthen-a-loan-application\ALP-163_slide-02.png,C:\Users\bosan\Downloads\house-of-diamonds-landing-main\ascend_instagram_library\03_generated_posts\ALP-163_5-ways-to-strengthen-a-loan-application\ALP-163_slide-03.png,C:\Users\bosan\Downloads\house-of-diamonds-landing-main\ascend_instagram_library\03_generated_posts\ALP-163_5-ways-to-strengthen-a-loan-application\ALP-163_slide-04.png,C:\Users\bosan\Downloads\house-of-diamonds-landing-main\ascend_instagram_library\03_generated_posts\ALP-163_5-ways-to-strengthen-a-loan-application\ALP-163_slide-05.png,"There's no shortcut to a certain outcome, but there are genuine, practical steps that improve how a lender views your application — clean records, a clear purpose, and a realistic request all matter.

Taken together, they meaningfully shift the odds in your favour.

General information only. This does not constitute financial, legal, accounting or tax advice. Credit is subject to lender assessment, eligibility and approval criteria. Fees, charges, terms and conditions may apply.",#AscendLendingPartners #AustralianBusiness #BusinessFinance #SMEFinance #BusinessLending #LoanApprovalTips #FinancePreparation #SMEFinance,"There's no shortcut to a certain outcome, but there are genuine, practical steps that improve how a lender views your application — clean records, a clear purpose, and a realistic request all matter.

Taken together, they meaningfully shift the odds in your favour.

General information only. This does not constitute financial, legal, accounting or tax advice. Credit is subject to lender assessment, eligibility and approval criteria. Fees, charges, terms and conditions may apply.

#AscendLendingPartners #AustralianBusiness #BusinessFinance #SMEFinance #BusinessLending #LoanApprovalTips #FinancePreparation #SMEFinance",pending,pending,,,
ALP-148,2026-08-14,19:00,C:\Users\bosan\Downloads\house-of-diamonds-landing-main\ascend_instagram_library\03_generated_posts\ALP-148_how-brokers-compare-lenders-behind-the-scenes\ALP-148_slide-01.png,C:\Users\bosan\Downloads\house-of-diamonds-landing-main\ascend_instagram_library\03_generated_posts\ALP-148_how-brokers-compare-lenders-behind-the-scenes\ALP-148_slide-02.png,C:\Users\bosan\Downloads\house-of-diamonds-landing-main\ascend_instagram_library\03_generated_posts\ALP-148_how-brokers-compare-lenders-behind-the-scenes\ALP-148_slide-03.png,C:\Users\bosan\Downloads\house-of-diamonds-landing-main\ascend_instagram_library\03_generated_posts\ALP-148_how-brokers-compare-lenders-behind-the-scenes\ALP-148_slide-04.png,C:\Users\bosan\Downloads\house-of-diamonds-landing-main\ascend_instagram_library\03_generated_posts\ALP-148_how-brokers-compare-lenders-behind-the-scenes\ALP-148_slide-05.png,"A broker's recommendation isn't just a matter of finding the lowest number — it's a comparison across several factors, including how likely a lender is to approve your specific situation, and how the total facility cost and flexibility stack up.

It's entirely reasonable to ask a broker to walk through why they landed on a particular recommendation.

General information only. This does not constitute financial, legal, accounting or tax advice. Credit is subject to lender assessment, eligibility and approval criteria. Fees, charges, terms and conditions may apply.",#AscendLendingPartners #AustralianBusiness #BusinessFinance #SMEFinance #BusinessLending #FinanceBroker #LenderComparison #FinanceEducation,"A broker's recommendation isn't just a matter of finding the lowest number — it's a comparison across several factors, including how likely a lender is to approve your specific situation, and how the total facility cost and flexibility stack up.

It's entirely reasonable to ask a broker to walk through why they landed on a particular recommendation.

General information only. This does not constitute financial, legal, accounting or tax advice. Credit is subject to lender assessment, eligibility and approval criteria. Fees, charges, terms and conditions may apply.

#AscendLendingPartners #AustralianBusiness #BusinessFinance #SMEFinance #BusinessLending #FinanceBroker #LenderComparison #FinanceEducation",pending,pending,,,
ALP-138,2026-08-17,08:00,C:\Users\bosan\Downloads\house-of-diamonds-landing-main\ascend_instagram_library\03_generated_posts\ALP-138_myth-brokers-cost-you-extra\ALP-138_slide-01.png,C:\Users\bosan\Downloads\house-of-diamonds-landing-main\ascend_instagram_library\03_generated_posts\ALP-138_myth-brokers-cost-you-extra\ALP-138_slide-02.png,C:\Users\bosan\Downloads\house-of-diamonds-landing-main\ascend_instagram_library\03_generated_posts\ALP-138_myth-brokers-cost-you-extra\ALP-138_slide-03.png,C:\Users\bosan\Downloads\house-of-diamonds-landing-main\ascend_instagram_library\03_generated_posts\ALP-138_myth-brokers-cost-you-extra\ALP-138_slide-04.png,C:\Users\bosan\Downloads\house-of-diamonds-landing-main\ascend_instagram_library\03_generated_posts\ALP-138_myth-brokers-cost-you-extra\ALP-138_slide-05.png,"It's a fair assumption to question, but in the typical structure, a broker is paid by the lender once a facility settles — not by charging you directly. Confirming this upfront with any broker is a reasonable and easy first step.

General information only. This does not constitute financial, legal, accounting or tax advice. Credit is subject to lender assessment, eligibility and approval criteria. Fees, charges, terms and conditions may apply.",#AscendLendingPartners #AustralianBusiness #BusinessFinance #SMEFinance #BusinessLending #FinanceBroker #BrokerMyths #BusinessFinanceMyths,"It's a fair assumption to question, but in the typical structure, a broker is paid by the lender once a facility settles — not by charging you directly. Confirming this upfront with any broker is a reasonable and easy first step.

General information only. This does not constitute financial, legal, accounting or tax advice. Credit is subject to lender assessment, eligibility and approval criteria. Fees, charges, terms and conditions may apply.

#AscendLendingPartners #AustralianBusiness #BusinessFinance #SMEFinance #BusinessLending #FinanceBroker #BrokerMyths #BusinessFinanceMyths",pending,pending,,,
ALP-006,2026-08-17,11:40,C:\Users\bosan\Downloads\house-of-diamonds-landing-main\ascend_instagram_library\03_generated_posts\ALP-006_unsecured-business-loans\ALP-006_slide-01.png,C:\Users\bosan\Downloads\house-of-diamonds-landing-main\ascend_instagram_library\03_generated_posts\ALP-006_unsecured-business-loans\ALP-006_slide-02.png,C:\Users\bosan\Downloads\house-of-diamonds-landing-main\ascend_instagram_library\03_generated_posts\ALP-006_unsecured-business-loans\ALP-006_slide-03.png,C:\Users\bosan\Downloads\house-of-diamonds-landing-main\ascend_instagram_library\03_generated_posts\ALP-006_unsecured-business-loans\ALP-006_slide-04.png,C:\Users\bosan\Downloads\house-of-diamonds-landing-main\ascend_instagram_library\03_generated_posts\ALP-006_unsecured-business-loans\ALP-006_slide-05.png,"Not every business owns property, and not every business wants to put it up as security even when they do.

Unsecured business loans are assessed on how the business performs — revenue, trading history and bank statement conduct — rather than what it owns. A personal guarantee from a director is still typically part of the structure, even without property involved.

Wondering if your business would be assessed on performance alone? Reach out.

General information only. This does not constitute financial, legal, accounting or tax advice. Credit is subject to lender assessment, eligibility and approval criteria. Fees, charges, terms and conditions may apply.",#AscendLendingPartners #UnsecuredBusinessLoans #BusinessFinanceAustralia #SMEFinance #AustralianSmallBusiness #CommercialFinance #CashFlowManagement #FinanceBrokerAustralia #BusinessGrowthAU #WorkingCapital,"Not every business owns property, and not every business wants to put it up as security even when they do.

Unsecured business loans are assessed on how the business performs — revenue, trading history and bank statement conduct — rather than what it owns. A personal guarantee from a director is still typically part of the structure, even without property involved.

Wondering if your business would be assessed on performance alone? Reach out.

General information only. This does not constitute financial, legal, accounting or tax advice. Credit is subject to lender assessment, eligibility and approval criteria. Fees, charges, terms and conditions may apply.

#AscendLendingPartners #UnsecuredBusinessLoans #BusinessFinanceAustralia #SMEFinance #AustralianSmallBusiness #CommercialFinance #CashFlowManagement #FinanceBrokerAustralia #BusinessGrowthAU #WorkingCapital",pending,pending,,,
ALP-014,2026-08-17,15:20,C:\Users\bosan\Downloads\house-of-diamonds-landing-main\ascend_instagram_library\03_generated_posts\ALP-014_short-term-business-loans\ALP-014_slide-01.png,C:\Users\bosan\Downloads\house-of-diamonds-landing-main\ascend_instagram_library\03_generated_posts\ALP-014_short-term-business-loans\ALP-014_slide-02.png,C:\Users\bosan\Downloads\house-of-diamonds-landing-main\ascend_instagram_library\03_generated_posts\ALP-014_short-term-business-loans\ALP-014_slide-03.png,C:\Users\bosan\Downloads\house-of-diamonds-landing-main\ascend_instagram_library\03_generated_posts\ALP-014_short-term-business-loans\ALP-014_slide-04.png,C:\Users\bosan\Downloads\house-of-diamonds-landing-main\ascend_instagram_library\03_generated_posts\ALP-014_short-term-business-loans\ALP-014_slide-05.png,"Some funding needs aren't ongoing — they're tied to a specific moment: a property settlement a few weeks out, a contract payment on its way, or a refinance already in motion.

Short-term business loans are built for exactly that window, with terms typically running from a few months up to around two years, rather than a long-term commitment you don't actually need.

Can you see the exit already? Let's talk about bridging the gap to it.

General information only. This does not constitute financial, legal, accounting or tax advice. Credit is subject to lender assessment, eligibility and approval criteria. Fees, charges, terms and conditions may apply.",#AscendLendingPartners #ShortTermBusinessLoans #BridgingFinance #BusinessFinanceAustralia #CommercialFinance #SMEFinance #AustralianSmallBusiness #PropertyFinance #FinanceBrokerAustralia #CashFlowManagement,"Some funding needs aren't ongoing — they're tied to a specific moment: a property settlement a few weeks out, a contract payment on its way, or a refinance already in motion.

Short-term business loans are built for exactly that window, with terms typically running from a few months up to around two years, rather than a long-term commitment you don't actually need.

Can you see the exit already? Let's talk about bridging the gap to it.

General information only. This does not constitute financial, legal, accounting or tax advice. Credit is subject to lender assessment, eligibility and approval criteria. Fees, charges, terms and conditions may apply.

#AscendLendingPartners #ShortTermBusinessLoans #BridgingFinance #BusinessFinanceAustralia #CommercialFinance #SMEFinance #AustralianSmallBusiness #PropertyFinance #FinanceBrokerAustralia #CashFlowManagement",pending,pending,,,
ALP-179,2026-08-17,19:00,C:\Users\bosan\Downloads\house-of-diamonds-landing-main\ascend_instagram_library\03_generated_posts\ALP-179_busiest-season-about-to-start\ALP-179_slide-01.png,C:\Users\bosan\Downloads\house-of-diamonds-landing-main\ascend_instagram_library\03_generated_posts\ALP-179_busiest-season-about-to-start\ALP-179_slide-02.png,C:\Users\bosan\Downloads\house-of-diamonds-landing-main\ascend_instagram_library\03_generated_posts\ALP-179_busiest-season-about-to-start\ALP-179_slide-03.png,C:\Users\bosan\Downloads\house-of-diamonds-landing-main\ascend_instagram_library\03_generated_posts\ALP-179_busiest-season-about-to-start\ALP-179_slide-04.png,C:\Users\bosan\Downloads\house-of-diamonds-landing-main\ascend_instagram_library\03_generated_posts\ALP-179_busiest-season-about-to-start\ALP-179_slide-05.png,"If you know your busy season is coming, the extra cash-flow demand it creates is just as predictable — which means it can be planned for well in advance, rather than addressed under time pressure once the rush has already started.

Getting a facility arranged ahead of time means you can focus entirely on trading once the season actually begins.

General information only. This does not constitute financial, legal, accounting or tax advice. Credit is subject to lender assessment, eligibility and approval criteria. Fees, charges, terms and conditions may apply.",#AscendLendingPartners #AustralianBusiness #BusinessFinance #SMEFinance #BusinessLending #SeasonalBusiness #BusinessLineOfCredit #SMEFinanceTips,"If you know your busy season is coming, the extra cash-flow demand it creates is just as predictable — which means it can be planned for well in advance, rather than addressed under time pressure once the rush has already started.

Getting a facility arranged ahead of time means you can focus entirely on trading once the season actually begins.

General information only. This does not constitute financial, legal, accounting or tax advice. Credit is subject to lender assessment, eligibility and approval criteria. Fees, charges, terms and conditions may apply.

#AscendLendingPartners #AustralianBusiness #BusinessFinance #SMEFinance #BusinessLending #SeasonalBusiness #BusinessLineOfCredit #SMEFinanceTips",pending,pending,,,
ALP-034,2026-08-18,08:00,C:\Users\bosan\Downloads\house-of-diamonds-landing-main\ascend_instagram_library\03_generated_posts\ALP-034_how-does-equipment-finance-work\ALP-034_slide-01.png,C:\Users\bosan\Downloads\house-of-diamonds-landing-main\ascend_instagram_library\03_generated_posts\ALP-034_how-does-equipment-finance-work\ALP-034_slide-02.png,C:\Users\bosan\Downloads\house-of-diamonds-landing-main\ascend_instagram_library\03_generated_posts\ALP-034_how-does-equipment-finance-work\ALP-034_slide-03.png,C:\Users\bosan\Downloads\house-of-diamonds-landing-main\ascend_instagram_library\03_generated_posts\ALP-034_how-does-equipment-finance-work\ALP-034_slide-04.png,C:\Users\bosan\Downloads\house-of-diamonds-landing-main\ascend_instagram_library\03_generated_posts\ALP-034_how-does-equipment-finance-work\ALP-034_slide-05.png,"Rather than paying cash for a vehicle, machine or piece of technology, equipment finance spreads the cost over time — with the asset itself typically standing as security for the facility.

Structures vary: some agreements are set up so you fully own the asset at the end, others include a balloon or residual payment to lower regular repayments. The right structure depends on how the asset will be used and how long you plan to keep it.

General information only. This does not constitute financial, legal, accounting or tax advice. Credit is subject to lender assessment, eligibility and approval criteria. Fees, charges, terms and conditions may apply.",#AscendLendingPartners #AustralianBusiness #BusinessFinance #SMEFinance #BusinessLending #EquipmentFinance #AssetFinance #BusinessEquipment,"Rather than paying cash for a vehicle, machine or piece of technology, equipment finance spreads the cost over time — with the asset itself typically standing as security for the facility.

Structures vary: some agreements are set up so you fully own the asset at the end, others include a balloon or residual payment to lower regular repayments. The right structure depends on how the asset will be used and how long you plan to keep it.

General information only. This does not constitute financial, legal, accounting or tax advice. Credit is subject to lender assessment, eligibility and approval criteria. Fees, charges, terms and conditions may apply.

#AscendLendingPartners #AustralianBusiness #BusinessFinance #SMEFinance #BusinessLending #EquipmentFinance #AssetFinance #BusinessEquipment",pending,pending,,,
ALP-099,2026-08-18,11:40,C:\Users\bosan\Downloads\house-of-diamonds-landing-main\ascend_instagram_library\03_generated_posts\ALP-099_finance-for-medical-and-allied-health-practices\ALP-099_slide-01.png,C:\Users\bosan\Downloads\house-of-diamonds-landing-main\ascend_instagram_library\03_generated_posts\ALP-099_finance-for-medical-and-allied-health-practices\ALP-099_slide-02.png,C:\Users\bosan\Downloads\house-of-diamonds-landing-main\ascend_instagram_library\03_generated_posts\ALP-099_finance-for-medical-and-allied-health-practices\ALP-099_slide-03.png,C:\Users\bosan\Downloads\house-of-diamonds-landing-main\ascend_instagram_library\03_generated_posts\ALP-099_finance-for-medical-and-allied-health-practices\ALP-099_slide-04.png,C:\Users\bosan\Downloads\house-of-diamonds-landing-main\ascend_instagram_library\03_generated_posts\ALP-099_finance-for-medical-and-allied-health-practices\ALP-099_slide-05.png,"Medical and allied health practices often need significant equipment investment, alongside steady but appointment-driven revenue. Equipment finance supports upgrading clinical tools, while working capital can smooth the timing between billing and payment, including from funding bodies.

Every industry has its own rhythm when it comes to cash flow and finance needs — understanding medical and allied health practices's specific pattern is the first step to finding the right fit.

Between clinical equipment and appointment-driven billing cycles, healthcare businesses have specific finance needs worth planning for.

General information only. This does not constitute financial, legal, accounting or tax advice. Credit is subject to lender assessment, eligibility and approval criteria. Fees, charges, terms and conditions may apply.",#AscendLendingPartners #AustralianBusiness #BusinessFinance #SMEFinance #BusinessLending #HealthcareFinance #MedicalPracticeFinance #AlliedHealthFinance,"Medical and allied health practices often need significant equipment investment, alongside steady but appointment-driven revenue. Equipment finance supports upgrading clinical tools, while working capital can smooth the timing between billing and payment, including from funding bodies.

Every industry has its own rhythm when it comes to cash flow and finance needs — understanding medical and allied health practices's specific pattern is the first step to finding the right fit.

Between clinical equipment and appointment-driven billing cycles, healthcare businesses have specific finance needs worth planning for.

General information only. This does not constitute financial, legal, accounting or tax advice. Credit is subject to lender assessment, eligibility and approval criteria. Fees, charges, terms and conditions may apply.

#AscendLendingPartners #AustralianBusiness #BusinessFinance #SMEFinance #BusinessLending #HealthcareFinance #MedicalPracticeFinance #AlliedHealthFinance",pending,pending,,,
ALP-119,2026-08-18,15:20,C:\Users\bosan\Downloads\house-of-diamonds-landing-main\ascend_instagram_library\03_generated_posts\ALP-119_not-enough-trading-history\ALP-119_slide-01.png,C:\Users\bosan\Downloads\house-of-diamonds-landing-main\ascend_instagram_library\03_generated_posts\ALP-119_not-enough-trading-history\ALP-119_slide-02.png,C:\Users\bosan\Downloads\house-of-diamonds-landing-main\ascend_instagram_library\03_generated_posts\ALP-119_not-enough-trading-history\ALP-119_slide-03.png,C:\Users\bosan\Downloads\house-of-diamonds-landing-main\ascend_instagram_library\03_generated_posts\ALP-119_not-enough-trading-history\ALP-119_slide-04.png,C:\Users\bosan\Downloads\house-of-diamonds-landing-main\ascend_instagram_library\03_generated_posts\ALP-119_not-enough-trading-history\ALP-119_slide-05.png,"It's a genuinely common concern, and a fair one — many mainstream lenders do want to see a track record. But that's not the whole lending market. Specialist lenders exist specifically for newer businesses, often weighing director experience and available security more heavily than years traded.

Rather than assuming you're not ready, it's worth having the conversation and finding out what's actually available at your current stage.

General information only. This does not constitute financial, legal, accounting or tax advice. Credit is subject to lender assessment, eligibility and approval criteria. Fees, charges, terms and conditions may apply.",#AscendLendingPartners #AustralianBusiness #BusinessFinance #SMEFinance #BusinessLending #StartupFinance #NewBusinessLoans #SMEFinance,"It's a genuinely common concern, and a fair one — many mainstream lenders do want to see a track record. But that's not the whole lending market. Specialist lenders exist specifically for newer businesses, often weighing director experience and available security more heavily than years traded.

Rather than assuming you're not ready, it's worth having the conversation and finding out what's actually available at your current stage.

General information only. This does not constitute financial, legal, accounting or tax advice. Credit is subject to lender assessment, eligibility and approval criteria. Fees, charges, terms and conditions may apply.

#AscendLendingPartners #AustralianBusiness #BusinessFinance #SMEFinance #BusinessLending #StartupFinance #NewBusinessLoans #SMEFinance",pending,pending,,,
ALP-019,2026-08-18,19:00,C:\Users\bosan\Downloads\house-of-diamonds-landing-main\ascend_instagram_library\03_generated_posts\ALP-019_invoice-finance-vs-business-loan\ALP-019_slide-01.png,C:\Users\bosan\Downloads\house-of-diamonds-landing-main\ascend_instagram_library\03_generated_posts\ALP-019_invoice-finance-vs-business-loan\ALP-019_slide-02.png,C:\Users\bosan\Downloads\house-of-diamonds-landing-main\ascend_instagram_library\03_generated_posts\ALP-019_invoice-finance-vs-business-loan\ALP-019_slide-03.png,C:\Users\bosan\Downloads\house-of-diamonds-landing-main\ascend_instagram_library\03_generated_posts\ALP-019_invoice-finance-vs-business-loan\ALP-019_slide-04.png,C:\Users\bosan\Downloads\house-of-diamonds-landing-main\ascend_instagram_library\03_generated_posts\ALP-019_invoice-finance-vs-business-loan\ALP-019_slide-05.png,"If your cash-flow gap comes from waiting on customers rather than needing new capital altogether, the right tool might not be a loan at all.

A business loan is new debt assessed against overall revenue. Invoice finance advances money against invoices you've already issued, typically scaling with your invoicing activity rather than requiring a fresh application each time.

General information only. This does not constitute financial, legal, accounting or tax advice. Credit is subject to lender assessment, eligibility and approval criteria. Fees, charges, terms and conditions may apply.",#AscendLendingPartners #InvoiceFinance #BusinessLoans #B2BFinance #CashFlowManagement #BusinessFinanceAustralia #SMEFinance #AustralianSmallBusiness #FinanceBrokerAustralia,"If your cash-flow gap comes from waiting on customers rather than needing new capital altogether, the right tool might not be a loan at all.

A business loan is new debt assessed against overall revenue. Invoice finance advances money against invoices you've already issued, typically scaling with your invoicing activity rather than requiring a fresh application each time.

General information only. This does not constitute financial, legal, accounting or tax advice. Credit is subject to lender assessment, eligibility and approval criteria. Fees, charges, terms and conditions may apply.

#AscendLendingPartners #InvoiceFinance #BusinessLoans #B2BFinance #CashFlowManagement #BusinessFinanceAustralia #SMEFinance #AustralianSmallBusiness #FinanceBrokerAustralia",pending,pending,,,
ALP-054,2026-08-19,08:00,C:\Users\bosan\Downloads\house-of-diamonds-landing-main\ascend_instagram_library\03_generated_posts\ALP-054_what-is-your-credit-file\ALP-054_slide-01.png,C:\Users\bosan\Downloads\house-of-diamonds-landing-main\ascend_instagram_library\03_generated_posts\ALP-054_what-is-your-credit-file\ALP-054_slide-02.png,C:\Users\bosan\Downloads\house-of-diamonds-landing-main\ascend_instagram_library\03_generated_posts\ALP-054_what-is-your-credit-file\ALP-054_slide-03.png,C:\Users\bosan\Downloads\house-of-diamonds-landing-main\ascend_instagram_library\03_generated_posts\ALP-054_what-is-your-credit-file\ALP-054_slide-04.png,C:\Users\bosan\Downloads\house-of-diamonds-landing-main\ascend_instagram_library\03_generated_posts\ALP-054_what-is-your-credit-file\ALP-054_slide-05.png,"A credit file is essentially a track record — how you've managed credit in the past, including repayment history, defaults, and recent enquiries. For business lending, both the business's and the director's personal credit files can come into play, especially where a personal guarantee is involved.

It's worth reviewing your own file before applying so there are no surprises, and correcting anything inaccurate ahead of time.

General information only. This does not constitute financial, legal, accounting or tax advice. Credit is subject to lender assessment, eligibility and approval criteria. Fees, charges, terms and conditions may apply.",#AscendLendingPartners #AustralianBusiness #BusinessFinance #SMEFinance #BusinessLending #CreditFile #BusinessCredit #FinanceEducation,"A credit file is essentially a track record — how you've managed credit in the past, including repayment history, defaults, and recent enquiries. For business lending, both the business's and the director's personal credit files can come into play, especially where a personal guarantee is involved.

It's worth reviewing your own file before applying so there are no surprises, and correcting anything inaccurate ahead of time.

General information only. This does not constitute financial, legal, accounting or tax advice. Credit is subject to lender assessment, eligibility and approval criteria. Fees, charges, terms and conditions may apply.

#AscendLendingPartners #AustralianBusiness #BusinessFinance #SMEFinance #BusinessLending #CreditFile #BusinessCredit #FinanceEducation",pending,pending,,,
ALP-069,2026-08-19,11:40,C:\Users\bosan\Downloads\house-of-diamonds-landing-main\ascend_instagram_library\03_generated_posts\ALP-069_cash-flow-gap-and-how-finance-bridges-it\ALP-069_slide-01.png,C:\Users\bosan\Downloads\house-of-diamonds-landing-main\ascend_instagram_library\03_generated_posts\ALP-069_cash-flow-gap-and-how-finance-bridges-it\ALP-069_slide-02.png,C:\Users\bosan\Downloads\house-of-diamonds-landing-main\ascend_instagram_library\03_generated_posts\ALP-069_cash-flow-gap-and-how-finance-bridges-it\ALP-069_slide-03.png,C:\Users\bosan\Downloads\house-of-diamonds-landing-main\ascend_instagram_library\03_generated_posts\ALP-069_cash-flow-gap-and-how-finance-bridges-it\ALP-069_slide-04.png,C:\Users\bosan\Downloads\house-of-diamonds-landing-main\ascend_instagram_library\03_generated_posts\ALP-069_cash-flow-gap-and-how-finance-bridges-it\ALP-069_slide-05.png,"A cash flow gap is purely about timing — the days or weeks where bills fall due before customer payments land. It's different to a business that's structurally losing money, and it's exactly what short-term finance is designed to address.

The key is being clear-eyed about which situation you're actually in, since a timing gap and an ongoing shortfall call for very different responses.

General information only. This does not constitute financial, legal, accounting or tax advice. Credit is subject to lender assessment, eligibility and approval criteria. Fees, charges, terms and conditions may apply.",#AscendLendingPartners #AustralianBusiness #BusinessFinance #SMEFinance #BusinessLending #CashFlowGap #BridgingFinance #SMEFinance,"A cash flow gap is purely about timing — the days or weeks where bills fall due before customer payments land. It's different to a business that's structurally losing money, and it's exactly what short-term finance is designed to address.

The key is being clear-eyed about which situation you're actually in, since a timing gap and an ongoing shortfall call for very different responses.

General information only. This does not constitute financial, legal, accounting or tax advice. Credit is subject to lender assessment, eligibility and approval criteria. Fees, charges, terms and conditions may apply.

#AscendLendingPartners #AustralianBusiness #BusinessFinance #SMEFinance #BusinessLending #CashFlowGap #BridgingFinance #SMEFinance",pending,pending,,,
ALP-084,2026-08-19,15:20,C:\Users\bosan\Downloads\house-of-diamonds-landing-main\ascend_instagram_library\03_generated_posts\ALP-084_finance-hiring-ahead-of-demand\ALP-084_slide-01.png,C:\Users\bosan\Downloads\house-of-diamonds-landing-main\ascend_instagram_library\03_generated_posts\ALP-084_finance-hiring-ahead-of-demand\ALP-084_slide-02.png,C:\Users\bosan\Downloads\house-of-diamonds-landing-main\ascend_instagram_library\03_generated_posts\ALP-084_finance-hiring-ahead-of-demand\ALP-084_slide-03.png,C:\Users\bosan\Downloads\house-of-diamonds-landing-main\ascend_instagram_library\03_generated_posts\ALP-084_finance-hiring-ahead-of-demand\ALP-084_slide-04.png,C:\Users\bosan\Downloads\house-of-diamonds-landing-main\ascend_instagram_library\03_generated_posts\ALP-084_finance-hiring-ahead-of-demand\ALP-084_slide-05.png,"Waiting until cash flow ""allows"" for a new hire can mean missing the window a role was actually meant to address — a busy season, a new contract, or a growth opportunity that needs capacity now, not later.

Working capital finance exists precisely for this kind of timing gap, letting hiring decisions be made on need rather than on what's currently sitting in the account.

General information only. This does not constitute financial, legal, accounting or tax advice. Credit is subject to lender assessment, eligibility and approval criteria. Fees, charges, terms and conditions may apply.",#AscendLendingPartners #AustralianBusiness #BusinessFinance #SMEFinance #BusinessLending #BusinessHiring #WorkingCapital #GrowthFinance,"Waiting until cash flow ""allows"" for a new hire can mean missing the window a role was actually meant to address — a busy season, a new contract, or a growth opportunity that needs capacity now, not later.

Working capital finance exists precisely for this kind of timing gap, letting hiring decisions be made on need rather than on what's currently sitting in the account.

General information only. This does not constitute financial, legal, accounting or tax advice. Credit is subject to lender assessment, eligibility and approval criteria. Fees, charges, terms and conditions may apply.

#AscendLendingPartners #AustralianBusiness #BusinessFinance #SMEFinance #BusinessLending #BusinessHiring #WorkingCapital #GrowthFinance",pending,pending,,,
ALP-164,2026-08-19,19:00,C:\Users\bosan\Downloads\house-of-diamonds-landing-main\ascend_instagram_library\03_generated_posts\ALP-164_8-costs-to-factor-into-equipment-purchase\ALP-164_slide-01.png,C:\Users\bosan\Downloads\house-of-diamonds-landing-main\ascend_instagram_library\03_generated_posts\ALP-164_8-costs-to-factor-into-equipment-purchase\ALP-164_slide-02.png,C:\Users\bosan\Downloads\house-of-diamonds-landing-main\ascend_instagram_library\03_generated_posts\ALP-164_8-costs-to-factor-into-equipment-purchase\ALP-164_slide-03.png,C:\Users\bosan\Downloads\house-of-diamonds-landing-main\ascend_instagram_library\03_generated_posts\ALP-164_8-costs-to-factor-into-equipment-purchase\ALP-164_slide-04.png,C:\Users\bosan\Downloads\house-of-diamonds-landing-main\ascend_instagram_library\03_generated_posts\ALP-164_8-costs-to-factor-into-equipment-purchase\ALP-164_slide-05.png,"The purchase price is just the starting point — delivery, training, maintenance, insurance and even downtime during installation all add to the real cost of new equipment.

Factoring these in upfront means the finance you arrange actually covers the full picture, not just the sticker price.

General information only. This does not constitute financial, legal, accounting or tax advice. Credit is subject to lender assessment, eligibility and approval criteria. Fees, charges, terms and conditions may apply.",#AscendLendingPartners #AustralianBusiness #BusinessFinance #SMEFinance #BusinessLending #EquipmentFinance #BusinessEquipment #SMEFinanceTips,"The purchase price is just the starting point — delivery, training, maintenance, insurance and even downtime during installation all add to the real cost of new equipment.

Factoring these in upfront means the finance you arrange actually covers the full picture, not just the sticker price.

General information only. This does not constitute financial, legal, accounting or tax advice. Credit is subject to lender assessment, eligibility and approval criteria. Fees, charges, terms and conditions may apply.

#AscendLendingPartners #AustralianBusiness #BusinessFinance #SMEFinance #BusinessLending #EquipmentFinance #BusinessEquipment #SMEFinanceTips",pending,pending,,,
ALP-149,2026-08-20,08:00,C:\Users\bosan\Downloads\house-of-diamonds-landing-main\ascend_instagram_library\03_generated_posts\ALP-149_what-happens-after-you-submit-an-application\ALP-149_slide-01.png,C:\Users\bosan\Downloads\house-of-diamonds-landing-main\ascend_instagram_library\03_generated_posts\ALP-149_what-happens-after-you-submit-an-application\ALP-149_slide-02.png,C:\Users\bosan\Downloads\house-of-diamonds-landing-main\ascend_instagram_library\03_generated_posts\ALP-149_what-happens-after-you-submit-an-application\ALP-149_slide-03.png,C:\Users\bosan\Downloads\house-of-diamonds-landing-main\ascend_instagram_library\03_generated_posts\ALP-149_what-happens-after-you-submit-an-application\ALP-149_slide-04.png,C:\Users\bosan\Downloads\house-of-diamonds-landing-main\ascend_instagram_library\03_generated_posts\ALP-149_what-happens-after-you-submit-an-application\ALP-149_slide-05.png,"The period after submitting an application can feel like a black box, but there's genuine work happening — verification, credit checks, and serviceability assessment all take time, even when nothing visible seems to be occurring.

A broker's role at this stage includes following up on your behalf, so you're not left guessing.

General information only. This does not constitute financial, legal, accounting or tax advice. Credit is subject to lender assessment, eligibility and approval criteria. Fees, charges, terms and conditions may apply.",#AscendLendingPartners #AustralianBusiness #BusinessFinance #SMEFinance #BusinessLending #LoanApplication #BusinessFinanceProcess #FinanceEducation,"The period after submitting an application can feel like a black box, but there's genuine work happening — verification, credit checks, and serviceability assessment all take time, even when nothing visible seems to be occurring.

A broker's role at this stage includes following up on your behalf, so you're not left guessing.

General information only. This does not constitute financial, legal, accounting or tax advice. Credit is subject to lender assessment, eligibility and approval criteria. Fees, charges, terms and conditions may apply.

#AscendLendingPartners #AustralianBusiness #BusinessFinance #SMEFinance #BusinessLending #LoanApplication #BusinessFinanceProcess #FinanceEducation",pending,pending,,,
ALP-139,2026-08-20,11:40,C:\Users\bosan\Downloads\house-of-diamonds-landing-main\ascend_instagram_library\03_generated_posts\ALP-139_myth-need-years-of-trading-history\ALP-139_slide-01.png,C:\Users\bosan\Downloads\house-of-diamonds-landing-main\ascend_instagram_library\03_generated_posts\ALP-139_myth-need-years-of-trading-history\ALP-139_slide-02.png,C:\Users\bosan\Downloads\house-of-diamonds-landing-main\ascend_instagram_library\03_generated_posts\ALP-139_myth-need-years-of-trading-history\ALP-139_slide-03.png,C:\Users\bosan\Downloads\house-of-diamonds-landing-main\ascend_instagram_library\03_generated_posts\ALP-139_myth-need-years-of-trading-history\ALP-139_slide-04.png,C:\Users\bosan\Downloads\house-of-diamonds-landing-main\ascend_instagram_library\03_generated_posts\ALP-139_myth-need-years-of-trading-history\ALP-139_slide-05.png,"This assumption stops a lot of newer businesses from even asking — but trading history requirements vary enormously across the lending market, and several lenders specialise specifically in newer businesses.

General information only. This does not constitute financial, legal, accounting or tax advice. Credit is subject to lender assessment, eligibility and approval criteria. Fees, charges, terms and conditions may apply.",#AscendLendingPartners #AustralianBusiness #BusinessFinance #SMEFinance #BusinessLending #StartupFinance #NewBusinessMyths #BusinessFinanceMyths,"This assumption stops a lot of newer businesses from even asking — but trading history requirements vary enormously across the lending market, and several lenders specialise specifically in newer businesses.

General information only. This does not constitute financial, legal, accounting or tax advice. Credit is subject to lender assessment, eligibility and approval criteria. Fees, charges, terms and conditions may apply.

#AscendLendingPartners #AustralianBusiness #BusinessFinance #SMEFinance #BusinessLending #StartupFinance #NewBusinessMyths #BusinessFinanceMyths",pending,pending,,,
ALP-007,2026-08-20,15:20,C:\Users\bosan\Downloads\house-of-diamonds-landing-main\ascend_instagram_library\03_generated_posts\ALP-007_secured-business-loans\ALP-007_slide-01.png,C:\Users\bosan\Downloads\house-of-diamonds-landing-main\ascend_instagram_library\03_generated_posts\ALP-007_secured-business-loans\ALP-007_slide-02.png,C:\Users\bosan\Downloads\house-of-diamonds-landing-main\ascend_instagram_library\03_generated_posts\ALP-007_secured-business-loans\ALP-007_slide-03.png,C:\Users\bosan\Downloads\house-of-diamonds-landing-main\ascend_instagram_library\03_generated_posts\ALP-007_secured-business-loans\ALP-007_slide-04.png,C:\Users\bosan\Downloads\house-of-diamonds-landing-main\ascend_instagram_library\03_generated_posts\ALP-007_secured-business-loans\ALP-007_slide-05.png,"Offering security doesn't just reduce lender risk — depending on the asset and lender, it can also open the door to larger facilities, longer terms, and potentially sharper pricing than an equivalent unsecured loan.

Property, equipment and other business assets can all be considered, with loan-to-value ratios and documentation requirements varying by lender and asset type.

Curious what your assets could support? Let's talk it through.

General information only. This does not constitute financial, legal, accounting or tax advice. Credit is subject to lender assessment, eligibility and approval criteria. Fees, charges, terms and conditions may apply.",#AscendLendingPartners #SecuredBusinessLoans #BusinessFinanceAustralia #CommercialFinance #PropertyFinance #AustralianSmallBusiness #SMEFinance #BusinessGrowthAU #FinanceBrokerAustralia #AssetFinance,"Offering security doesn't just reduce lender risk — depending on the asset and lender, it can also open the door to larger facilities, longer terms, and potentially sharper pricing than an equivalent unsecured loan.

Property, equipment and other business assets can all be considered, with loan-to-value ratios and documentation requirements varying by lender and asset type.

Curious what your assets could support? Let's talk it through.

General information only. This does not constitute financial, legal, accounting or tax advice. Credit is subject to lender assessment, eligibility and approval criteria. Fees, charges, terms and conditions may apply.

#AscendLendingPartners #SecuredBusinessLoans #BusinessFinanceAustralia #CommercialFinance #PropertyFinance #AustralianSmallBusiness #SMEFinance #BusinessGrowthAU #FinanceBrokerAustralia #AssetFinance",pending,pending,,,
ALP-180,2026-08-20,19:00,C:\Users\bosan\Downloads\house-of-diamonds-landing-main\ascend_instagram_library\03_generated_posts\ALP-180_bulk-discount-you-cant-quite-afford\ALP-180_slide-01.png,C:\Users\bosan\Downloads\house-of-diamonds-landing-main\ascend_instagram_library\03_generated_posts\ALP-180_bulk-discount-you-cant-quite-afford\ALP-180_slide-02.png,C:\Users\bosan\Downloads\house-of-diamonds-landing-main\ascend_instagram_library\03_generated_posts\ALP-180_bulk-discount-you-cant-quite-afford\ALP-180_slide-03.png,C:\Users\bosan\Downloads\house-of-diamonds-landing-main\ascend_instagram_library\03_generated_posts\ALP-180_bulk-discount-you-cant-quite-afford\ALP-180_slide-04.png,C:\Users\bosan\Downloads\house-of-diamonds-landing-main\ascend_instagram_library\03_generated_posts\ALP-180_bulk-discount-you-cant-quite-afford\ALP-180_slide-05.png,"A genuine bulk discount is worth taking seriously, but only if it doesn't come at the cost of cash you need elsewhere — which is exactly the kind of trade-off short-term finance is built to solve.

The maths only works if the saving outweighs the cost of finance, so it's worth running the numbers even when the clock is ticking on the offer.

General information only. This does not constitute financial, legal, accounting or tax advice. Credit is subject to lender assessment, eligibility and approval criteria. Fees, charges, terms and conditions may apply.",#AscendLendingPartners #AustralianBusiness #BusinessFinance #SMEFinance #BusinessLending #StockFinance #SupplierDiscounts #SMEFinanceTips,"A genuine bulk discount is worth taking seriously, but only if it doesn't come at the cost of cash you need elsewhere — which is exactly the kind of trade-off short-term finance is built to solve.

The maths only works if the saving outweighs the cost of finance, so it's worth running the numbers even when the clock is ticking on the offer.

General information only. This does not constitute financial, legal, accounting or tax advice. Credit is subject to lender assessment, eligibility and approval criteria. Fees, charges, terms and conditions may apply.

#AscendLendingPartners #AustralianBusiness #BusinessFinance #SMEFinance #BusinessLending #StockFinance #SupplierDiscounts #SMEFinanceTips",pending,pending,,,
ALP-035,2026-08-21,08:00,C:\Users\bosan\Downloads\house-of-diamonds-landing-main\ascend_instagram_library\03_generated_posts\ALP-035_what-is-low-doc-lending\ALP-035_slide-01.png,C:\Users\bosan\Downloads\house-of-diamonds-landing-main\ascend_instagram_library\03_generated_posts\ALP-035_what-is-low-doc-lending\ALP-035_slide-02.png,C:\Users\bosan\Downloads\house-of-diamonds-landing-main\ascend_instagram_library\03_generated_posts\ALP-035_what-is-low-doc-lending\ALP-035_slide-03.png,C:\Users\bosan\Downloads\house-of-diamonds-landing-main\ascend_instagram_library\03_generated_posts\ALP-035_what-is-low-doc-lending\ALP-035_slide-04.png,C:\Users\bosan\Downloads\house-of-diamonds-landing-main\ascend_instagram_library\03_generated_posts\ALP-035_what-is-low-doc-lending\ALP-035_slide-05.png,"""Low doc"" doesn't mean no assessment — it means the lender accepts a different form of evidence in place of full tax returns and financial statements, which suits many self-employed business owners whose paperwork doesn't tell the full story of current trading.

Bank statements, BAS lodgements or an accountant's letter are common substitutes. The trade-off is usually in pricing or facility size, so it's worth understanding both sides before applying.

General information only. This does not constitute financial, legal, accounting or tax advice. Credit is subject to lender assessment, eligibility and approval criteria. Fees, charges, terms and conditions may apply.",#AscendLendingPartners #AustralianBusiness #BusinessFinance #SMEFinance #BusinessLending #LowDocLoans #SelfEmployedFinance #SoleTraderFinance,"""Low doc"" doesn't mean no assessment — it means the lender accepts a different form of evidence in place of full tax returns and financial statements, which suits many self-employed business owners whose paperwork doesn't tell the full story of current trading.

Bank statements, BAS lodgements or an accountant's letter are common substitutes. The trade-off is usually in pricing or facility size, so it's worth understanding both sides before applying.

General information only. This does not constitute financial, legal, accounting or tax advice. Credit is subject to lender assessment, eligibility and approval criteria. Fees, charges, terms and conditions may apply.

#AscendLendingPartners #AustralianBusiness #BusinessFinance #SMEFinance #BusinessLending #LowDocLoans #SelfEmployedFinance #SoleTraderFinance",pending,pending,,,
ALP-100,2026-08-21,11:40,C:\Users\bosan\Downloads\house-of-diamonds-landing-main\ascend_instagram_library\03_generated_posts\ALP-100_finance-for-professional-services-firms\ALP-100_slide-01.png,C:\Users\bosan\Downloads\house-of-diamonds-landing-main\ascend_instagram_library\03_generated_posts\ALP-100_finance-for-professional-services-firms\ALP-100_slide-02.png,C:\Users\bosan\Downloads\house-of-diamonds-landing-main\ascend_instagram_library\03_generated_posts\ALP-100_finance-for-professional-services-firms\ALP-100_slide-03.png,C:\Users\bosan\Downloads\house-of-diamonds-landing-main\ascend_instagram_library\03_generated_posts\ALP-100_finance-for-professional-services-firms\ALP-100_slide-04.png,C:\Users\bosan\Downloads\house-of-diamonds-landing-main\ascend_instagram_library\03_generated_posts\ALP-100_finance-for-professional-services-firms\ALP-100_slide-05.png,"Professional services firms often bill in arrears — after work is delivered — creating a lag between cost and payment. A flexible line of credit can smooth staff and overhead costs while waiting on client payment cycles.

Every industry has its own rhythm when it comes to cash flow and finance needs — understanding professional services firms's specific pattern is the first step to finding the right fit.

Billing in arrears is standard in professional services — but it still creates a real cash-flow lag worth planning around.

General information only. This does not constitute financial, legal, accounting or tax advice. Credit is subject to lender assessment, eligibility and approval criteria. Fees, charges, terms and conditions may apply.",#AscendLendingPartners #AustralianBusiness #BusinessFinance #SMEFinance #BusinessLending #ProfessionalServicesFinance #ConsultingFinance #SMEFinance,"Professional services firms often bill in arrears — after work is delivered — creating a lag between cost and payment. A flexible line of credit can smooth staff and overhead costs while waiting on client payment cycles.

Every industry has its own rhythm when it comes to cash flow and finance needs — understanding professional services firms's specific pattern is the first step to finding the right fit.

Billing in arrears is standard in professional services — but it still creates a real cash-flow lag worth planning around.

General information only. This does not constitute financial, legal, accounting or tax advice. Credit is subject to lender assessment, eligibility and approval criteria. Fees, charges, terms and conditions may apply.

#AscendLendingPartners #AustralianBusiness #BusinessFinance #SMEFinance #BusinessLending #ProfessionalServicesFinance #ConsultingFinance #SMEFinance",pending,pending,,,
ALP-120,2026-08-21,15:20,C:\Users\bosan\Downloads\house-of-diamonds-landing-main\ascend_instagram_library\03_generated_posts\ALP-120_worried-about-interest-rates\ALP-120_slide-01.png,C:\Users\bosan\Downloads\house-of-diamonds-landing-main\ascend_instagram_library\03_generated_posts\ALP-120_worried-about-interest-rates\ALP-120_slide-02.png,C:\Users\bosan\Downloads\house-of-diamonds-landing-main\ascend_instagram_library\03_generated_posts\ALP-120_worried-about-interest-rates\ALP-120_slide-03.png,C:\Users\bosan\Downloads\house-of-diamonds-landing-main\ascend_instagram_library\03_generated_posts\ALP-120_worried-about-interest-rates\ALP-120_slide-04.png,C:\Users\bosan\Downloads\house-of-diamonds-landing-main\ascend_instagram_library\03_generated_posts\ALP-120_worried-about-interest-rates\ALP-120_slide-05.png,"It's understandable to focus on the interest rate — it's the number that gets quoted first. But the total cost of a facility depends just as much on fees, term length and repayment structure, and a lower headline rate can sometimes end up costing more overall.

A proper comparison looks at the whole picture, not just the number that's easiest to compare at a glance.

General information only. This does not constitute financial, legal, accounting or tax advice. Credit is subject to lender assessment, eligibility and approval criteria. Fees, charges, terms and conditions may apply.",#AscendLendingPartners #AustralianBusiness #BusinessFinance #SMEFinance #BusinessLending #InterestRates #ComparingLoans #FinanceEducation,"It's understandable to focus on the interest rate — it's the number that gets quoted first. But the total cost of a facility depends just as much on fees, term length and repayment structure, and a lower headline rate can sometimes end up costing more overall.

A proper comparison looks at the whole picture, not just the number that's easiest to compare at a glance.

General information only. This does not constitute financial, legal, accounting or tax advice. Credit is subject to lender assessment, eligibility and approval criteria. Fees, charges, terms and conditions may apply.

#AscendLendingPartners #AustralianBusiness #BusinessFinance #SMEFinance #BusinessLending #InterestRates #ComparingLoans #FinanceEducation",pending,pending,,,
ALP-020,2026-08-21,19:00,C:\Users\bosan\Downloads\house-of-diamonds-landing-main\ascend_instagram_library\03_generated_posts\ALP-020_equipment-finance-vs-paying-cash\ALP-020_slide-01.png,C:\Users\bosan\Downloads\house-of-diamonds-landing-main\ascend_instagram_library\03_generated_posts\ALP-020_equipment-finance-vs-paying-cash\ALP-020_slide-02.png,C:\Users\bosan\Downloads\house-of-diamonds-landing-main\ascend_instagram_library\03_generated_posts\ALP-020_equipment-finance-vs-paying-cash\ALP-020_slide-03.png,C:\Users\bosan\Downloads\house-of-diamonds-landing-main\ascend_instagram_library\03_generated_posts\ALP-020_equipment-finance-vs-paying-cash\ALP-020_slide-04.png,C:\Users\bosan\Downloads\house-of-diamonds-landing-main\ascend_instagram_library\03_generated_posts\ALP-020_equipment-finance-vs-paying-cash\ALP-020_slide-05.png,"Buying equipment outright feels simple, but simple isn't always the same as efficient.

Paying cash avoids finance costs entirely but locks up capital that could otherwise fund operations, stock, or growth. Equipment finance spreads the cost across the asset's productive life — a trade-off worth weighing against what else that capital could be doing.

General information only. This does not constitute financial, legal, accounting or tax advice. Credit is subject to lender assessment, eligibility and approval criteria. Fees, charges, terms and conditions may apply.",#AscendLendingPartners #EquipmentFinance #AssetFinance #BusinessFinanceAustralia #TradieFinance #CommercialFinance #SMEFinance #AustralianSmallBusiness #FinanceBrokerAustralia,"Buying equipment outright feels simple, but simple isn't always the same as efficient.

Paying cash avoids finance costs entirely but locks up capital that could otherwise fund operations, stock, or growth. Equipment finance spreads the cost across the asset's productive life — a trade-off worth weighing against what else that capital could be doing.

General information only. This does not constitute financial, legal, accounting or tax advice. Credit is subject to lender assessment, eligibility and approval criteria. Fees, charges, terms and conditions may apply.

#AscendLendingPartners #EquipmentFinance #AssetFinance #BusinessFinanceAustralia #TradieFinance #CommercialFinance #SMEFinance #AustralianSmallBusiness #FinanceBrokerAustralia",pending,pending,,,
ALP-055,2026-08-24,08:00,C:\Users\bosan\Downloads\house-of-diamonds-landing-main\ascend_instagram_library\03_generated_posts\ALP-055_prepare-financials-before-applying\ALP-055_slide-01.png,C:\Users\bosan\Downloads\house-of-diamonds-landing-main\ascend_instagram_library\03_generated_posts\ALP-055_prepare-financials-before-applying\ALP-055_slide-02.png,C:\Users\bosan\Downloads\house-of-diamonds-landing-main\ascend_instagram_library\03_generated_posts\ALP-055_prepare-financials-before-applying\ALP-055_slide-03.png,C:\Users\bosan\Downloads\house-of-diamonds-landing-main\ascend_instagram_library\03_generated_posts\ALP-055_prepare-financials-before-applying\ALP-055_slide-04.png,C:\Users\bosan\Downloads\house-of-diamonds-landing-main\ascend_instagram_library\03_generated_posts\ALP-055_prepare-financials-before-applying\ALP-055_slide-05.png,"Lenders are trying to build an accurate, current picture of your business — the easier you make that, the faster and smoother assessment tends to go. Reconciled accounts, current BAS lodgements, and a clean separation between business and personal spending all help.

If your books have fallen behind, it's worth investing a little time (or your accountant's time) tidying them up before you apply, rather than after.

General information only. This does not constitute financial, legal, accounting or tax advice. Credit is subject to lender assessment, eligibility and approval criteria. Fees, charges, terms and conditions may apply.",#AscendLendingPartners #AustralianBusiness #BusinessFinance #SMEFinance #BusinessLending #FinancePreparation #BusinessBookkeeping #SMEFinanceTips,"Lenders are trying to build an accurate, current picture of your business — the easier you make that, the faster and smoother assessment tends to go. Reconciled accounts, current BAS lodgements, and a clean separation between business and personal spending all help.

If your books have fallen behind, it's worth investing a little time (or your accountant's time) tidying them up before you apply, rather than after.

General information only. This does not constitute financial, legal, accounting or tax advice. Credit is subject to lender assessment, eligibility and approval criteria. Fees, charges, terms and conditions may apply.

#AscendLendingPartners #AustralianBusiness #BusinessFinance #SMEFinance #BusinessLending #FinancePreparation #BusinessBookkeeping #SMEFinanceTips",pending,pending,,,
ALP-070,2026-08-24,11:40,C:\Users\bosan\Downloads\house-of-diamonds-landing-main\ascend_instagram_library\03_generated_posts\ALP-070_late-paying-customers-and-cash-flow\ALP-070_slide-01.png,C:\Users\bosan\Downloads\house-of-diamonds-landing-main\ascend_instagram_library\03_generated_posts\ALP-070_late-paying-customers-and-cash-flow\ALP-070_slide-02.png,C:\Users\bosan\Downloads\house-of-diamonds-landing-main\ascend_instagram_library\03_generated_posts\ALP-070_late-paying-customers-and-cash-flow\ALP-070_slide-03.png,C:\Users\bosan\Downloads\house-of-diamonds-landing-main\ascend_instagram_library\03_generated_posts\ALP-070_late-paying-customers-and-cash-flow\ALP-070_slide-04.png,C:\Users\bosan\Downloads\house-of-diamonds-landing-main\ascend_instagram_library\03_generated_posts\ALP-070_late-paying-customers-and-cash-flow\ALP-070_slide-05.png,"Late payment is one of the most common — and most disruptive — cash-flow issues small businesses face. A single overdue invoice can delay your own supplier payments, and when several customers pay late at once, the effect compounds quickly.

Clear terms and consistent follow-up help, but they don't remove the timing risk entirely — which is where tools like invoice finance can reduce your reliance on customers paying exactly on time.

General information only. This does not constitute financial, legal, accounting or tax advice. Credit is subject to lender assessment, eligibility and approval criteria. Fees, charges, terms and conditions may apply.",#AscendLendingPartners #AustralianBusiness #BusinessFinance #SMEFinance #BusinessLending #LatePayments #InvoiceFinance #CashFlowManagement,"Late payment is one of the most common — and most disruptive — cash-flow issues small businesses face. A single overdue invoice can delay your own supplier payments, and when several customers pay late at once, the effect compounds quickly.

Clear terms and consistent follow-up help, but they don't remove the timing risk entirely — which is where tools like invoice finance can reduce your reliance on customers paying exactly on time.

General information only. This does not constitute financial, legal, accounting or tax advice. Credit is subject to lender assessment, eligibility and approval criteria. Fees, charges, terms and conditions may apply.

#AscendLendingPartners #AustralianBusiness #BusinessFinance #SMEFinance #BusinessLending #LatePayments #InvoiceFinance #CashFlowManagement",pending,pending,,,
ALP-085,2026-08-24,15:20,C:\Users\bosan\Downloads\house-of-diamonds-landing-main\ascend_instagram_library\03_generated_posts\ALP-085_equipment-finance-to-scale-production\ALP-085_slide-01.png,C:\Users\bosan\Downloads\house-of-diamonds-landing-main\ascend_instagram_library\03_generated_posts\ALP-085_equipment-finance-to-scale-production\ALP-085_slide-02.png,C:\Users\bosan\Downloads\house-of-diamonds-landing-main\ascend_instagram_library\03_generated_posts\ALP-085_equipment-finance-to-scale-production\ALP-085_slide-03.png,C:\Users\bosan\Downloads\house-of-diamonds-landing-main\ascend_instagram_library\03_generated_posts\ALP-085_equipment-finance-to-scale-production\ALP-085_slide-04.png,C:\Users\bosan\Downloads\house-of-diamonds-landing-main\ascend_instagram_library\03_generated_posts\ALP-085_equipment-finance-to-scale-production\ALP-085_slide-05.png,"Scaling up often comes down to physical capacity — another machine, an upgraded line, more vehicles — and equipment finance lets that investment happen without tying up cash that's needed elsewhere in the business.

Structured well, with repayments aligned to the asset's useful life, the cost of scaling tracks the additional output it enables.

General information only. This does not constitute financial, legal, accounting or tax advice. Credit is subject to lender assessment, eligibility and approval criteria. Fees, charges, terms and conditions may apply.",#AscendLendingPartners #AustralianBusiness #BusinessFinance #SMEFinance #BusinessLending #EquipmentFinance #ScalingUp #GrowthFinance,"Scaling up often comes down to physical capacity — another machine, an upgraded line, more vehicles — and equipment finance lets that investment happen without tying up cash that's needed elsewhere in the business.

Structured well, with repayments aligned to the asset's useful life, the cost of scaling tracks the additional output it enables.

General information only. This does not constitute financial, legal, accounting or tax advice. Credit is subject to lender assessment, eligibility and approval criteria. Fees, charges, terms and conditions may apply.

#AscendLendingPartners #AustralianBusiness #BusinessFinance #SMEFinance #BusinessLending #EquipmentFinance #ScalingUp #GrowthFinance",pending,pending,,,
ALP-165,2026-08-24,19:00,C:\Users\bosan\Downloads\house-of-diamonds-landing-main\ascend_instagram_library\03_generated_posts\ALP-165_5-signs-its-time-to-refinance\ALP-165_slide-01.png,C:\Users\bosan\Downloads\house-of-diamonds-landing-main\ascend_instagram_library\03_generated_posts\ALP-165_5-signs-its-time-to-refinance\ALP-165_slide-02.png,C:\Users\bosan\Downloads\house-of-diamonds-landing-main\ascend_instagram_library\03_generated_posts\ALP-165_5-signs-its-time-to-refinance\ALP-165_slide-03.png,C:\Users\bosan\Downloads\house-of-diamonds-landing-main\ascend_instagram_library\03_generated_posts\ALP-165_5-signs-its-time-to-refinance\ALP-165_slide-04.png,C:\Users\bosan\Downloads\house-of-diamonds-landing-main\ascend_instagram_library\03_generated_posts\ALP-165_5-signs-its-time-to-refinance\ALP-165_slide-05.png,"Refinancing gets associated with financial difficulty, but the more common trigger is simply that your situation — or the market — has changed since you took out your current facility.

A quick review against these five signs costs nothing and might reveal an easy improvement.

General information only. This does not constitute financial, legal, accounting or tax advice. Credit is subject to lender assessment, eligibility and approval criteria. Fees, charges, terms and conditions may apply.",#AscendLendingPartners #AustralianBusiness #BusinessFinance #SMEFinance #BusinessLending #Refinancing #BusinessLoanRefinancing #SMEFinanceTips,"Refinancing gets associated with financial difficulty, but the more common trigger is simply that your situation — or the market — has changed since you took out your current facility.

A quick review against these five signs costs nothing and might reveal an easy improvement.

General information only. This does not constitute financial, legal, accounting or tax advice. Credit is subject to lender assessment, eligibility and approval criteria. Fees, charges, terms and conditions may apply.

#AscendLendingPartners #AustralianBusiness #BusinessFinance #SMEFinance #BusinessLending #Refinancing #BusinessLoanRefinancing #SMEFinanceTips",pending,pending,,,
ALP-150,2026-08-25,08:00,C:\Users\bosan\Downloads\house-of-diamonds-landing-main\ascend_instagram_library\03_generated_posts\ALP-150_how-to-read-a-loan-offer\ALP-150_slide-01.png,C:\Users\bosan\Downloads\house-of-diamonds-landing-main\ascend_instagram_library\03_generated_posts\ALP-150_how-to-read-a-loan-offer\ALP-150_slide-02.png,C:\Users\bosan\Downloads\house-of-diamonds-landing-main\ascend_instagram_library\03_generated_posts\ALP-150_how-to-read-a-loan-offer\ALP-150_slide-03.png,C:\Users\bosan\Downloads\house-of-diamonds-landing-main\ascend_instagram_library\03_generated_posts\ALP-150_how-to-read-a-loan-offer\ALP-150_slide-04.png,C:\Users\bosan\Downloads\house-of-diamonds-landing-main\ascend_instagram_library\03_generated_posts\ALP-150_how-to-read-a-loan-offer\ALP-150_slide-05.png,"It's tempting to skim a formal offer and sign, especially once you're relieved to be approved — but this document is what actually governs the facility, and it's worth a careful, unhurried read.

Checking it against what was discussed earlier, and asking about anything unclear, is a simple habit that protects you well beyond the signing moment.

General information only. This does not constitute financial, legal, accounting or tax advice. Credit is subject to lender assessment, eligibility and approval criteria. Fees, charges, terms and conditions may apply.",#AscendLendingPartners #AustralianBusiness #BusinessFinance #SMEFinance #BusinessLending #LoanOffer #FinanceEducation #SMEFinanceTips,"It's tempting to skim a formal offer and sign, especially once you're relieved to be approved — but this document is what actually governs the facility, and it's worth a careful, unhurried read.

Checking it against what was discussed earlier, and asking about anything unclear, is a simple habit that protects you well beyond the signing moment.

General information only. This does not constitute financial, legal, accounting or tax advice. Credit is subject to lender assessment, eligibility and approval criteria. Fees, charges, terms and conditions may apply.

#AscendLendingPartners #AustralianBusiness #BusinessFinance #SMEFinance #BusinessLending #LoanOffer #FinanceEducation #SMEFinanceTips",pending,pending,,,
ALP-140,2026-08-25,11:40,C:\Users\bosan\Downloads\house-of-diamonds-landing-main\ascend_instagram_library\03_generated_posts\ALP-140_myth-unsecured-loans-always-more-expensive\ALP-140_slide-01.png,C:\Users\bosan\Downloads\house-of-diamonds-landing-main\ascend_instagram_library\03_generated_posts\ALP-140_myth-unsecured-loans-always-more-expensive\ALP-140_slide-02.png,C:\Users\bosan\Downloads\house-of-diamonds-landing-main\ascend_instagram_library\03_generated_posts\ALP-140_myth-unsecured-loans-always-more-expensive\ALP-140_slide-03.png,C:\Users\bosan\Downloads\house-of-diamonds-landing-main\ascend_instagram_library\03_generated_posts\ALP-140_myth-unsecured-loans-always-more-expensive\ALP-140_slide-04.png,C:\Users\bosan\Downloads\house-of-diamonds-landing-main\ascend_instagram_library\03_generated_posts\ALP-140_myth-unsecured-loans-always-more-expensive\ALP-140_slide-05.png,"It's a reasonable generalisation, but not a fixed rule — the actual cost of unsecured finance depends on the specific lender, facility size and your risk profile, and it's always worth comparing real offers rather than assuming the outcome in advance.

General information only. This does not constitute financial, legal, accounting or tax advice. Credit is subject to lender assessment, eligibility and approval criteria. Fees, charges, terms and conditions may apply.",#AscendLendingPartners #AustralianBusiness #BusinessFinance #SMEFinance #BusinessLending #UnsecuredFinance #BusinessFinanceMyths #SMEFinance,"It's a reasonable generalisation, but not a fixed rule — the actual cost of unsecured finance depends on the specific lender, facility size and your risk profile, and it's always worth comparing real offers rather than assuming the outcome in advance.

General information only. This does not constitute financial, legal, accounting or tax advice. Credit is subject to lender assessment, eligibility and approval criteria. Fees, charges, terms and conditions may apply.

#AscendLendingPartners #AustralianBusiness #BusinessFinance #SMEFinance #BusinessLending #UnsecuredFinance #BusinessFinanceMyths #SMEFinance",pending,pending,,,
ALP-008,2026-08-25,15:20,C:\Users\bosan\Downloads\house-of-diamonds-landing-main\ascend_instagram_library\03_generated_posts\ALP-008_low-doc-business-loans\ALP-008_slide-01.png,C:\Users\bosan\Downloads\house-of-diamonds-landing-main\ascend_instagram_library\03_generated_posts\ALP-008_low-doc-business-loans\ALP-008_slide-02.png,C:\Users\bosan\Downloads\house-of-diamonds-landing-main\ascend_instagram_library\03_generated_posts\ALP-008_low-doc-business-loans\ALP-008_slide-03.png,C:\Users\bosan\Downloads\house-of-diamonds-landing-main\ascend_instagram_library\03_generated_posts\ALP-008_low-doc-business-loans\ALP-008_slide-04.png,C:\Users\bosan\Downloads\house-of-diamonds-landing-main\ascend_instagram_library\03_generated_posts\ALP-008_low-doc-business-loans\ALP-008_slide-05.png,"Low doc doesn't mean no doc — it means a different kind of evidence.

Instead of full accountant-prepared financials, lenders may accept recent bank statements, BAS lodgements or an accountant's declaration of income. It's built for self-employed borrowers, sole traders and newer businesses whose income is real but doesn't fit a standard employed-income template.

Not sure if your income evidence fits? Let's find out together.

General information only. This does not constitute financial, legal, accounting or tax advice. Credit is subject to lender assessment, eligibility and approval criteria. Fees, charges, terms and conditions may apply.",#AscendLendingPartners #LowDocLoans #SelfEmployedFinance #BusinessFinanceAustralia #SoleTrader #AustralianSmallBusiness #SMEFinance #CommercialFinance #ContractorFinance #FinanceBrokerAustralia,"Low doc doesn't mean no doc — it means a different kind of evidence.

Instead of full accountant-prepared financials, lenders may accept recent bank statements, BAS lodgements or an accountant's declaration of income. It's built for self-employed borrowers, sole traders and newer businesses whose income is real but doesn't fit a standard employed-income template.

Not sure if your income evidence fits? Let's find out together.

General information only. This does not constitute financial, legal, accounting or tax advice. Credit is subject to lender assessment, eligibility and approval criteria. Fees, charges, terms and conditions may apply.

#AscendLendingPartners #LowDocLoans #SelfEmployedFinance #BusinessFinanceAustralia #SoleTrader #AustralianSmallBusiness #SMEFinance #CommercialFinance #ContractorFinance #FinanceBrokerAustralia",pending,pending,,,
ALP-181,2026-08-25,19:00,C:\Users\bosan\Downloads\house-of-diamonds-landing-main\ascend_instagram_library\03_generated_posts\ALP-181_competitor-went-out-of-business-buy-assets\ALP-181_slide-01.png,C:\Users\bosan\Downloads\house-of-diamonds-landing-main\ascend_instagram_library\03_generated_posts\ALP-181_competitor-went-out-of-business-buy-assets\ALP-181_slide-02.png,C:\Users\bosan\Downloads\house-of-diamonds-landing-main\ascend_instagram_library\03_generated_posts\ALP-181_competitor-went-out-of-business-buy-assets\ALP-181_slide-03.png,C:\Users\bosan\Downloads\house-of-diamonds-landing-main\ascend_instagram_library\03_generated_posts\ALP-181_competitor-went-out-of-business-buy-assets\ALP-181_slide-04.png,C:\Users\bosan\Downloads\house-of-diamonds-landing-main\ascend_instagram_library\03_generated_posts\ALP-181_competitor-went-out-of-business-buy-assets\ALP-181_slide-05.png,"A competitor's closure can be a genuine opportunity, but the appeal of a low price shouldn't override a clear-eyed evaluation of whether the assets actually fit your business.

Once that evaluation supports the purchase, equipment finance can move quickly enough to capture the opportunity without committing all your cash to it.

General information only. This does not constitute financial, legal, accounting or tax advice. Credit is subject to lender assessment, eligibility and approval criteria. Fees, charges, terms and conditions may apply.",#AscendLendingPartners #AustralianBusiness #BusinessFinance #SMEFinance #BusinessLending #EquipmentFinance #BusinessOpportunity #SMEStrategy,"A competitor's closure can be a genuine opportunity, but the appeal of a low price shouldn't override a clear-eyed evaluation of whether the assets actually fit your business.

Once that evaluation supports the purchase, equipment finance can move quickly enough to capture the opportunity without committing all your cash to it.

General information only. This does not constitute financial, legal, accounting or tax advice. Credit is subject to lender assessment, eligibility and approval criteria. Fees, charges, terms and conditions may apply.

#AscendLendingPartners #AustralianBusiness #BusinessFinance #SMEFinance #BusinessLending #EquipmentFinance #BusinessOpportunity #SMEStrategy",pending,pending,,,
ALP-036,2026-08-26,08:00,C:\Users\bosan\Downloads\house-of-diamonds-landing-main\ascend_instagram_library\03_generated_posts\ALP-036_what-is-full-doc-lending\ALP-036_slide-01.png,C:\Users\bosan\Downloads\house-of-diamonds-landing-main\ascend_instagram_library\03_generated_posts\ALP-036_what-is-full-doc-lending\ALP-036_slide-02.png,C:\Users\bosan\Downloads\house-of-diamonds-landing-main\ascend_instagram_library\03_generated_posts\ALP-036_what-is-full-doc-lending\ALP-036_slide-03.png,C:\Users\bosan\Downloads\house-of-diamonds-landing-main\ascend_instagram_library\03_generated_posts\ALP-036_what-is-full-doc-lending\ALP-036_slide-04.png,C:\Users\bosan\Downloads\house-of-diamonds-landing-main\ascend_instagram_library\03_generated_posts\ALP-036_what-is-full-doc-lending\ALP-036_slide-05.png,"Full doc lending is the more traditional path — tax returns, financial statements and supporting records go to the lender so they can form a complete view of your business's financial position.

It generally takes more preparation than a low doc application, but for established businesses with up-to-date records, it can open the door to larger facilities or more competitive pricing.

General information only. This does not constitute financial, legal, accounting or tax advice. Credit is subject to lender assessment, eligibility and approval criteria. Fees, charges, terms and conditions may apply.",#AscendLendingPartners #AustralianBusiness #BusinessFinance #SMEFinance #BusinessLending #FullDocLoans #BusinessLoanBasics #FinanceEducation,"Full doc lending is the more traditional path — tax returns, financial statements and supporting records go to the lender so they can form a complete view of your business's financial position.

It generally takes more preparation than a low doc application, but for established businesses with up-to-date records, it can open the door to larger facilities or more competitive pricing.

General information only. This does not constitute financial, legal, accounting or tax advice. Credit is subject to lender assessment, eligibility and approval criteria. Fees, charges, terms and conditions may apply.

#AscendLendingPartners #AustralianBusiness #BusinessFinance #SMEFinance #BusinessLending #FullDocLoans #BusinessLoanBasics #FinanceEducation",pending,pending,,,
ALP-101,2026-08-26,11:40,C:\Users\bosan\Downloads\house-of-diamonds-landing-main\ascend_instagram_library\03_generated_posts\ALP-101_finance-for-manufacturing-businesses\ALP-101_slide-01.png,C:\Users\bosan\Downloads\house-of-diamonds-landing-main\ascend_instagram_library\03_generated_posts\ALP-101_finance-for-manufacturing-businesses\ALP-101_slide-02.png,C:\Users\bosan\Downloads\house-of-diamonds-landing-main\ascend_instagram_library\03_generated_posts\ALP-101_finance-for-manufacturing-businesses\ALP-101_slide-03.png,C:\Users\bosan\Downloads\house-of-diamonds-landing-main\ascend_instagram_library\03_generated_posts\ALP-101_finance-for-manufacturing-businesses\ALP-101_slide-04.png,C:\Users\bosan\Downloads\house-of-diamonds-landing-main\ascend_instagram_library\03_generated_posts\ALP-101_finance-for-manufacturing-businesses\ALP-101_slide-05.png,"Manufacturing businesses often need substantial equipment investment alongside working capital to cover raw materials purchased well ahead of finished goods being sold. Equipment finance and working capital facilities are commonly used together here.

Every industry has its own rhythm when it comes to cash flow and finance needs — understanding manufacturing businesses's specific pattern is the first step to finding the right fit.

Machinery investment and long production cycles both shape how manufacturing businesses manage finance.

General information only. This does not constitute financial, legal, accounting or tax advice. Credit is subject to lender assessment, eligibility and approval criteria. Fees, charges, terms and conditions may apply.",#AscendLendingPartners #AustralianBusiness #BusinessFinance #SMEFinance #BusinessLending #ManufacturingFinance #EquipmentFinance #IndustrialFinance,"Manufacturing businesses often need substantial equipment investment alongside working capital to cover raw materials purchased well ahead of finished goods being sold. Equipment finance and working capital facilities are commonly used together here.

Every industry has its own rhythm when it comes to cash flow and finance needs — understanding manufacturing businesses's specific pattern is the first step to finding the right fit.

Machinery investment and long production cycles both shape how manufacturing businesses manage finance.

General information only. This does not constitute financial, legal, accounting or tax advice. Credit is subject to lender assessment, eligibility and approval criteria. Fees, charges, terms and conditions may apply.

#AscendLendingPartners #AustralianBusiness #BusinessFinance #SMEFinance #BusinessLending #ManufacturingFinance #EquipmentFinance #IndustrialFinance",pending,pending,,,
ALP-121,2026-08-26,15:20,C:\Users\bosan\Downloads\house-of-diamonds-landing-main\ascend_instagram_library\03_generated_posts\ALP-121_dont-want-to-put-up-my-house\ALP-121_slide-01.png,C:\Users\bosan\Downloads\house-of-diamonds-landing-main\ascend_instagram_library\03_generated_posts\ALP-121_dont-want-to-put-up-my-house\ALP-121_slide-02.png,C:\Users\bosan\Downloads\house-of-diamonds-landing-main\ascend_instagram_library\03_generated_posts\ALP-121_dont-want-to-put-up-my-house\ALP-121_slide-03.png,C:\Users\bosan\Downloads\house-of-diamonds-landing-main\ascend_instagram_library\03_generated_posts\ALP-121_dont-want-to-put-up-my-house\ALP-121_slide-04.png,C:\Users\bosan\Downloads\house-of-diamonds-landing-main\ascend_instagram_library\03_generated_posts\ALP-121_dont-want-to-put-up-my-house\ALP-121_slide-05.png,"It's one of the most common hesitations we hear, and a completely reasonable one — your home isn't something to risk lightly. The good news is that residential property isn't the only form of security lenders will accept; business assets, invoice books, and unsecured structures are all genuine alternatives, depending on the facility size and your situation.

It's worth having the conversation before assuming property security is the only path.

General information only. This does not constitute financial, legal, accounting or tax advice. Credit is subject to lender assessment, eligibility and approval criteria. Fees, charges, terms and conditions may apply.",#AscendLendingPartners #AustralianBusiness #BusinessFinance #SMEFinance #BusinessLending #UnsecuredFinance #BusinessFinanceOptions #SMEFinance,"It's one of the most common hesitations we hear, and a completely reasonable one — your home isn't something to risk lightly. The good news is that residential property isn't the only form of security lenders will accept; business assets, invoice books, and unsecured structures are all genuine alternatives, depending on the facility size and your situation.

It's worth having the conversation before assuming property security is the only path.

General information only. This does not constitute financial, legal, accounting or tax advice. Credit is subject to lender assessment, eligibility and approval criteria. Fees, charges, terms and conditions may apply.

#AscendLendingPartners #AustralianBusiness #BusinessFinance #SMEFinance #BusinessLending #UnsecuredFinance #BusinessFinanceOptions #SMEFinance",pending,pending,,,
ALP-021,2026-08-26,19:00,C:\Users\bosan\Downloads\house-of-diamonds-landing-main\ascend_instagram_library\03_generated_posts\ALP-021_asset-finance-vs-business-loan\ALP-021_slide-01.png,C:\Users\bosan\Downloads\house-of-diamonds-landing-main\ascend_instagram_library\03_generated_posts\ALP-021_asset-finance-vs-business-loan\ALP-021_slide-02.png,C:\Users\bosan\Downloads\house-of-diamonds-landing-main\ascend_instagram_library\03_generated_posts\ALP-021_asset-finance-vs-business-loan\ALP-021_slide-03.png,C:\Users\bosan\Downloads\house-of-diamonds-landing-main\ascend_instagram_library\03_generated_posts\ALP-021_asset-finance-vs-business-loan\ALP-021_slide-04.png,C:\Users\bosan\Downloads\house-of-diamonds-landing-main\ascend_instagram_library\03_generated_posts\ALP-021_asset-finance-vs-business-loan\ALP-021_slide-05.png,"Buying a specific vehicle or machine is a different funding problem to funding your business more broadly, and the two products reflect that.

Asset finance is purpose-built around one item, often using that asset as its own security. A general business loan is more flexible in purpose but isn't tied to — or secured by — any single item.

General information only. This does not constitute financial, legal, accounting or tax advice. Credit is subject to lender assessment, eligibility and approval criteria. Fees, charges, terms and conditions may apply.",#AscendLendingPartners #AssetFinance #EquipmentFinance #BusinessLoans #BusinessFinanceAustralia #CommercialFinance #SMEFinance #AustralianSmallBusiness #FinanceBrokerAustralia,"Buying a specific vehicle or machine is a different funding problem to funding your business more broadly, and the two products reflect that.

Asset finance is purpose-built around one item, often using that asset as its own security. A general business loan is more flexible in purpose but isn't tied to — or secured by — any single item.

General information only. This does not constitute financial, legal, accounting or tax advice. Credit is subject to lender assessment, eligibility and approval criteria. Fees, charges, terms and conditions may apply.

#AscendLendingPartners #AssetFinance #EquipmentFinance #BusinessLoans #BusinessFinanceAustralia #CommercialFinance #SMEFinance #AustralianSmallBusiness #FinanceBrokerAustralia",pending,pending,,,
ALP-056,2026-08-27,08:00,C:\Users\bosan\Downloads\house-of-diamonds-landing-main\ascend_instagram_library\03_generated_posts\ALP-056_what-is-an-abn-and-why-it-matters\ALP-056_slide-01.png,C:\Users\bosan\Downloads\house-of-diamonds-landing-main\ascend_instagram_library\03_generated_posts\ALP-056_what-is-an-abn-and-why-it-matters\ALP-056_slide-02.png,C:\Users\bosan\Downloads\house-of-diamonds-landing-main\ascend_instagram_library\03_generated_posts\ALP-056_what-is-an-abn-and-why-it-matters\ALP-056_slide-03.png,C:\Users\bosan\Downloads\house-of-diamonds-landing-main\ascend_instagram_library\03_generated_posts\ALP-056_what-is-an-abn-and-why-it-matters\ALP-056_slide-04.png,C:\Users\bosan\Downloads\house-of-diamonds-landing-main\ascend_instagram_library\03_generated_posts\ALP-056_what-is-an-abn-and-why-it-matters\ALP-056_slide-05.png,"Your ABN is more than a registration number — it's one of the first things a lender looks at to confirm your business is real, active, and trading. How long it's been registered often factors into which lenders and products you're eligible for.

If you've recently registered, that doesn't rule out finance — it just means certain lenders who specialise in newer businesses may be a better fit than others.

General information only. This does not constitute financial, legal, accounting or tax advice. Credit is subject to lender assessment, eligibility and approval criteria. Fees, charges, terms and conditions may apply.",#AscendLendingPartners #AustralianBusiness #BusinessFinance #SMEFinance #BusinessLending #ABN #BusinessRegistration #FinanceBasics,"Your ABN is more than a registration number — it's one of the first things a lender looks at to confirm your business is real, active, and trading. How long it's been registered often factors into which lenders and products you're eligible for.

If you've recently registered, that doesn't rule out finance — it just means certain lenders who specialise in newer businesses may be a better fit than others.

General information only. This does not constitute financial, legal, accounting or tax advice. Credit is subject to lender assessment, eligibility and approval criteria. Fees, charges, terms and conditions may apply.

#AscendLendingPartners #AustralianBusiness #BusinessFinance #SMEFinance #BusinessLending #ABN #BusinessRegistration #FinanceBasics",pending,pending,,,
ALP-071,2026-08-27,11:40,C:\Users\bosan\Downloads\house-of-diamonds-landing-main\ascend_instagram_library\03_generated_posts\ALP-071_how-to-build-a-cash-flow-buffer\ALP-071_slide-01.png,C:\Users\bosan\Downloads\house-of-diamonds-landing-main\ascend_instagram_library\03_generated_posts\ALP-071_how-to-build-a-cash-flow-buffer\ALP-071_slide-02.png,C:\Users\bosan\Downloads\house-of-diamonds-landing-main\ascend_instagram_library\03_generated_posts\ALP-071_how-to-build-a-cash-flow-buffer\ALP-071_slide-03.png,C:\Users\bosan\Downloads\house-of-diamonds-landing-main\ascend_instagram_library\03_generated_posts\ALP-071_how-to-build-a-cash-flow-buffer\ALP-071_slide-04.png,C:\Users\bosan\Downloads\house-of-diamonds-landing-main\ascend_instagram_library\03_generated_posts\ALP-071_how-to-build-a-cash-flow-buffer\ALP-071_slide-05.png,"The businesses that weather a bad month calmly are usually the ones with a buffer already in place — either cash reserves or a standby facility they can draw on without a fresh application.

Building that buffer doesn't require a windfall; consistent small allocations over time, or arranging a revolving facility ahead of need, both achieve the same protection.

General information only. This does not constitute financial, legal, accounting or tax advice. Credit is subject to lender assessment, eligibility and approval criteria. Fees, charges, terms and conditions may apply.",#AscendLendingPartners #AustralianBusiness #BusinessFinance #SMEFinance #BusinessLending #CashFlowBuffer #BusinessResilience #SMEFinanceTips,"The businesses that weather a bad month calmly are usually the ones with a buffer already in place — either cash reserves or a standby facility they can draw on without a fresh application.

Building that buffer doesn't require a windfall; consistent small allocations over time, or arranging a revolving facility ahead of need, both achieve the same protection.

General information only. This does not constitute financial, legal, accounting or tax advice. Credit is subject to lender assessment, eligibility and approval criteria. Fees, charges, terms and conditions may apply.

#AscendLendingPartners #AustralianBusiness #BusinessFinance #SMEFinance #BusinessLending #CashFlowBuffer #BusinessResilience #SMEFinanceTips",pending,pending,,,
ALP-086,2026-08-27,15:20,C:\Users\bosan\Downloads\house-of-diamonds-landing-main\ascend_instagram_library\03_generated_posts\ALP-086_fund-a-bulk-stock-purchase\ALP-086_slide-01.png,C:\Users\bosan\Downloads\house-of-diamonds-landing-main\ascend_instagram_library\03_generated_posts\ALP-086_fund-a-bulk-stock-purchase\ALP-086_slide-02.png,C:\Users\bosan\Downloads\house-of-diamonds-landing-main\ascend_instagram_library\03_generated_posts\ALP-086_fund-a-bulk-stock-purchase\ALP-086_slide-03.png,C:\Users\bosan\Downloads\house-of-diamonds-landing-main\ascend_instagram_library\03_generated_posts\ALP-086_fund-a-bulk-stock-purchase\ALP-086_slide-04.png,C:\Users\bosan\Downloads\house-of-diamonds-landing-main\ascend_instagram_library\03_generated_posts\ALP-086_fund-a-bulk-stock-purchase\ALP-086_slide-05.png,"A supplier discount on a larger order can be genuinely valuable — but only if the cash tied up in extra stock doesn't create pressure elsewhere. Short-term finance lets you capture the saving while spreading the cost across the time it takes to sell through the stock.

The maths only works if the discount outweighs the cost of finance, so it's worth running the numbers before committing to the larger order.

General information only. This does not constitute financial, legal, accounting or tax advice. Credit is subject to lender assessment, eligibility and approval criteria. Fees, charges, terms and conditions may apply.",#AscendLendingPartners #AustralianBusiness #BusinessFinance #SMEFinance #BusinessLending #StockFinance #InventoryManagement #SMEFinance,"A supplier discount on a larger order can be genuinely valuable — but only if the cash tied up in extra stock doesn't create pressure elsewhere. Short-term finance lets you capture the saving while spreading the cost across the time it takes to sell through the stock.

The maths only works if the discount outweighs the cost of finance, so it's worth running the numbers before committing to the larger order.

General information only. This does not constitute financial, legal, accounting or tax advice. Credit is subject to lender assessment, eligibility and approval criteria. Fees, charges, terms and conditions may apply.

#AscendLendingPartners #AustralianBusiness #BusinessFinance #SMEFinance #BusinessLending #StockFinance #InventoryManagement #SMEFinance",pending,pending,,,
ALP-166,2026-08-27,19:00,C:\Users\bosan\Downloads\house-of-diamonds-landing-main\ascend_instagram_library\03_generated_posts\ALP-166_6-red-flags-in-a-finance-offer\ALP-166_slide-01.png,C:\Users\bosan\Downloads\house-of-diamonds-landing-main\ascend_instagram_library\03_generated_posts\ALP-166_6-red-flags-in-a-finance-offer\ALP-166_slide-02.png,C:\Users\bosan\Downloads\house-of-diamonds-landing-main\ascend_instagram_library\03_generated_posts\ALP-166_6-red-flags-in-a-finance-offer\ALP-166_slide-03.png,C:\Users\bosan\Downloads\house-of-diamonds-landing-main\ascend_instagram_library\03_generated_posts\ALP-166_6-red-flags-in-a-finance-offer\ALP-166_slide-04.png,C:\Users\bosan\Downloads\house-of-diamonds-landing-main\ascend_instagram_library\03_generated_posts\ALP-166_6-red-flags-in-a-finance-offer\ALP-166_slide-05.png,"The large majority of business finance offers in Australia are entirely legitimate, but it's still worth knowing a few warning signs — pressure to sign quickly, vague fee explanations, or a reluctance to answer direct questions.

If something feels off, slowing down and asking more questions costs nothing.

General information only. This does not constitute financial, legal, accounting or tax advice. Credit is subject to lender assessment, eligibility and approval criteria. Fees, charges, terms and conditions may apply.",#AscendLendingPartners #AustralianBusiness #BusinessFinance #SMEFinance #BusinessLending #FinanceRedFlags #LoanChecklist #FinanceEducation,"The large majority of business finance offers in Australia are entirely legitimate, but it's still worth knowing a few warning signs — pressure to sign quickly, vague fee explanations, or a reluctance to answer direct questions.

If something feels off, slowing down and asking more questions costs nothing.

General information only. This does not constitute financial, legal, accounting or tax advice. Credit is subject to lender assessment, eligibility and approval criteria. Fees, charges, terms and conditions may apply.

#AscendLendingPartners #AustralianBusiness #BusinessFinance #SMEFinance #BusinessLending #FinanceRedFlags #LoanChecklist #FinanceEducation",pending,pending,,,
ALP-151,2026-08-28,08:00,C:\Users\bosan\Downloads\house-of-diamonds-landing-main\ascend_instagram_library\03_generated_posts\ALP-151_what-is-a-panel-of-lenders\ALP-151_slide-01.png,C:\Users\bosan\Downloads\house-of-diamonds-landing-main\ascend_instagram_library\03_generated_posts\ALP-151_what-is-a-panel-of-lenders\ALP-151_slide-02.png,C:\Users\bosan\Downloads\house-of-diamonds-landing-main\ascend_instagram_library\03_generated_posts\ALP-151_what-is-a-panel-of-lenders\ALP-151_slide-03.png,C:\Users\bosan\Downloads\house-of-diamonds-landing-main\ascend_instagram_library\03_generated_posts\ALP-151_what-is-a-panel-of-lenders\ALP-151_slide-04.png,C:\Users\bosan\Downloads\house-of-diamonds-landing-main\ascend_instagram_library\03_generated_posts\ALP-151_what-is-a-panel-of-lenders\ALP-151_slide-05.png,"A broker's panel — the range of lenders they can actually compare on your behalf — is one of the more overlooked but important factors in choosing who to work with. A wider, more varied panel generally improves the odds of finding a facility that genuinely fits.

It's a completely fair question to ask upfront, and a transparent broker will answer it plainly.

General information only. This does not constitute financial, legal, accounting or tax advice. Credit is subject to lender assessment, eligibility and approval criteria. Fees, charges, terms and conditions may apply.",#AscendLendingPartners #AustralianBusiness #BusinessFinance #SMEFinance #BusinessLending #FinanceBroker #LenderPanel #FinanceEducation,"A broker's panel — the range of lenders they can actually compare on your behalf — is one of the more overlooked but important factors in choosing who to work with. A wider, more varied panel generally improves the odds of finding a facility that genuinely fits.

It's a completely fair question to ask upfront, and a transparent broker will answer it plainly.

General information only. This does not constitute financial, legal, accounting or tax advice. Credit is subject to lender assessment, eligibility and approval criteria. Fees, charges, terms and conditions may apply.

#AscendLendingPartners #AustralianBusiness #BusinessFinance #SMEFinance #BusinessLending #FinanceBroker #LenderPanel #FinanceEducation",pending,pending,,,
ALP-141,2026-08-28,11:40,C:\Users\bosan\Downloads\house-of-diamonds-landing-main\ascend_instagram_library\03_generated_posts\ALP-141_myth-fast-finance-means-risky-finance\ALP-141_slide-01.png,C:\Users\bosan\Downloads\house-of-diamonds-landing-main\ascend_instagram_library\03_generated_posts\ALP-141_myth-fast-finance-means-risky-finance\ALP-141_slide-02.png,C:\Users\bosan\Downloads\house-of-diamonds-landing-main\ascend_instagram_library\03_generated_posts\ALP-141_myth-fast-finance-means-risky-finance\ALP-141_slide-03.png,C:\Users\bosan\Downloads\house-of-diamonds-landing-main\ascend_instagram_library\03_generated_posts\ALP-141_myth-fast-finance-means-risky-finance\ALP-141_slide-04.png,C:\Users\bosan\Downloads\house-of-diamonds-landing-main\ascend_instagram_library\03_generated_posts\ALP-141_myth-fast-finance-means-risky-finance\ALP-141_slide-05.png,"It's easy to assume speed means shortcuts, but a fast turnaround is more often the result of efficient, digital-first processes than reduced diligence — legitimate lenders still assess serviceability and credit history either way.

General information only. This does not constitute financial, legal, accounting or tax advice. Credit is subject to lender assessment, eligibility and approval criteria. Fees, charges, terms and conditions may apply.",#AscendLendingPartners #AustralianBusiness #BusinessFinance #SMEFinance #BusinessLending #FastFinance #BusinessFinanceMyths #SMEFinance,"It's easy to assume speed means shortcuts, but a fast turnaround is more often the result of efficient, digital-first processes than reduced diligence — legitimate lenders still assess serviceability and credit history either way.

General information only. This does not constitute financial, legal, accounting or tax advice. Credit is subject to lender assessment, eligibility and approval criteria. Fees, charges, terms and conditions may apply.

#AscendLendingPartners #AustralianBusiness #BusinessFinance #SMEFinance #BusinessLending #FastFinance #BusinessFinanceMyths #SMEFinance",pending,pending,,,
ALP-009,2026-08-28,15:20,C:\Users\bosan\Downloads\house-of-diamonds-landing-main\ascend_instagram_library\03_generated_posts\ALP-009_full-doc-business-loans\ALP-009_slide-01.png,C:\Users\bosan\Downloads\house-of-diamonds-landing-main\ascend_instagram_library\03_generated_posts\ALP-009_full-doc-business-loans\ALP-009_slide-02.png,C:\Users\bosan\Downloads\house-of-diamonds-landing-main\ascend_instagram_library\03_generated_posts\ALP-009_full-doc-business-loans\ALP-009_slide-03.png,C:\Users\bosan\Downloads\house-of-diamonds-landing-main\ascend_instagram_library\03_generated_posts\ALP-009_full-doc-business-loans\ALP-009_slide-04.png,C:\Users\bosan\Downloads\house-of-diamonds-landing-main\ascend_instagram_library\03_generated_posts\ALP-009_full-doc-business-loans\ALP-009_slide-05.png,"Complete financials take more effort to pull together — but they can also do more work for you.

With two or more years of accountant-prepared statements and tax returns, lenders have the confidence to offer larger amounts, longer terms and often sharper pricing than a low doc equivalent, though outcomes depend on your overall profile and the lender.

Have strong financials ready? Let's see what they could unlock.

General information only. This does not constitute financial, legal, accounting or tax advice. Credit is subject to lender assessment, eligibility and approval criteria. Fees, charges, terms and conditions may apply.",#AscendLendingPartners #FullDocLoans #BusinessFinanceAustralia #CommercialFinance #EstablishedBusiness #SMEFinance #AustralianSmallBusiness #BusinessGrowthAU #FinanceBrokerAustralia #CorporateFinance,"Complete financials take more effort to pull together — but they can also do more work for you.

With two or more years of accountant-prepared statements and tax returns, lenders have the confidence to offer larger amounts, longer terms and often sharper pricing than a low doc equivalent, though outcomes depend on your overall profile and the lender.

Have strong financials ready? Let's see what they could unlock.

General information only. This does not constitute financial, legal, accounting or tax advice. Credit is subject to lender assessment, eligibility and approval criteria. Fees, charges, terms and conditions may apply.

#AscendLendingPartners #FullDocLoans #BusinessFinanceAustralia #CommercialFinance #EstablishedBusiness #SMEFinance #AustralianSmallBusiness #BusinessGrowthAU #FinanceBrokerAustralia #CorporateFinance",pending,pending,,,
ALP-182,2026-08-28,19:00,C:\Users\bosan\Downloads\house-of-diamonds-landing-main\ascend_instagram_library\03_generated_posts\ALP-182_landlord-offered-bigger-space\ALP-182_slide-01.png,C:\Users\bosan\Downloads\house-of-diamonds-landing-main\ascend_instagram_library\03_generated_posts\ALP-182_landlord-offered-bigger-space\ALP-182_slide-02.png,C:\Users\bosan\Downloads\house-of-diamonds-landing-main\ascend_instagram_library\03_generated_posts\ALP-182_landlord-offered-bigger-space\ALP-182_slide-03.png,C:\Users\bosan\Downloads\house-of-diamonds-landing-main\ascend_instagram_library\03_generated_posts\ALP-182_landlord-offered-bigger-space\ALP-182_slide-04.png,C:\Users\bosan\Downloads\house-of-diamonds-landing-main\ascend_instagram_library\03_generated_posts\ALP-182_landlord-offered-bigger-space\ALP-182_slide-05.png,"An offer of more space from an existing landlord can feel like an easy yes, but it's worth treating the decision with the same rigour as any other expansion — costing the fit-out, the higher rent, and the timing properly before committing.

Once the numbers make sense, finance can fund the move without disrupting how the current space is running.

General information only. This does not constitute financial, legal, accounting or tax advice. Credit is subject to lender assessment, eligibility and approval criteria. Fees, charges, terms and conditions may apply.",#AscendLendingPartners #AustralianBusiness #BusinessFinance #SMEFinance #BusinessLending #BusinessExpansion #CommercialProperty #SMEFinance,"An offer of more space from an existing landlord can feel like an easy yes, but it's worth treating the decision with the same rigour as any other expansion — costing the fit-out, the higher rent, and the timing properly before committing.

Once the numbers make sense, finance can fund the move without disrupting how the current space is running.

General information only. This does not constitute financial, legal, accounting or tax advice. Credit is subject to lender assessment, eligibility and approval criteria. Fees, charges, terms and conditions may apply.

#AscendLendingPartners #AustralianBusiness #BusinessFinance #SMEFinance #BusinessLending #BusinessExpansion #CommercialProperty #SMEFinance",pending,pending,,,
ALP-037,2026-08-31,08:00,C:\Users\bosan\Downloads\house-of-diamonds-landing-main\ascend_instagram_library\03_generated_posts\ALP-037_what-does-unsecured-mean\ALP-037_slide-01.png,C:\Users\bosan\Downloads\house-of-diamonds-landing-main\ascend_instagram_library\03_generated_posts\ALP-037_what-does-unsecured-mean\ALP-037_slide-02.png,C:\Users\bosan\Downloads\house-of-diamonds-landing-main\ascend_instagram_library\03_generated_posts\ALP-037_what-does-unsecured-mean\ALP-037_slide-03.png,C:\Users\bosan\Downloads\house-of-diamonds-landing-main\ascend_instagram_library\03_generated_posts\ALP-037_what-does-unsecured-mean\ALP-037_slide-04.png,C:\Users\bosan\Downloads\house-of-diamonds-landing-main\ascend_instagram_library\03_generated_posts\ALP-037_what-does-unsecured-mean\ALP-037_slide-05.png,"""Unsecured"" simply means no single asset is pledged against the loan — it doesn't mean there's no risk or no assessment involved. Lenders lean more heavily on trading history and cash flow, and a personal guarantee from directors is common.

The trade-off for that flexibility is usually a higher rate or a smaller facility size compared to secured lending, so it pays to weigh both paths against your business's situation.

General information only. This does not constitute financial, legal, accounting or tax advice. Credit is subject to lender assessment, eligibility and approval criteria. Fees, charges, terms and conditions may apply.",#AscendLendingPartners #AustralianBusiness #BusinessFinance #SMEFinance #BusinessLending #UnsecuredLoans #BusinessFinanceTerms #FinanceGlossary,"""Unsecured"" simply means no single asset is pledged against the loan — it doesn't mean there's no risk or no assessment involved. Lenders lean more heavily on trading history and cash flow, and a personal guarantee from directors is common.

The trade-off for that flexibility is usually a higher rate or a smaller facility size compared to secured lending, so it pays to weigh both paths against your business's situation.

General information only. This does not constitute financial, legal, accounting or tax advice. Credit is subject to lender assessment, eligibility and approval criteria. Fees, charges, terms and conditions may apply.

#AscendLendingPartners #AustralianBusiness #BusinessFinance #SMEFinance #BusinessLending #UnsecuredLoans #BusinessFinanceTerms #FinanceGlossary",pending,pending,,,
ALP-102,2026-08-31,11:40,C:\Users\bosan\Downloads\house-of-diamonds-landing-main\ascend_instagram_library\03_generated_posts\ALP-102_finance-for-agriculture-and-farming-businesses\ALP-102_slide-01.png,C:\Users\bosan\Downloads\house-of-diamonds-landing-main\ascend_instagram_library\03_generated_posts\ALP-102_finance-for-agriculture-and-farming-businesses\ALP-102_slide-02.png,C:\Users\bosan\Downloads\house-of-diamonds-landing-main\ascend_instagram_library\03_generated_posts\ALP-102_finance-for-agriculture-and-farming-businesses\ALP-102_slide-03.png,C:\Users\bosan\Downloads\house-of-diamonds-landing-main\ascend_instagram_library\03_generated_posts\ALP-102_finance-for-agriculture-and-farming-businesses\ALP-102_slide-04.png,C:\Users\bosan\Downloads\house-of-diamonds-landing-main\ascend_instagram_library\03_generated_posts\ALP-102_finance-for-agriculture-and-farming-businesses\ALP-102_slide-05.png,"Agricultural businesses often earn income in concentrated seasonal windows, while costs like feed, fuel and wages continue year-round. Working capital and equipment finance are widely used to bridge these cycles and fund machinery.

Every industry has its own rhythm when it comes to cash flow and finance needs — understanding agriculture and farming businesses's specific pattern is the first step to finding the right fit.

Seasonal income against year-round costs is one of the oldest cash-flow challenges in business — agriculture has its own tools to manage it.

General information only. This does not constitute financial, legal, accounting or tax advice. Credit is subject to lender assessment, eligibility and approval criteria. Fees, charges, terms and conditions may apply.",#AscendLendingPartners #AustralianBusiness #BusinessFinance #SMEFinance #BusinessLending #AgricultureFinance #FarmFinance #RuralBusiness,"Agricultural businesses often earn income in concentrated seasonal windows, while costs like feed, fuel and wages continue year-round. Working capital and equipment finance are widely used to bridge these cycles and fund machinery.

Every industry has its own rhythm when it comes to cash flow and finance needs — understanding agriculture and farming businesses's specific pattern is the first step to finding the right fit.

Seasonal income against year-round costs is one of the oldest cash-flow challenges in business — agriculture has its own tools to manage it.

General information only. This does not constitute financial, legal, accounting or tax advice. Credit is subject to lender assessment, eligibility and approval criteria. Fees, charges, terms and conditions may apply.

#AscendLendingPartners #AustralianBusiness #BusinessFinance #SMEFinance #BusinessLending #AgricultureFinance #FarmFinance #RuralBusiness",pending,pending,,,
ALP-122,2026-08-31,15:20,C:\Users\bosan\Downloads\house-of-diamonds-landing-main\ascend_instagram_library\03_generated_posts\ALP-122_concerned-about-hidden-fees\ALP-122_slide-01.png,C:\Users\bosan\Downloads\house-of-diamonds-landing-main\ascend_instagram_library\03_generated_posts\ALP-122_concerned-about-hidden-fees\ALP-122_slide-02.png,C:\Users\bosan\Downloads\house-of-diamonds-landing-main\ascend_instagram_library\03_generated_posts\ALP-122_concerned-about-hidden-fees\ALP-122_slide-03.png,C:\Users\bosan\Downloads\house-of-diamonds-landing-main\ascend_instagram_library\03_generated_posts\ALP-122_concerned-about-hidden-fees\ALP-122_slide-04.png,C:\Users\bosan\Downloads\house-of-diamonds-landing-main\ascend_instagram_library\03_generated_posts\ALP-122_concerned-about-hidden-fees\ALP-122_slide-05.png,"Concern about hidden fees is fair — finance agreements can be dense, and it's not always obvious what to ask. A short, direct list of questions usually surfaces everything that matters: establishment costs, ongoing fees, and what happens if you repay early.

A transparent lender or broker won't hesitate to answer these clearly, and the formal offer document should confirm everything discussed.

General information only. This does not constitute financial, legal, accounting or tax advice. Credit is subject to lender assessment, eligibility and approval criteria. Fees, charges, terms and conditions may apply.",#AscendLendingPartners #AustralianBusiness #BusinessFinance #SMEFinance #BusinessLending #LoanFees #FinanceTransparency #SMEFinanceTips,"Concern about hidden fees is fair — finance agreements can be dense, and it's not always obvious what to ask. A short, direct list of questions usually surfaces everything that matters: establishment costs, ongoing fees, and what happens if you repay early.

A transparent lender or broker won't hesitate to answer these clearly, and the formal offer document should confirm everything discussed.

General information only. This does not constitute financial, legal, accounting or tax advice. Credit is subject to lender assessment, eligibility and approval criteria. Fees, charges, terms and conditions may apply.

#AscendLendingPartners #AustralianBusiness #BusinessFinance #SMEFinance #BusinessLending #LoanFees #FinanceTransparency #SMEFinanceTips",pending,pending,,,
ALP-022,2026-08-31,19:00,C:\Users\bosan\Downloads\house-of-diamonds-landing-main\ascend_instagram_library\03_generated_posts\ALP-022_line-of-credit-vs-business-credit-card\ALP-022_slide-01.png,C:\Users\bosan\Downloads\house-of-diamonds-landing-main\ascend_instagram_library\03_generated_posts\ALP-022_line-of-credit-vs-business-credit-card\ALP-022_slide-02.png,C:\Users\bosan\Downloads\house-of-diamonds-landing-main\ascend_instagram_library\03_generated_posts\ALP-022_line-of-credit-vs-business-credit-card\ALP-022_slide-03.png,C:\Users\bosan\Downloads\house-of-diamonds-landing-main\ascend_instagram_library\03_generated_posts\ALP-022_line-of-credit-vs-business-credit-card\ALP-022_slide-04.png,C:\Users\bosan\Downloads\house-of-diamonds-landing-main\ascend_instagram_library\03_generated_posts\ALP-022_line-of-credit-vs-business-credit-card\ALP-022_slide-05.png,"A line of credit and a business credit card can feel similar — both revolve, both flex with use — but they're generally built for different scales of spending.

A line of credit tends to suit larger, less frequent draws, while a credit card is built for everyday transactions with short interest-free windows. Plenty of businesses use both, for different purposes.

General information only. This does not constitute financial, legal, accounting or tax advice. Credit is subject to lender assessment, eligibility and approval criteria. Fees, charges, terms and conditions may apply.",#AscendLendingPartners #BusinessLineOfCredit #BusinessCreditCard #CashFlowManagement #BusinessFinanceAustralia #SMEFinance #AustralianSmallBusiness #CommercialFinance #FinanceBrokerAustralia,"A line of credit and a business credit card can feel similar — both revolve, both flex with use — but they're generally built for different scales of spending.

A line of credit tends to suit larger, less frequent draws, while a credit card is built for everyday transactions with short interest-free windows. Plenty of businesses use both, for different purposes.

General information only. This does not constitute financial, legal, accounting or tax advice. Credit is subject to lender assessment, eligibility and approval criteria. Fees, charges, terms and conditions may apply.

#AscendLendingPartners #BusinessLineOfCredit #BusinessCreditCard #CashFlowManagement #BusinessFinanceAustralia #SMEFinance #AustralianSmallBusiness #CommercialFinance #FinanceBrokerAustralia",pending,pending,,,
ALP-057,2026-09-01,08:00,C:\Users\bosan\Downloads\house-of-diamonds-landing-main\ascend_instagram_library\03_generated_posts\ALP-057_how-long-trading-before-you-apply\ALP-057_slide-01.png,C:\Users\bosan\Downloads\house-of-diamonds-landing-main\ascend_instagram_library\03_generated_posts\ALP-057_how-long-trading-before-you-apply\ALP-057_slide-02.png,C:\Users\bosan\Downloads\house-of-diamonds-landing-main\ascend_instagram_library\03_generated_posts\ALP-057_how-long-trading-before-you-apply\ALP-057_slide-03.png,C:\Users\bosan\Downloads\house-of-diamonds-landing-main\ascend_instagram_library\03_generated_posts\ALP-057_how-long-trading-before-you-apply\ALP-057_slide-04.png,C:\Users\bosan\Downloads\house-of-diamonds-landing-main\ascend_instagram_library\03_generated_posts\ALP-057_how-long-trading-before-you-apply\ALP-057_slide-05.png,"""How long do I need to be trading?"" is one of the most common questions we hear — and the honest answer is that it depends entirely on the lender. Some require two years of history, others will consider a business just months old, especially where security or director experience helps offset the shorter track record.

Rather than assuming you're too early, it's worth checking what's actually available at your stage.

General information only. This does not constitute financial, legal, accounting or tax advice. Credit is subject to lender assessment, eligibility and approval criteria. Fees, charges, terms and conditions may apply.",#AscendLendingPartners #AustralianBusiness #BusinessFinance #SMEFinance #BusinessLending #NewBusinessFinance #StartupLoans #SMEFinance,"""How long do I need to be trading?"" is one of the most common questions we hear — and the honest answer is that it depends entirely on the lender. Some require two years of history, others will consider a business just months old, especially where security or director experience helps offset the shorter track record.

Rather than assuming you're too early, it's worth checking what's actually available at your stage.

General information only. This does not constitute financial, legal, accounting or tax advice. Credit is subject to lender assessment, eligibility and approval criteria. Fees, charges, terms and conditions may apply.

#AscendLendingPartners #AustralianBusiness #BusinessFinance #SMEFinance #BusinessLending #NewBusinessFinance #StartupLoans #SMEFinance",pending,pending,,,
ALP-072,2026-09-01,11:40,C:\Users\bosan\Downloads\house-of-diamonds-landing-main\ascend_instagram_library\03_generated_posts\ALP-072_what-is-the-cash-conversion-cycle\ALP-072_slide-01.png,C:\Users\bosan\Downloads\house-of-diamonds-landing-main\ascend_instagram_library\03_generated_posts\ALP-072_what-is-the-cash-conversion-cycle\ALP-072_slide-02.png,C:\Users\bosan\Downloads\house-of-diamonds-landing-main\ascend_instagram_library\03_generated_posts\ALP-072_what-is-the-cash-conversion-cycle\ALP-072_slide-03.png,C:\Users\bosan\Downloads\house-of-diamonds-landing-main\ascend_instagram_library\03_generated_posts\ALP-072_what-is-the-cash-conversion-cycle\ALP-072_slide-04.png,C:\Users\bosan\Downloads\house-of-diamonds-landing-main\ascend_instagram_library\03_generated_posts\ALP-072_what-is-the-cash-conversion-cycle\ALP-072_slide-05.png,"The cash conversion cycle is a simple way to see where your money is tied up — how long stock sits before it sells, plus how long it takes customers to pay once it does. Businesses with long cycles often feel cash-flow pressure even while trading profitably.

Shortening either side of the cycle — faster stock turnover or faster collections — eases that pressure, and finance can help cover the gap while those improvements take hold.

General information only. This does not constitute financial, legal, accounting or tax advice. Credit is subject to lender assessment, eligibility and approval criteria. Fees, charges, terms and conditions may apply.",#AscendLendingPartners #AustralianBusiness #BusinessFinance #SMEFinance #BusinessLending #CashConversionCycle #WorkingCapital #FinanceGlossary,"The cash conversion cycle is a simple way to see where your money is tied up — how long stock sits before it sells, plus how long it takes customers to pay once it does. Businesses with long cycles often feel cash-flow pressure even while trading profitably.

Shortening either side of the cycle — faster stock turnover or faster collections — eases that pressure, and finance can help cover the gap while those improvements take hold.

General information only. This does not constitute financial, legal, accounting or tax advice. Credit is subject to lender assessment, eligibility and approval criteria. Fees, charges, terms and conditions may apply.

#AscendLendingPartners #AustralianBusiness #BusinessFinance #SMEFinance #BusinessLending #CashConversionCycle #WorkingCapital #FinanceGlossary",pending,pending,,,
ALP-087,2026-09-01,15:20,C:\Users\bosan\Downloads\house-of-diamonds-landing-main\ascend_instagram_library\03_generated_posts\ALP-087_financing-a-business-acquisition\ALP-087_slide-01.png,C:\Users\bosan\Downloads\house-of-diamonds-landing-main\ascend_instagram_library\03_generated_posts\ALP-087_financing-a-business-acquisition\ALP-087_slide-02.png,C:\Users\bosan\Downloads\house-of-diamonds-landing-main\ascend_instagram_library\03_generated_posts\ALP-087_financing-a-business-acquisition\ALP-087_slide-03.png,C:\Users\bosan\Downloads\house-of-diamonds-landing-main\ascend_instagram_library\03_generated_posts\ALP-087_financing-a-business-acquisition\ALP-087_slide-04.png,C:\Users\bosan\Downloads\house-of-diamonds-landing-main\ascend_instagram_library\03_generated_posts\ALP-087_financing-a-business-acquisition\ALP-087_slide-05.png,"Buying an existing business is a different scale of decision to everyday business lending — it involves understanding someone else's financials as closely as your own, and structuring finance around a purchase price rather than a single, well-defined need.

Because these deals typically take longer and involve more moving parts, starting the finance conversation early — well before a purchase agreement is signed — gives everyone more room to get the structure right.

General information only. This does not constitute financial, legal, accounting or tax advice. Credit is subject to lender assessment, eligibility and approval criteria. Fees, charges, terms and conditions may apply.",#AscendLendingPartners #AustralianBusiness #BusinessFinance #SMEFinance #BusinessLending #BusinessAcquisition #GrowthFinance #SMEStrategy,"Buying an existing business is a different scale of decision to everyday business lending — it involves understanding someone else's financials as closely as your own, and structuring finance around a purchase price rather than a single, well-defined need.

Because these deals typically take longer and involve more moving parts, starting the finance conversation early — well before a purchase agreement is signed — gives everyone more room to get the structure right.

General information only. This does not constitute financial, legal, accounting or tax advice. Credit is subject to lender assessment, eligibility and approval criteria. Fees, charges, terms and conditions may apply.

#AscendLendingPartners #AustralianBusiness #BusinessFinance #SMEFinance #BusinessLending #BusinessAcquisition #GrowthFinance #SMEStrategy",pending,pending,,,
ALP-167,2026-09-01,19:00,C:\Users\bosan\Downloads\house-of-diamonds-landing-main\ascend_instagram_library\03_generated_posts\ALP-167_5-ways-businesses-use-a-line-of-credit\ALP-167_slide-01.png,C:\Users\bosan\Downloads\house-of-diamonds-landing-main\ascend_instagram_library\03_generated_posts\ALP-167_5-ways-businesses-use-a-line-of-credit\ALP-167_slide-02.png,C:\Users\bosan\Downloads\house-of-diamonds-landing-main\ascend_instagram_library\03_generated_posts\ALP-167_5-ways-businesses-use-a-line-of-credit\ALP-167_slide-03.png,C:\Users\bosan\Downloads\house-of-diamonds-landing-main\ascend_instagram_library\03_generated_posts\ALP-167_5-ways-businesses-use-a-line-of-credit\ALP-167_slide-04.png,C:\Users\bosan\Downloads\house-of-diamonds-landing-main\ascend_instagram_library\03_generated_posts\ALP-167_5-ways-businesses-use-a-line-of-credit\ALP-167_slide-05.png,"The flexibility of a line of credit is exactly what makes it useful across so many different situations — from smoothing seasonal dips to acting fast on an unexpected opportunity.

Seeing how other businesses use one is often the easiest way to recognise whether it fits your own situation.

General information only. This does not constitute financial, legal, accounting or tax advice. Credit is subject to lender assessment, eligibility and approval criteria. Fees, charges, terms and conditions may apply.",#AscendLendingPartners #AustralianBusiness #BusinessFinance #SMEFinance #BusinessLending #LineOfCredit #BusinessFinanceOptions #SMEFinance,"The flexibility of a line of credit is exactly what makes it useful across so many different situations — from smoothing seasonal dips to acting fast on an unexpected opportunity.

Seeing how other businesses use one is often the easiest way to recognise whether it fits your own situation.

General information only. This does not constitute financial, legal, accounting or tax advice. Credit is subject to lender assessment, eligibility and approval criteria. Fees, charges, terms and conditions may apply.

#AscendLendingPartners #AustralianBusiness #BusinessFinance #SMEFinance #BusinessLending #LineOfCredit #BusinessFinanceOptions #SMEFinance",pending,pending,,,
ALP-152,2026-09-02,08:00,C:\Users\bosan\Downloads\house-of-diamonds-landing-main\ascend_instagram_library\03_generated_posts\ALP-152_how-long-does-approval-typically-take\ALP-152_slide-01.png,C:\Users\bosan\Downloads\house-of-diamonds-landing-main\ascend_instagram_library\03_generated_posts\ALP-152_how-long-does-approval-typically-take\ALP-152_slide-02.png,C:\Users\bosan\Downloads\house-of-diamonds-landing-main\ascend_instagram_library\03_generated_posts\ALP-152_how-long-does-approval-typically-take\ALP-152_slide-03.png,C:\Users\bosan\Downloads\house-of-diamonds-landing-main\ascend_instagram_library\03_generated_posts\ALP-152_how-long-does-approval-typically-take\ALP-152_slide-04.png,C:\Users\bosan\Downloads\house-of-diamonds-landing-main\ascend_instagram_library\03_generated_posts\ALP-152_how-long-does-approval-typically-take\ALP-152_slide-05.png,"Timeframes vary genuinely by facility type — a straightforward, smaller facility can sometimes move in days, while larger or more complex lending naturally takes longer to properly assess.

Asking for a realistic estimate upfront, rather than the fastest possible scenario, helps you plan around the process with far less stress.

General information only. This does not constitute financial, legal, accounting or tax advice. Credit is subject to lender assessment, eligibility and approval criteria. Fees, charges, terms and conditions may apply.",#AscendLendingPartners #AustralianBusiness #BusinessFinance #SMEFinance #BusinessLending #LoanTimeline #BusinessFinanceProcess #FinanceEducation,"Timeframes vary genuinely by facility type — a straightforward, smaller facility can sometimes move in days, while larger or more complex lending naturally takes longer to properly assess.

Asking for a realistic estimate upfront, rather than the fastest possible scenario, helps you plan around the process with far less stress.

General information only. This does not constitute financial, legal, accounting or tax advice. Credit is subject to lender assessment, eligibility and approval criteria. Fees, charges, terms and conditions may apply.

#AscendLendingPartners #AustralianBusiness #BusinessFinance #SMEFinance #BusinessLending #LoanTimeline #BusinessFinanceProcess #FinanceEducation",pending,pending,,,
ALP-142,2026-09-02,11:40,C:\Users\bosan\Downloads\house-of-diamonds-landing-main\ascend_instagram_library\03_generated_posts\ALP-142_myth-refinancing-means-something-wrong\ALP-142_slide-01.png,C:\Users\bosan\Downloads\house-of-diamonds-landing-main\ascend_instagram_library\03_generated_posts\ALP-142_myth-refinancing-means-something-wrong\ALP-142_slide-02.png,C:\Users\bosan\Downloads\house-of-diamonds-landing-main\ascend_instagram_library\03_generated_posts\ALP-142_myth-refinancing-means-something-wrong\ALP-142_slide-03.png,C:\Users\bosan\Downloads\house-of-diamonds-landing-main\ascend_instagram_library\03_generated_posts\ALP-142_myth-refinancing-means-something-wrong\ALP-142_slide-04.png,C:\Users\bosan\Downloads\house-of-diamonds-landing-main\ascend_instagram_library\03_generated_posts\ALP-142_myth-refinancing-means-something-wrong\ALP-142_slide-05.png,"There's a lingering assumption that refinancing signals trouble — in reality, many businesses refinance simply because their situation has improved and better terms are now available, which is a genuinely positive reason to revisit an existing facility.

General information only. This does not constitute financial, legal, accounting or tax advice. Credit is subject to lender assessment, eligibility and approval criteria. Fees, charges, terms and conditions may apply.",#AscendLendingPartners #AustralianBusiness #BusinessFinance #SMEFinance #BusinessLending #Refinancing #BusinessFinanceMyths #SMEFinance,"There's a lingering assumption that refinancing signals trouble — in reality, many businesses refinance simply because their situation has improved and better terms are now available, which is a genuinely positive reason to revisit an existing facility.

General information only. This does not constitute financial, legal, accounting or tax advice. Credit is subject to lender assessment, eligibility and approval criteria. Fees, charges, terms and conditions may apply.

#AscendLendingPartners #AustralianBusiness #BusinessFinance #SMEFinance #BusinessLending #Refinancing #BusinessFinanceMyths #SMEFinance",pending,pending,,,
ALP-183,2026-09-02,15:20,C:\Users\bosan\Downloads\house-of-diamonds-landing-main\ascend_instagram_library\03_generated_posts\ALP-183_tax-bill-due-not-enough-cash\ALP-183_slide-01.png,C:\Users\bosan\Downloads\house-of-diamonds-landing-main\ascend_instagram_library\03_generated_posts\ALP-183_tax-bill-due-not-enough-cash\ALP-183_slide-02.png,C:\Users\bosan\Downloads\house-of-diamonds-landing-main\ascend_instagram_library\03_generated_posts\ALP-183_tax-bill-due-not-enough-cash\ALP-183_slide-03.png,C:\Users\bosan\Downloads\house-of-diamonds-landing-main\ascend_instagram_library\03_generated_posts\ALP-183_tax-bill-due-not-enough-cash\ALP-183_slide-04.png,C:\Users\bosan\Downloads\house-of-diamonds-landing-main\ascend_instagram_library\03_generated_posts\ALP-183_tax-bill-due-not-enough-cash\ALP-183_slide-05.png,"A larger-than-expected tax bill landing at a tight time is genuinely stressful, but it's also a well-understood situation with specialist finance built specifically to address it.

The key is acting before the due date rather than after — both to avoid compounding ATO interest and penalties, and because more finance options tend to be available before a debt becomes overdue.

General information only. This does not constitute financial, legal, accounting or tax advice. Credit is subject to lender assessment, eligibility and approval criteria. Fees, charges, terms and conditions may apply.",#AscendLendingPartners #AustralianBusiness #BusinessFinance #SMEFinance #BusinessLending #TaxDebtFinance #ATODebt #CashFlowManagement,"A larger-than-expected tax bill landing at a tight time is genuinely stressful, but it's also a well-understood situation with specialist finance built specifically to address it.

The key is acting before the due date rather than after — both to avoid compounding ATO interest and penalties, and because more finance options tend to be available before a debt becomes overdue.

General information only. This does not constitute financial, legal, accounting or tax advice. Credit is subject to lender assessment, eligibility and approval criteria. Fees, charges, terms and conditions may apply.

#AscendLendingPartners #AustralianBusiness #BusinessFinance #SMEFinance #BusinessLending #TaxDebtFinance #ATODebt #CashFlowManagement",pending,pending,,,
ALP-038,2026-09-02,19:00,C:\Users\bosan\Downloads\house-of-diamonds-landing-main\ascend_instagram_library\03_generated_posts\ALP-038_what-does-secured-mean\ALP-038_slide-01.png,C:\Users\bosan\Downloads\house-of-diamonds-landing-main\ascend_instagram_library\03_generated_posts\ALP-038_what-does-secured-mean\ALP-038_slide-02.png,C:\Users\bosan\Downloads\house-of-diamonds-landing-main\ascend_instagram_library\03_generated_posts\ALP-038_what-does-secured-mean\ALP-038_slide-03.png,C:\Users\bosan\Downloads\house-of-diamonds-landing-main\ascend_instagram_library\03_generated_posts\ALP-038_what-does-secured-mean\ALP-038_slide-04.png,C:\Users\bosan\Downloads\house-of-diamonds-landing-main\ascend_instagram_library\03_generated_posts\ALP-038_what-does-secured-mean\ALP-038_slide-05.png,"Security simply means a specific asset stands behind the loan — if the facility isn't repaid as agreed, the lender has recourse to that asset. In exchange for that reduced risk, secured lending can often support larger amounts or better pricing than an unsecured facility.

The right choice comes down to what assets you're willing to put forward and how that trade-off weighs against the terms on offer.

General information only. This does not constitute financial, legal, accounting or tax advice. Credit is subject to lender assessment, eligibility and approval criteria. Fees, charges, terms and conditions may apply.",#AscendLendingPartners #AustralianBusiness #BusinessFinance #SMEFinance #BusinessLending #SecuredLoans #BusinessFinanceTerms #FinanceGlossary,"Security simply means a specific asset stands behind the loan — if the facility isn't repaid as agreed, the lender has recourse to that asset. In exchange for that reduced risk, secured lending can often support larger amounts or better pricing than an unsecured facility.

The right choice comes down to what assets you're willing to put forward and how that trade-off weighs against the terms on offer.

General information only. This does not constitute financial, legal, accounting or tax advice. Credit is subject to lender assessment, eligibility and approval criteria. Fees, charges, terms and conditions may apply.

#AscendLendingPartners #AustralianBusiness #BusinessFinance #SMEFinance #BusinessLending #SecuredLoans #BusinessFinanceTerms #FinanceGlossary",pending,pending,,,
ALP-103,2026-09-03,08:00,C:\Users\bosan\Downloads\house-of-diamonds-landing-main\ascend_instagram_library\03_generated_posts\ALP-103_finance-for-childcare-providers\ALP-103_slide-01.png,C:\Users\bosan\Downloads\house-of-diamonds-landing-main\ascend_instagram_library\03_generated_posts\ALP-103_finance-for-childcare-providers\ALP-103_slide-02.png,C:\Users\bosan\Downloads\house-of-diamonds-landing-main\ascend_instagram_library\03_generated_posts\ALP-103_finance-for-childcare-providers\ALP-103_slide-03.png,C:\Users\bosan\Downloads\house-of-diamonds-landing-main\ascend_instagram_library\03_generated_posts\ALP-103_finance-for-childcare-providers\ALP-103_slide-04.png,C:\Users\bosan\Downloads\house-of-diamonds-landing-main\ascend_instagram_library\03_generated_posts\ALP-103_finance-for-childcare-providers\ALP-103_slide-05.png,"Childcare providers often deal with steady but enrolment-driven revenue, alongside compliance, staffing and facility costs that don't flex with occupancy. Finance can support fit-out, expansion, or smoothing cash flow around enrolment changes.

Every industry has its own rhythm when it comes to cash flow and finance needs — understanding childcare providers's specific pattern is the first step to finding the right fit.

Enrolment swings and ongoing compliance costs both shape how childcare providers plan their finances.

General information only. This does not constitute financial, legal, accounting or tax advice. Credit is subject to lender assessment, eligibility and approval criteria. Fees, charges, terms and conditions may apply.",#AscendLendingPartners #AustralianBusiness #BusinessFinance #SMEFinance #BusinessLending #ChildcareFinance #EarlyLearningBusiness #SMEFinance,"Childcare providers often deal with steady but enrolment-driven revenue, alongside compliance, staffing and facility costs that don't flex with occupancy. Finance can support fit-out, expansion, or smoothing cash flow around enrolment changes.

Every industry has its own rhythm when it comes to cash flow and finance needs — understanding childcare providers's specific pattern is the first step to finding the right fit.

Enrolment swings and ongoing compliance costs both shape how childcare providers plan their finances.

General information only. This does not constitute financial, legal, accounting or tax advice. Credit is subject to lender assessment, eligibility and approval criteria. Fees, charges, terms and conditions may apply.

#AscendLendingPartners #AustralianBusiness #BusinessFinance #SMEFinance #BusinessLending #ChildcareFinance #EarlyLearningBusiness #SMEFinance",pending,pending,,,
ALP-123,2026-09-03,11:40,C:\Users\bosan\Downloads\house-of-diamonds-landing-main\ascend_instagram_library\03_generated_posts\ALP-123_knocked-back-before-what-changes-the-outcome\ALP-123_slide-01.png,C:\Users\bosan\Downloads\house-of-diamonds-landing-main\ascend_instagram_library\03_generated_posts\ALP-123_knocked-back-before-what-changes-the-outcome\ALP-123_slide-02.png,C:\Users\bosan\Downloads\house-of-diamonds-landing-main\ascend_instagram_library\03_generated_posts\ALP-123_knocked-back-before-what-changes-the-outcome\ALP-123_slide-03.png,C:\Users\bosan\Downloads\house-of-diamonds-landing-main\ascend_instagram_library\03_generated_posts\ALP-123_knocked-back-before-what-changes-the-outcome\ALP-123_slide-04.png,C:\Users\bosan\Downloads\house-of-diamonds-landing-main\ascend_instagram_library\03_generated_posts\ALP-123_knocked-back-before-what-changes-the-outcome\ALP-123_slide-05.png,"A previous knock-back can make it tempting to assume the answer will always be no — but a decline is specific to a moment in time, a particular lender, and their criteria then. If your financials have improved, the amount you need has changed, or you're now looking at a different lender altogether, the outcome can genuinely be different.

The key is understanding exactly why the previous application didn't succeed, so the next one addresses that directly.

General information only. This does not constitute financial, legal, accounting or tax advice. Credit is subject to lender assessment, eligibility and approval criteria. Fees, charges, terms and conditions may apply.",#AscendLendingPartners #AustralianBusiness #BusinessFinance #SMEFinance #BusinessLending #LoanRejection #BusinessFinanceOptions #SMEFinance,"A previous knock-back can make it tempting to assume the answer will always be no — but a decline is specific to a moment in time, a particular lender, and their criteria then. If your financials have improved, the amount you need has changed, or you're now looking at a different lender altogether, the outcome can genuinely be different.

The key is understanding exactly why the previous application didn't succeed, so the next one addresses that directly.

General information only. This does not constitute financial, legal, accounting or tax advice. Credit is subject to lender assessment, eligibility and approval criteria. Fees, charges, terms and conditions may apply.

#AscendLendingPartners #AustralianBusiness #BusinessFinance #SMEFinance #BusinessLending #LoanRejection #BusinessFinanceOptions #SMEFinance",pending,pending,,,
ALP-023,2026-09-03,15:20,C:\Users\bosan\Downloads\house-of-diamonds-landing-main\ascend_instagram_library\03_generated_posts\ALP-023_short-term-vs-long-term-business-finance\ALP-023_slide-01.png,C:\Users\bosan\Downloads\house-of-diamonds-landing-main\ascend_instagram_library\03_generated_posts\ALP-023_short-term-vs-long-term-business-finance\ALP-023_slide-02.png,C:\Users\bosan\Downloads\house-of-diamonds-landing-main\ascend_instagram_library\03_generated_posts\ALP-023_short-term-vs-long-term-business-finance\ALP-023_slide-03.png,C:\Users\bosan\Downloads\house-of-diamonds-landing-main\ascend_instagram_library\03_generated_posts\ALP-023_short-term-vs-long-term-business-finance\ALP-023_slide-04.png,C:\Users\bosan\Downloads\house-of-diamonds-landing-main\ascend_instagram_library\03_generated_posts\ALP-023_short-term-vs-long-term-business-finance\ALP-023_slide-05.png,"Taking a long-term facility for a short-term need — or vice versa — is one of the more common structuring mistakes we see.

Short-term finance suits a defined, time-bound situation with a clear exit event. Long-term finance suits larger investments where spreading repayments over years makes more sense than compressing them into months.

General information only. This does not constitute financial, legal, accounting or tax advice. Credit is subject to lender assessment, eligibility and approval criteria. Fees, charges, terms and conditions may apply.",#AscendLendingPartners #ShortTermFinance #LongTermFinance #BusinessFinanceAustralia #CommercialFinance #SMEFinance #AustralianSmallBusiness #BridgingFinance #FinanceBrokerAustralia,"Taking a long-term facility for a short-term need — or vice versa — is one of the more common structuring mistakes we see.

Short-term finance suits a defined, time-bound situation with a clear exit event. Long-term finance suits larger investments where spreading repayments over years makes more sense than compressing them into months.

General information only. This does not constitute financial, legal, accounting or tax advice. Credit is subject to lender assessment, eligibility and approval criteria. Fees, charges, terms and conditions may apply.

#AscendLendingPartners #ShortTermFinance #LongTermFinance #BusinessFinanceAustralia #CommercialFinance #SMEFinance #AustralianSmallBusiness #BridgingFinance #FinanceBrokerAustralia",pending,pending,,,
ALP-058,2026-09-03,19:00,C:\Users\bosan\Downloads\house-of-diamonds-landing-main\ascend_instagram_library\03_generated_posts\ALP-058_what-lenders-look-for-in-bank-statements\ALP-058_slide-01.png,C:\Users\bosan\Downloads\house-of-diamonds-landing-main\ascend_instagram_library\03_generated_posts\ALP-058_what-lenders-look-for-in-bank-statements\ALP-058_slide-02.png,C:\Users\bosan\Downloads\house-of-diamonds-landing-main\ascend_instagram_library\03_generated_posts\ALP-058_what-lenders-look-for-in-bank-statements\ALP-058_slide-03.png,C:\Users\bosan\Downloads\house-of-diamonds-landing-main\ascend_instagram_library\03_generated_posts\ALP-058_what-lenders-look-for-in-bank-statements\ALP-058_slide-04.png,C:\Users\bosan\Downloads\house-of-diamonds-landing-main\ascend_instagram_library\03_generated_posts\ALP-058_what-lenders-look-for-in-bank-statements\ALP-058_slide-05.png,"Bank statements are one of the most revealing documents in a loan application — they show, in real time, how the business actually operates rather than how it looks on paper. Lenders are typically scanning for consistency, signs of financial stress, and how existing commitments are being managed.

It's worth reviewing your own statements before applying, so you can explain any unusual activity upfront rather than leaving a lender to guess.

General information only. This does not constitute financial, legal, accounting or tax advice. Credit is subject to lender assessment, eligibility and approval criteria. Fees, charges, terms and conditions may apply.",#AscendLendingPartners #AustralianBusiness #BusinessFinance #SMEFinance #BusinessLending #BankStatements #LoanAssessment #FinancePreparation,"Bank statements are one of the most revealing documents in a loan application — they show, in real time, how the business actually operates rather than how it looks on paper. Lenders are typically scanning for consistency, signs of financial stress, and how existing commitments are being managed.

It's worth reviewing your own statements before applying, so you can explain any unusual activity upfront rather than leaving a lender to guess.

General information only. This does not constitute financial, legal, accounting or tax advice. Credit is subject to lender assessment, eligibility and approval criteria. Fees, charges, terms and conditions may apply.

#AscendLendingPartners #AustralianBusiness #BusinessFinance #SMEFinance #BusinessLending #BankStatements #LoanAssessment #FinancePreparation",pending,pending,,,
ALP-073,2026-09-04,08:00,C:\Users\bosan\Downloads\house-of-diamonds-landing-main\ascend_instagram_library\03_generated_posts\ALP-073_gst-and-tax-timing-effects-on-cash-flow\ALP-073_slide-01.png,C:\Users\bosan\Downloads\house-of-diamonds-landing-main\ascend_instagram_library\03_generated_posts\ALP-073_gst-and-tax-timing-effects-on-cash-flow\ALP-073_slide-02.png,C:\Users\bosan\Downloads\house-of-diamonds-landing-main\ascend_instagram_library\03_generated_posts\ALP-073_gst-and-tax-timing-effects-on-cash-flow\ALP-073_slide-03.png,C:\Users\bosan\Downloads\house-of-diamonds-landing-main\ascend_instagram_library\03_generated_posts\ALP-073_gst-and-tax-timing-effects-on-cash-flow\ALP-073_slide-04.png,C:\Users\bosan\Downloads\house-of-diamonds-landing-main\ascend_instagram_library\03_generated_posts\ALP-073_gst-and-tax-timing-effects-on-cash-flow\ALP-073_slide-05.png,"Because BAS and tax obligations land on fixed dates no matter how trading is going, they're one of the most predictable — and most commonly underestimated — sources of cash-flow pressure. GST collected during the quarter can feel like revenue if it isn't set aside deliberately.

If you do fall behind, specialist finance exists specifically to address ATO debt, rather than treating it the same as any other cash shortfall.

General information only. This does not constitute financial, legal, accounting or tax advice. Credit is subject to lender assessment, eligibility and approval criteria. Fees, charges, terms and conditions may apply.",#AscendLendingPartners #AustralianBusiness #BusinessFinance #SMEFinance #BusinessLending #TaxDebt #GST #CashFlowPlanning,"Because BAS and tax obligations land on fixed dates no matter how trading is going, they're one of the most predictable — and most commonly underestimated — sources of cash-flow pressure. GST collected during the quarter can feel like revenue if it isn't set aside deliberately.

If you do fall behind, specialist finance exists specifically to address ATO debt, rather than treating it the same as any other cash shortfall.

General information only. This does not constitute financial, legal, accounting or tax advice. Credit is subject to lender assessment, eligibility and approval criteria. Fees, charges, terms and conditions may apply.

#AscendLendingPartners #AustralianBusiness #BusinessFinance #SMEFinance #BusinessLending #TaxDebt #GST #CashFlowPlanning",pending,pending,,,
ALP-088,2026-09-04,11:40,C:\Users\bosan\Downloads\house-of-diamonds-landing-main\ascend_instagram_library\03_generated_posts\ALP-088_fund-technology-and-systems-upgrades\ALP-088_slide-01.png,C:\Users\bosan\Downloads\house-of-diamonds-landing-main\ascend_instagram_library\03_generated_posts\ALP-088_fund-technology-and-systems-upgrades\ALP-088_slide-02.png,C:\Users\bosan\Downloads\house-of-diamonds-landing-main\ascend_instagram_library\03_generated_posts\ALP-088_fund-technology-and-systems-upgrades\ALP-088_slide-03.png,C:\Users\bosan\Downloads\house-of-diamonds-landing-main\ascend_instagram_library\03_generated_posts\ALP-088_fund-technology-and-systems-upgrades\ALP-088_slide-04.png,C:\Users\bosan\Downloads\house-of-diamonds-landing-main\ascend_instagram_library\03_generated_posts\ALP-088_fund-technology-and-systems-upgrades\ALP-088_slide-05.png,"Outdated systems can quietly cost more in inefficiency than a well-timed upgrade would in finance repayments — but the upfront cost of hardware, software or a full platform change can still be a real barrier.

Financing the upgrade spreads that cost across the period you'll actually benefit from it, which is often a more sensible match than paying it all at once.

General information only. This does not constitute financial, legal, accounting or tax advice. Credit is subject to lender assessment, eligibility and approval criteria. Fees, charges, terms and conditions may apply.",#AscendLendingPartners #AustralianBusiness #BusinessFinance #SMEFinance #BusinessLending #TechnologyFinance #BusinessSystems #SMEFinance,"Outdated systems can quietly cost more in inefficiency than a well-timed upgrade would in finance repayments — but the upfront cost of hardware, software or a full platform change can still be a real barrier.

Financing the upgrade spreads that cost across the period you'll actually benefit from it, which is often a more sensible match than paying it all at once.

General information only. This does not constitute financial, legal, accounting or tax advice. Credit is subject to lender assessment, eligibility and approval criteria. Fees, charges, terms and conditions may apply.

#AscendLendingPartners #AustralianBusiness #BusinessFinance #SMEFinance #BusinessLending #TechnologyFinance #BusinessSystems #SMEFinance",pending,pending,,,
ALP-168,2026-09-04,15:20,C:\Users\bosan\Downloads\house-of-diamonds-landing-main\ascend_instagram_library\03_generated_posts\ALP-168_7-things-that-affect-serviceability\ALP-168_slide-01.png,C:\Users\bosan\Downloads\house-of-diamonds-landing-main\ascend_instagram_library\03_generated_posts\ALP-168_7-things-that-affect-serviceability\ALP-168_slide-02.png,C:\Users\bosan\Downloads\house-of-diamonds-landing-main\ascend_instagram_library\03_generated_posts\ALP-168_7-things-that-affect-serviceability\ALP-168_slide-03.png,C:\Users\bosan\Downloads\house-of-diamonds-landing-main\ascend_instagram_library\03_generated_posts\ALP-168_7-things-that-affect-serviceability\ALP-168_slide-04.png,C:\Users\bosan\Downloads\house-of-diamonds-landing-main\ascend_instagram_library\03_generated_posts\ALP-168_7-things-that-affect-serviceability\ALP-168_slide-05.png,"Serviceability isn't a single number — it's the result of weighing income, existing debt, expenses and buffers together. Knowing these seven factors helps you understand how a lender will actually view your application.

Presenting clear, current information on each one supports a stronger case.

General information only. This does not constitute financial, legal, accounting or tax advice. Credit is subject to lender assessment, eligibility and approval criteria. Fees, charges, terms and conditions may apply.",#AscendLendingPartners #AustralianBusiness #BusinessFinance #SMEFinance #BusinessLending #Serviceability #BusinessLoanBasics #FinanceEducation,"Serviceability isn't a single number — it's the result of weighing income, existing debt, expenses and buffers together. Knowing these seven factors helps you understand how a lender will actually view your application.

Presenting clear, current information on each one supports a stronger case.

General information only. This does not constitute financial, legal, accounting or tax advice. Credit is subject to lender assessment, eligibility and approval criteria. Fees, charges, terms and conditions may apply.

#AscendLendingPartners #AustralianBusiness #BusinessFinance #SMEFinance #BusinessLending #Serviceability #BusinessLoanBasics #FinanceEducation",pending,pending,,,
ALP-153,2026-09-04,19:00,C:\Users\bosan\Downloads\house-of-diamonds-landing-main\ascend_instagram_library\03_generated_posts\ALP-153_prepare-for-your-first-broker-conversation\ALP-153_slide-01.png,C:\Users\bosan\Downloads\house-of-diamonds-landing-main\ascend_instagram_library\03_generated_posts\ALP-153_prepare-for-your-first-broker-conversation\ALP-153_slide-02.png,C:\Users\bosan\Downloads\house-of-diamonds-landing-main\ascend_instagram_library\03_generated_posts\ALP-153_prepare-for-your-first-broker-conversation\ALP-153_slide-03.png,C:\Users\bosan\Downloads\house-of-diamonds-landing-main\ascend_instagram_library\03_generated_posts\ALP-153_prepare-for-your-first-broker-conversation\ALP-153_slide-04.png,C:\Users\bosan\Downloads\house-of-diamonds-landing-main\ascend_instagram_library\03_generated_posts\ALP-153_prepare-for-your-first-broker-conversation\ALP-153_slide-05.png,"It's a common misconception that you need everything sorted before speaking to a broker — in reality, a first conversation is about understanding your goal and situation, with the detailed documentation following once there's a clear direction.

Being upfront about your situation, including any complications, leads to more useful and realistic advice from the outset.

General information only. This does not constitute financial, legal, accounting or tax advice. Credit is subject to lender assessment, eligibility and approval criteria. Fees, charges, terms and conditions may apply.",#AscendLendingPartners #AustralianBusiness #BusinessFinance #SMEFinance #BusinessLending #FinanceBroker #GettingStarted #SMEFinanceTips,"It's a common misconception that you need everything sorted before speaking to a broker — in reality, a first conversation is about understanding your goal and situation, with the detailed documentation following once there's a clear direction.

Being upfront about your situation, including any complications, leads to more useful and realistic advice from the outset.

General information only. This does not constitute financial, legal, accounting or tax advice. Credit is subject to lender assessment, eligibility and approval criteria. Fees, charges, terms and conditions may apply.

#AscendLendingPartners #AustralianBusiness #BusinessFinance #SMEFinance #BusinessLending #FinanceBroker #GettingStarted #SMEFinanceTips",pending,pending,,,
ALP-143,2026-09-07,08:00,C:\Users\bosan\Downloads\house-of-diamonds-landing-main\ascend_instagram_library\03_generated_posts\ALP-143_myth-non-bank-lenders-less-legitimate\ALP-143_slide-01.png,C:\Users\bosan\Downloads\house-of-diamonds-landing-main\ascend_instagram_library\03_generated_posts\ALP-143_myth-non-bank-lenders-less-legitimate\ALP-143_slide-02.png,C:\Users\bosan\Downloads\house-of-diamonds-landing-main\ascend_instagram_library\03_generated_posts\ALP-143_myth-non-bank-lenders-less-legitimate\ALP-143_slide-03.png,C:\Users\bosan\Downloads\house-of-diamonds-landing-main\ascend_instagram_library\03_generated_posts\ALP-143_myth-non-bank-lenders-less-legitimate\ALP-143_slide-04.png,C:\Users\bosan\Downloads\house-of-diamonds-landing-main\ascend_instagram_library\03_generated_posts\ALP-143_myth-non-bank-lenders-less-legitimate\ALP-143_slide-05.png,"Non-bank lending sometimes gets treated as a lesser or informal option, but it's a well-established, regulated part of the Australian finance market — and for many businesses, it's simply a better fit than a traditional bank.

General information only. This does not constitute financial, legal, accounting or tax advice. Credit is subject to lender assessment, eligibility and approval criteria. Fees, charges, terms and conditions may apply.",#AscendLendingPartners #AustralianBusiness #BusinessFinance #SMEFinance #BusinessLending #NonBankLending #PrivateCredit #BusinessFinanceMyths,"Non-bank lending sometimes gets treated as a lesser or informal option, but it's a well-established, regulated part of the Australian finance market — and for many businesses, it's simply a better fit than a traditional bank.

General information only. This does not constitute financial, legal, accounting or tax advice. Credit is subject to lender assessment, eligibility and approval criteria. Fees, charges, terms and conditions may apply.

#AscendLendingPartners #AustralianBusiness #BusinessFinance #SMEFinance #BusinessLending #NonBankLending #PrivateCredit #BusinessFinanceMyths",pending,pending,,,
ALP-184,2026-09-07,11:40,C:\Users\bosan\Downloads\house-of-diamonds-landing-main\ascend_instagram_library\03_generated_posts\ALP-184_major-customer-90-days-overdue\ALP-184_slide-01.png,C:\Users\bosan\Downloads\house-of-diamonds-landing-main\ascend_instagram_library\03_generated_posts\ALP-184_major-customer-90-days-overdue\ALP-184_slide-02.png,C:\Users\bosan\Downloads\house-of-diamonds-landing-main\ascend_instagram_library\03_generated_posts\ALP-184_major-customer-90-days-overdue\ALP-184_slide-03.png,C:\Users\bosan\Downloads\house-of-diamonds-landing-main\ascend_instagram_library\03_generated_posts\ALP-184_major-customer-90-days-overdue\ALP-184_slide-04.png,C:\Users\bosan\Downloads\house-of-diamonds-landing-main\ascend_instagram_library\03_generated_posts\ALP-184_major-customer-90-days-overdue\ALP-184_slide-05.png,"A significantly overdue invoice from an important customer requires a careful balance — pursuing payment firmly, without damaging a relationship that matters to the business.

While that process plays out, invoice finance can cover the interim cash-flow gap, so your own operations aren't held hostage to someone else's payment timeline.

General information only. This does not constitute financial, legal, accounting or tax advice. Credit is subject to lender assessment, eligibility and approval criteria. Fees, charges, terms and conditions may apply.",#AscendLendingPartners #AustralianBusiness #BusinessFinance #SMEFinance #BusinessLending #InvoiceFinance #LatePayments #CashFlowManagement,"A significantly overdue invoice from an important customer requires a careful balance — pursuing payment firmly, without damaging a relationship that matters to the business.

While that process plays out, invoice finance can cover the interim cash-flow gap, so your own operations aren't held hostage to someone else's payment timeline.

General information only. This does not constitute financial, legal, accounting or tax advice. Credit is subject to lender assessment, eligibility and approval criteria. Fees, charges, terms and conditions may apply.

#AscendLendingPartners #AustralianBusiness #BusinessFinance #SMEFinance #BusinessLending #InvoiceFinance #LatePayments #CashFlowManagement",pending,pending,,,
ALP-039,2026-09-07,15:20,C:\Users\bosan\Downloads\house-of-diamonds-landing-main\ascend_instagram_library\03_generated_posts\ALP-039_what-is-private-credit\ALP-039_slide-01.png,C:\Users\bosan\Downloads\house-of-diamonds-landing-main\ascend_instagram_library\03_generated_posts\ALP-039_what-is-private-credit\ALP-039_slide-02.png,C:\Users\bosan\Downloads\house-of-diamonds-landing-main\ascend_instagram_library\03_generated_posts\ALP-039_what-is-private-credit\ALP-039_slide-03.png,C:\Users\bosan\Downloads\house-of-diamonds-landing-main\ascend_instagram_library\03_generated_posts\ALP-039_what-is-private-credit\ALP-039_slide-04.png,C:\Users\bosan\Downloads\house-of-diamonds-landing-main\ascend_instagram_library\03_generated_posts\ALP-039_what-is-private-credit\ALP-039_slide-05.png,"Private credit sits outside the traditional bank system — it's finance provided by private funds and specialist non-bank lenders, who often apply different assessment criteria and can move more quickly than a conventional bank process.

It's become a significant part of how Australian businesses access finance, particularly where bank lending doesn't fit the business's situation or timeline.

General information only. This does not constitute financial, legal, accounting or tax advice. Credit is subject to lender assessment, eligibility and approval criteria. Fees, charges, terms and conditions may apply.",#AscendLendingPartners #AustralianBusiness #BusinessFinance #SMEFinance #BusinessLending #PrivateCredit #NonBankLending #BusinessFinanceOptions,"Private credit sits outside the traditional bank system — it's finance provided by private funds and specialist non-bank lenders, who often apply different assessment criteria and can move more quickly than a conventional bank process.

It's become a significant part of how Australian businesses access finance, particularly where bank lending doesn't fit the business's situation or timeline.

General information only. This does not constitute financial, legal, accounting or tax advice. Credit is subject to lender assessment, eligibility and approval criteria. Fees, charges, terms and conditions may apply.

#AscendLendingPartners #AustralianBusiness #BusinessFinance #SMEFinance #BusinessLending #PrivateCredit #NonBankLending #BusinessFinanceOptions",pending,pending,,,
ALP-104,2026-09-07,19:00,C:\Users\bosan\Downloads\house-of-diamonds-landing-main\ascend_instagram_library\03_generated_posts\ALP-104_finance-for-real-estate-and-property-services\ALP-104_slide-01.png,C:\Users\bosan\Downloads\house-of-diamonds-landing-main\ascend_instagram_library\03_generated_posts\ALP-104_finance-for-real-estate-and-property-services\ALP-104_slide-02.png,C:\Users\bosan\Downloads\house-of-diamonds-landing-main\ascend_instagram_library\03_generated_posts\ALP-104_finance-for-real-estate-and-property-services\ALP-104_slide-03.png,C:\Users\bosan\Downloads\house-of-diamonds-landing-main\ascend_instagram_library\03_generated_posts\ALP-104_finance-for-real-estate-and-property-services\ALP-104_slide-04.png,C:\Users\bosan\Downloads\house-of-diamonds-landing-main\ascend_instagram_library\03_generated_posts\ALP-104_finance-for-real-estate-and-property-services\ALP-104_slide-05.png,"Real estate and property services businesses often deal with commission-based income that arrives in lumps rather than steady instalments, while overheads like staff and marketing continue regardless. A flexible facility can smooth these gaps.

Every industry has its own rhythm when it comes to cash flow and finance needs — understanding real estate and property services's specific pattern is the first step to finding the right fit.

Commission-based income arrives in lumps, not a steady stream — a flexible facility helps smooth that pattern out.

General information only. This does not constitute financial, legal, accounting or tax advice. Credit is subject to lender assessment, eligibility and approval criteria. Fees, charges, terms and conditions may apply.",#AscendLendingPartners #AustralianBusiness #BusinessFinance #SMEFinance #BusinessLending #RealEstateFinance #PropertyServicesFinance #SMEFinance,"Real estate and property services businesses often deal with commission-based income that arrives in lumps rather than steady instalments, while overheads like staff and marketing continue regardless. A flexible facility can smooth these gaps.

Every industry has its own rhythm when it comes to cash flow and finance needs — understanding real estate and property services's specific pattern is the first step to finding the right fit.

Commission-based income arrives in lumps, not a steady stream — a flexible facility helps smooth that pattern out.

General information only. This does not constitute financial, legal, accounting or tax advice. Credit is subject to lender assessment, eligibility and approval criteria. Fees, charges, terms and conditions may apply.

#AscendLendingPartners #AustralianBusiness #BusinessFinance #SMEFinance #BusinessLending #RealEstateFinance #PropertyServicesFinance #SMEFinance",pending,pending,,,
ALP-124,2026-09-08,08:00,C:\Users\bosan\Downloads\house-of-diamonds-landing-main\ascend_instagram_library\03_generated_posts\ALP-124_worried-finance-will-strain-cash-flow\ALP-124_slide-01.png,C:\Users\bosan\Downloads\house-of-diamonds-landing-main\ascend_instagram_library\03_generated_posts\ALP-124_worried-finance-will-strain-cash-flow\ALP-124_slide-02.png,C:\Users\bosan\Downloads\house-of-diamonds-landing-main\ascend_instagram_library\03_generated_posts\ALP-124_worried-finance-will-strain-cash-flow\ALP-124_slide-03.png,C:\Users\bosan\Downloads\house-of-diamonds-landing-main\ascend_instagram_library\03_generated_posts\ALP-124_worried-finance-will-strain-cash-flow\ALP-124_slide-04.png,C:\Users\bosan\Downloads\house-of-diamonds-landing-main\ascend_instagram_library\03_generated_posts\ALP-124_worried-finance-will-strain-cash-flow\ALP-124_slide-05.png,"It's a fair worry — the last thing a cash-strained business needs is another repayment obligation layered on top. Which is exactly why serviceability assessment exists: to check that a proposed facility is genuinely sustainable against your actual cash flow, not just approved because the numbers technically allow it.

Being upfront about current pressure, rather than glossing over it, leads to a structure that's more likely to actually help.

General information only. This does not constitute financial, legal, accounting or tax advice. Credit is subject to lender assessment, eligibility and approval criteria. Fees, charges, terms and conditions may apply.",#AscendLendingPartners #AustralianBusiness #BusinessFinance #SMEFinance #BusinessLending #CashFlowFinance #BusinessFinanceDecisions #SMEFinance,"It's a fair worry — the last thing a cash-strained business needs is another repayment obligation layered on top. Which is exactly why serviceability assessment exists: to check that a proposed facility is genuinely sustainable against your actual cash flow, not just approved because the numbers technically allow it.

Being upfront about current pressure, rather than glossing over it, leads to a structure that's more likely to actually help.

General information only. This does not constitute financial, legal, accounting or tax advice. Credit is subject to lender assessment, eligibility and approval criteria. Fees, charges, terms and conditions may apply.

#AscendLendingPartners #AustralianBusiness #BusinessFinance #SMEFinance #BusinessLending #CashFlowFinance #BusinessFinanceDecisions #SMEFinance",pending,pending,,,
ALP-024,2026-09-08,11:40,C:\Users\bosan\Downloads\house-of-diamonds-landing-main\ascend_instagram_library\03_generated_posts\ALP-024_bank-vs-non-bank-business-lending\ALP-024_slide-01.png,C:\Users\bosan\Downloads\house-of-diamonds-landing-main\ascend_instagram_library\03_generated_posts\ALP-024_bank-vs-non-bank-business-lending\ALP-024_slide-02.png,C:\Users\bosan\Downloads\house-of-diamonds-landing-main\ascend_instagram_library\03_generated_posts\ALP-024_bank-vs-non-bank-business-lending\ALP-024_slide-03.png,C:\Users\bosan\Downloads\house-of-diamonds-landing-main\ascend_instagram_library\03_generated_posts\ALP-024_bank-vs-non-bank-business-lending\ALP-024_slide-04.png,C:\Users\bosan\Downloads\house-of-diamonds-landing-main\ascend_instagram_library\03_generated_posts\ALP-024_bank-vs-non-bank-business-lending\ALP-024_slide-05.png,"Most business owners default to their existing bank, without realising there's a much broader market of non-bank commercial lenders assessing businesses differently.

Banks often suit well-established businesses with complete financials and time to spare. Non-bank lenders can move faster and assess more flexibly, though the market varies widely lender to lender.

General information only. This does not constitute financial, legal, accounting or tax advice. Credit is subject to lender assessment, eligibility and approval criteria. Fees, charges, terms and conditions may apply.",#AscendLendingPartners #BankVsNonBank #BusinessFinanceAustralia #CommercialFinance #SMEFinance #AustralianSmallBusiness #NonBankLending #FinanceBrokerAustralia #BusinessLoans,"Most business owners default to their existing bank, without realising there's a much broader market of non-bank commercial lenders assessing businesses differently.

Banks often suit well-established businesses with complete financials and time to spare. Non-bank lenders can move faster and assess more flexibly, though the market varies widely lender to lender.

General information only. This does not constitute financial, legal, accounting or tax advice. Credit is subject to lender assessment, eligibility and approval criteria. Fees, charges, terms and conditions may apply.

#AscendLendingPartners #BankVsNonBank #BusinessFinanceAustralia #CommercialFinance #SMEFinance #AustralianSmallBusiness #NonBankLending #FinanceBrokerAustralia #BusinessLoans",pending,pending,,,
ALP-059,2026-09-08,15:20,C:\Users\bosan\Downloads\house-of-diamonds-landing-main\ascend_instagram_library\03_generated_posts\ALP-059_choose-the-right-type-of-business-finance\ALP-059_slide-01.png,C:\Users\bosan\Downloads\house-of-diamonds-landing-main\ascend_instagram_library\03_generated_posts\ALP-059_choose-the-right-type-of-business-finance\ALP-059_slide-02.png,C:\Users\bosan\Downloads\house-of-diamonds-landing-main\ascend_instagram_library\03_generated_posts\ALP-059_choose-the-right-type-of-business-finance\ALP-059_slide-03.png,C:\Users\bosan\Downloads\house-of-diamonds-landing-main\ascend_instagram_library\03_generated_posts\ALP-059_choose-the-right-type-of-business-finance\ALP-059_slide-04.png,C:\Users\bosan\Downloads\house-of-diamonds-landing-main\ascend_instagram_library\03_generated_posts\ALP-059_choose-the-right-type-of-business-finance\ALP-059_slide-05.png,"It's easy to fixate on a specific product name, but the better starting point is the problem you're actually solving. A short-term cash gap, a new piece of equipment, and a growth opportunity all call for different structures — and sometimes a combination.

A broker's role is largely this: translating your actual need into the right type of facility, rather than fitting your situation to whatever product is top of mind.

General information only. This does not constitute financial, legal, accounting or tax advice. Credit is subject to lender assessment, eligibility and approval criteria. Fees, charges, terms and conditions may apply.",#AscendLendingPartners #AustralianBusiness #BusinessFinance #SMEFinance #BusinessLending #BusinessFinanceOptions #ChoosingFinance #SMEFinance,"It's easy to fixate on a specific product name, but the better starting point is the problem you're actually solving. A short-term cash gap, a new piece of equipment, and a growth opportunity all call for different structures — and sometimes a combination.

A broker's role is largely this: translating your actual need into the right type of facility, rather than fitting your situation to whatever product is top of mind.

General information only. This does not constitute financial, legal, accounting or tax advice. Credit is subject to lender assessment, eligibility and approval criteria. Fees, charges, terms and conditions may apply.

#AscendLendingPartners #AustralianBusiness #BusinessFinance #SMEFinance #BusinessLending #BusinessFinanceOptions #ChoosingFinance #SMEFinance",pending,pending,,,
ALP-074,2026-09-08,19:00,C:\Users\bosan\Downloads\house-of-diamonds-landing-main\ascend_instagram_library\03_generated_posts\ALP-074_why-profitable-businesses-run-out-of-cash\ALP-074_slide-01.png,C:\Users\bosan\Downloads\house-of-diamonds-landing-main\ascend_instagram_library\03_generated_posts\ALP-074_why-profitable-businesses-run-out-of-cash\ALP-074_slide-02.png,C:\Users\bosan\Downloads\house-of-diamonds-landing-main\ascend_instagram_library\03_generated_posts\ALP-074_why-profitable-businesses-run-out-of-cash\ALP-074_slide-03.png,C:\Users\bosan\Downloads\house-of-diamonds-landing-main\ascend_instagram_library\03_generated_posts\ALP-074_why-profitable-businesses-run-out-of-cash\ALP-074_slide-04.png,C:\Users\bosan\Downloads\house-of-diamonds-landing-main\ascend_instagram_library\03_generated_posts\ALP-074_why-profitable-businesses-run-out-of-cash\ALP-074_slide-05.png,"It's a genuinely common and confusing experience: the numbers say the business is profitable, yet the bank account tells a tighter story. The gap comes from timing — profit is recognised when a sale is made, not when the cash actually lands, and growth spending often happens well ahead of the return.

Recognising this distinction is what allows a genuinely healthy business to use short-term finance strategically, rather than seeing it as a sign of trouble.

General information only. This does not constitute financial, legal, accounting or tax advice. Credit is subject to lender assessment, eligibility and approval criteria. Fees, charges, terms and conditions may apply.",#AscendLendingPartners #AustralianBusiness #BusinessFinance #SMEFinance #BusinessLending #ProfitVsCashFlow #WorkingCapital #BusinessFinanceEducation,"It's a genuinely common and confusing experience: the numbers say the business is profitable, yet the bank account tells a tighter story. The gap comes from timing — profit is recognised when a sale is made, not when the cash actually lands, and growth spending often happens well ahead of the return.

Recognising this distinction is what allows a genuinely healthy business to use short-term finance strategically, rather than seeing it as a sign of trouble.

General information only. This does not constitute financial, legal, accounting or tax advice. Credit is subject to lender assessment, eligibility and approval criteria. Fees, charges, terms and conditions may apply.

#AscendLendingPartners #AustralianBusiness #BusinessFinance #SMEFinance #BusinessLending #ProfitVsCashFlow #WorkingCapital #BusinessFinanceEducation",pending,pending,,,
ALP-089,2026-09-09,08:00,C:\Users\bosan\Downloads\house-of-diamonds-landing-main\ascend_instagram_library\03_generated_posts\ALP-089_growing-without-overextending\ALP-089_slide-01.png,C:\Users\bosan\Downloads\house-of-diamonds-landing-main\ascend_instagram_library\03_generated_posts\ALP-089_growing-without-overextending\ALP-089_slide-02.png,C:\Users\bosan\Downloads\house-of-diamonds-landing-main\ascend_instagram_library\03_generated_posts\ALP-089_growing-without-overextending\ALP-089_slide-03.png,C:\Users\bosan\Downloads\house-of-diamonds-landing-main\ascend_instagram_library\03_generated_posts\ALP-089_growing-without-overextending\ALP-089_slide-04.png,C:\Users\bosan\Downloads\house-of-diamonds-landing-main\ascend_instagram_library\03_generated_posts\ALP-089_growing-without-overextending\ALP-089_slide-05.png,"It's tempting to fund every opportunity at once, but growth that outpaces your systems, staff or serviceability tends to create its own problems — even when each individual decision looked sound on paper.

Pacing growth deliberately, and being selective about which opportunities to fund now versus later, generally leads to a more resilient outcome than growing as fast as finance alone would allow.

General information only. This does not constitute financial, legal, accounting or tax advice. Credit is subject to lender assessment, eligibility and approval criteria. Fees, charges, terms and conditions may apply.",#AscendLendingPartners #AustralianBusiness #BusinessFinance #SMEFinance #BusinessLending #SustainableGrowth #BusinessStrategy #SMEFinance,"It's tempting to fund every opportunity at once, but growth that outpaces your systems, staff or serviceability tends to create its own problems — even when each individual decision looked sound on paper.

Pacing growth deliberately, and being selective about which opportunities to fund now versus later, generally leads to a more resilient outcome than growing as fast as finance alone would allow.

General information only. This does not constitute financial, legal, accounting or tax advice. Credit is subject to lender assessment, eligibility and approval criteria. Fees, charges, terms and conditions may apply.

#AscendLendingPartners #AustralianBusiness #BusinessFinance #SMEFinance #BusinessLending #SustainableGrowth #BusinessStrategy #SMEFinance",pending,pending,,,
ALP-169,2026-09-09,11:40,C:\Users\bosan\Downloads\house-of-diamonds-landing-main\ascend_instagram_library\03_generated_posts\ALP-169_5-mistakes-to-avoid-when-applying\ALP-169_slide-01.png,C:\Users\bosan\Downloads\house-of-diamonds-landing-main\ascend_instagram_library\03_generated_posts\ALP-169_5-mistakes-to-avoid-when-applying\ALP-169_slide-02.png,C:\Users\bosan\Downloads\house-of-diamonds-landing-main\ascend_instagram_library\03_generated_posts\ALP-169_5-mistakes-to-avoid-when-applying\ALP-169_slide-03.png,C:\Users\bosan\Downloads\house-of-diamonds-landing-main\ascend_instagram_library\03_generated_posts\ALP-169_5-mistakes-to-avoid-when-applying\ALP-169_slide-04.png,C:\Users\bosan\Downloads\house-of-diamonds-landing-main\ascend_instagram_library\03_generated_posts\ALP-169_5-mistakes-to-avoid-when-applying\ALP-169_slide-05.png,"The same handful of mistakes show up again and again across applications — and every one of them is avoidable with a bit of preparation and a second set of eyes before submitting.

Working through this list before you apply can save real time.

General information only. This does not constitute financial, legal, accounting or tax advice. Credit is subject to lender assessment, eligibility and approval criteria. Fees, charges, terms and conditions may apply.",#AscendLendingPartners #AustralianBusiness #BusinessFinance #SMEFinance #BusinessLending #LoanApplicationTips #FinancePreparation #SMEFinance,"The same handful of mistakes show up again and again across applications — and every one of them is avoidable with a bit of preparation and a second set of eyes before submitting.

Working through this list before you apply can save real time.

General information only. This does not constitute financial, legal, accounting or tax advice. Credit is subject to lender assessment, eligibility and approval criteria. Fees, charges, terms and conditions may apply.

#AscendLendingPartners #AustralianBusiness #BusinessFinance #SMEFinance #BusinessLending #LoanApplicationTips #FinancePreparation #SMEFinance",pending,pending,,,
ALP-154,2026-09-09,15:20,C:\Users\bosan\Downloads\house-of-diamonds-landing-main\ascend_instagram_library\03_generated_posts\ALP-154_how-brokers-are-regulated-in-australia\ALP-154_slide-01.png,C:\Users\bosan\Downloads\house-of-diamonds-landing-main\ascend_instagram_library\03_generated_posts\ALP-154_how-brokers-are-regulated-in-australia\ALP-154_slide-02.png,C:\Users\bosan\Downloads\house-of-diamonds-landing-main\ascend_instagram_library\03_generated_posts\ALP-154_how-brokers-are-regulated-in-australia\ALP-154_slide-03.png,C:\Users\bosan\Downloads\house-of-diamonds-landing-main\ascend_instagram_library\03_generated_posts\ALP-154_how-brokers-are-regulated-in-australia\ALP-154_slide-04.png,C:\Users\bosan\Downloads\house-of-diamonds-landing-main\ascend_instagram_library\03_generated_posts\ALP-154_how-brokers-are-regulated-in-australia\ALP-154_slide-05.png,"It's worth understanding that finance broking in Australia operates within a defined regulatory framework, covering how brokers must conduct themselves and what they're required to disclose.

Asking about credentials and licensing is a completely reasonable question, and a legitimate broker will answer it without hesitation.

General information only. This does not constitute financial, legal, accounting or tax advice. Credit is subject to lender assessment, eligibility and approval criteria. Fees, charges, terms and conditions may apply.",#AscendLendingPartners #AustralianBusiness #BusinessFinance #SMEFinance #BusinessLending #FinanceBroker #BrokerRegulation #FinanceEducation,"It's worth understanding that finance broking in Australia operates within a defined regulatory framework, covering how brokers must conduct themselves and what they're required to disclose.

Asking about credentials and licensing is a completely reasonable question, and a legitimate broker will answer it without hesitation.

General information only. This does not constitute financial, legal, accounting or tax advice. Credit is subject to lender assessment, eligibility and approval criteria. Fees, charges, terms and conditions may apply.

#AscendLendingPartners #AustralianBusiness #BusinessFinance #SMEFinance #BusinessLending #FinanceBroker #BrokerRegulation #FinanceEducation",pending,pending,,,
ALP-144,2026-09-09,19:00,C:\Users\bosan\Downloads\house-of-diamonds-landing-main\ascend_instagram_library\03_generated_posts\ALP-144_myth-terms-cant-change-after-approval\ALP-144_slide-01.png,C:\Users\bosan\Downloads\house-of-diamonds-landing-main\ascend_instagram_library\03_generated_posts\ALP-144_myth-terms-cant-change-after-approval\ALP-144_slide-02.png,C:\Users\bosan\Downloads\house-of-diamonds-landing-main\ascend_instagram_library\03_generated_posts\ALP-144_myth-terms-cant-change-after-approval\ALP-144_slide-03.png,C:\Users\bosan\Downloads\house-of-diamonds-landing-main\ascend_instagram_library\03_generated_posts\ALP-144_myth-terms-cant-change-after-approval\ALP-144_slide-04.png,C:\Users\bosan\Downloads\house-of-diamonds-landing-main\ascend_instagram_library\03_generated_posts\ALP-144_myth-terms-cant-change-after-approval\ALP-144_slide-05.png,"It's a reasonable assumption, but not always accurate — initial or conditional approval can be revised once full verification is complete, which is exactly why reading the final offer carefully, rather than assuming it matches the first conversation, is worth the extra few minutes.

General information only. This does not constitute financial, legal, accounting or tax advice. Credit is subject to lender assessment, eligibility and approval criteria. Fees, charges, terms and conditions may apply.",#AscendLendingPartners #AustralianBusiness #BusinessFinance #SMEFinance #BusinessLending #LoanApproval #BusinessFinanceMyths #FinanceEducation,"It's a reasonable assumption, but not always accurate — initial or conditional approval can be revised once full verification is complete, which is exactly why reading the final offer carefully, rather than assuming it matches the first conversation, is worth the extra few minutes.

General information only. This does not constitute financial, legal, accounting or tax advice. Credit is subject to lender assessment, eligibility and approval criteria. Fees, charges, terms and conditions may apply.

#AscendLendingPartners #AustralianBusiness #BusinessFinance #SMEFinance #BusinessLending #LoanApproval #BusinessFinanceMyths #FinanceEducation",pending,pending,,,
ALP-185,2026-09-10,08:00,C:\Users\bosan\Downloads\house-of-diamonds-landing-main\ascend_instagram_library\03_generated_posts\ALP-185_ready-to-hire-your-first-employee\ALP-185_slide-01.png,C:\Users\bosan\Downloads\house-of-diamonds-landing-main\ascend_instagram_library\03_generated_posts\ALP-185_ready-to-hire-your-first-employee\ALP-185_slide-02.png,C:\Users\bosan\Downloads\house-of-diamonds-landing-main\ascend_instagram_library\03_generated_posts\ALP-185_ready-to-hire-your-first-employee\ALP-185_slide-03.png,C:\Users\bosan\Downloads\house-of-diamonds-landing-main\ascend_instagram_library\03_generated_posts\ALP-185_ready-to-hire-your-first-employee\ALP-185_slide-04.png,C:\Users\bosan\Downloads\house-of-diamonds-landing-main\ascend_instagram_library\03_generated_posts\ALP-185_ready-to-hire-your-first-employee\ALP-185_slide-05.png,"Taking on your first employee is a significant step, and the cash-flow timing can be one of the trickiest parts — wages start immediately, while the extra capacity they bring takes time to translate into more revenue.

Working capital finance can bridge that specific gap, so the decision to hire is driven by readiness, not by what happens to be sitting in the account that month.

General information only. This does not constitute financial, legal, accounting or tax advice. Credit is subject to lender assessment, eligibility and approval criteria. Fees, charges, terms and conditions may apply.",#AscendLendingPartners #AustralianBusiness #BusinessFinance #SMEFinance #BusinessLending #FirstHire #WorkingCapital #SoleTraderFinance,"Taking on your first employee is a significant step, and the cash-flow timing can be one of the trickiest parts — wages start immediately, while the extra capacity they bring takes time to translate into more revenue.

Working capital finance can bridge that specific gap, so the decision to hire is driven by readiness, not by what happens to be sitting in the account that month.

General information only. This does not constitute financial, legal, accounting or tax advice. Credit is subject to lender assessment, eligibility and approval criteria. Fees, charges, terms and conditions may apply.

#AscendLendingPartners #AustralianBusiness #BusinessFinance #SMEFinance #BusinessLending #FirstHire #WorkingCapital #SoleTraderFinance",pending,pending,,,
ALP-040,2026-09-10,11:40,C:\Users\bosan\Downloads\house-of-diamonds-landing-main\ascend_instagram_library\03_generated_posts\ALP-040_what-is-a-personal-guarantee\ALP-040_slide-01.png,C:\Users\bosan\Downloads\house-of-diamonds-landing-main\ascend_instagram_library\03_generated_posts\ALP-040_what-is-a-personal-guarantee\ALP-040_slide-02.png,C:\Users\bosan\Downloads\house-of-diamonds-landing-main\ascend_instagram_library\03_generated_posts\ALP-040_what-is-a-personal-guarantee\ALP-040_slide-03.png,C:\Users\bosan\Downloads\house-of-diamonds-landing-main\ascend_instagram_library\03_generated_posts\ALP-040_what-is-a-personal-guarantee\ALP-040_slide-04.png,C:\Users\bosan\Downloads\house-of-diamonds-landing-main\ascend_instagram_library\03_generated_posts\ALP-040_what-is-a-personal-guarantee\ALP-040_slide-05.png,"A personal guarantee means that if the business can't meet its repayments, the director who signed the guarantee can be personally pursued for the debt. It's a standard feature of many business lending agreements, particularly for unsecured facilities or younger businesses without a long trading history.

Guarantees can be limited to a set amount or unlimited, so understanding exactly what you're agreeing to — and seeking independent legal advice if needed — matters before signing.

General information only. This does not constitute financial, legal, accounting or tax advice. Credit is subject to lender assessment, eligibility and approval criteria. Fees, charges, terms and conditions may apply.",#AscendLendingPartners #AustralianBusiness #BusinessFinance #SMEFinance #BusinessLending #PersonalGuarantee #BusinessFinanceTerms #FinanceGlossary,"A personal guarantee means that if the business can't meet its repayments, the director who signed the guarantee can be personally pursued for the debt. It's a standard feature of many business lending agreements, particularly for unsecured facilities or younger businesses without a long trading history.

Guarantees can be limited to a set amount or unlimited, so understanding exactly what you're agreeing to — and seeking independent legal advice if needed — matters before signing.

General information only. This does not constitute financial, legal, accounting or tax advice. Credit is subject to lender assessment, eligibility and approval criteria. Fees, charges, terms and conditions may apply.

#AscendLendingPartners #AustralianBusiness #BusinessFinance #SMEFinance #BusinessLending #PersonalGuarantee #BusinessFinanceTerms #FinanceGlossary",pending,pending,,,
ALP-105,2026-09-10,15:20,C:\Users\bosan\Downloads\house-of-diamonds-landing-main\ascend_instagram_library\03_generated_posts\ALP-105_finance-for-automotive-businesses\ALP-105_slide-01.png,C:\Users\bosan\Downloads\house-of-diamonds-landing-main\ascend_instagram_library\03_generated_posts\ALP-105_finance-for-automotive-businesses\ALP-105_slide-02.png,C:\Users\bosan\Downloads\house-of-diamonds-landing-main\ascend_instagram_library\03_generated_posts\ALP-105_finance-for-automotive-businesses\ALP-105_slide-03.png,C:\Users\bosan\Downloads\house-of-diamonds-landing-main\ascend_instagram_library\03_generated_posts\ALP-105_finance-for-automotive-businesses\ALP-105_slide-04.png,C:\Users\bosan\Downloads\house-of-diamonds-landing-main\ascend_instagram_library\03_generated_posts\ALP-105_finance-for-automotive-businesses\ALP-105_slide-05.png,"Automotive businesses often need specialised equipment and workshop fit-outs, alongside parts stock that ties up cash. Equipment finance supports diagnostic and workshop tools, while working capital can cover parts and consumables.

Every industry has its own rhythm when it comes to cash flow and finance needs — understanding automotive businesses's specific pattern is the first step to finding the right fit.

From diagnostic tools to parts stock, automotive businesses carry a distinct mix of equipment and inventory costs.

General information only. This does not constitute financial, legal, accounting or tax advice. Credit is subject to lender assessment, eligibility and approval criteria. Fees, charges, terms and conditions may apply.",#AscendLendingPartners #AustralianBusiness #BusinessFinance #SMEFinance #BusinessLending #AutomotiveFinance #WorkshopFinance #SMEFinance,"Automotive businesses often need specialised equipment and workshop fit-outs, alongside parts stock that ties up cash. Equipment finance supports diagnostic and workshop tools, while working capital can cover parts and consumables.

Every industry has its own rhythm when it comes to cash flow and finance needs — understanding automotive businesses's specific pattern is the first step to finding the right fit.

From diagnostic tools to parts stock, automotive businesses carry a distinct mix of equipment and inventory costs.

General information only. This does not constitute financial, legal, accounting or tax advice. Credit is subject to lender assessment, eligibility and approval criteria. Fees, charges, terms and conditions may apply.

#AscendLendingPartners #AustralianBusiness #BusinessFinance #SMEFinance #BusinessLending #AutomotiveFinance #WorkshopFinance #SMEFinance",pending,pending,,,
ALP-125,2026-09-10,19:00,C:\Users\bosan\Downloads\house-of-diamonds-landing-main\ascend_instagram_library\03_generated_posts\ALP-125_dont-understand-the-paperwork\ALP-125_slide-01.png,C:\Users\bosan\Downloads\house-of-diamonds-landing-main\ascend_instagram_library\03_generated_posts\ALP-125_dont-understand-the-paperwork\ALP-125_slide-02.png,C:\Users\bosan\Downloads\house-of-diamonds-landing-main\ascend_instagram_library\03_generated_posts\ALP-125_dont-understand-the-paperwork\ALP-125_slide-03.png,C:\Users\bosan\Downloads\house-of-diamonds-landing-main\ascend_instagram_library\03_generated_posts\ALP-125_dont-understand-the-paperwork\ALP-125_slide-04.png,C:\Users\bosan\Downloads\house-of-diamonds-landing-main\ascend_instagram_library\03_generated_posts\ALP-125_dont-understand-the-paperwork\ALP-125_slide-05.png,"Loan paperwork is genuinely dense, and it's completely reasonable to want it explained in plain language before signing. You're entitled to ask a broker or lender to walk through the rate, fees, repayment schedule and any security involved, in terms that actually make sense to you.

If someone seems reluctant to slow down and explain, that's worth noting — a good adviser wants you to understand exactly what you're agreeing to.

General information only. This does not constitute financial, legal, accounting or tax advice. Credit is subject to lender assessment, eligibility and approval criteria. Fees, charges, terms and conditions may apply.",#AscendLendingPartners #AustralianBusiness #BusinessFinance #SMEFinance #BusinessLending #FinanceEducation #BusinessLoanBasics #PlainEnglish,"Loan paperwork is genuinely dense, and it's completely reasonable to want it explained in plain language before signing. You're entitled to ask a broker or lender to walk through the rate, fees, repayment schedule and any security involved, in terms that actually make sense to you.

If someone seems reluctant to slow down and explain, that's worth noting — a good adviser wants you to understand exactly what you're agreeing to.

General information only. This does not constitute financial, legal, accounting or tax advice. Credit is subject to lender assessment, eligibility and approval criteria. Fees, charges, terms and conditions may apply.

#AscendLendingPartners #AustralianBusiness #BusinessFinance #SMEFinance #BusinessLending #FinanceEducation #BusinessLoanBasics #PlainEnglish",pending,pending,,,
ALP-025,2026-09-11,08:00,C:\Users\bosan\Downloads\house-of-diamonds-landing-main\ascend_instagram_library\03_generated_posts\ALP-025_fixed-vs-variable-business-finance\ALP-025_slide-01.png,C:\Users\bosan\Downloads\house-of-diamonds-landing-main\ascend_instagram_library\03_generated_posts\ALP-025_fixed-vs-variable-business-finance\ALP-025_slide-02.png,C:\Users\bosan\Downloads\house-of-diamonds-landing-main\ascend_instagram_library\03_generated_posts\ALP-025_fixed-vs-variable-business-finance\ALP-025_slide-03.png,C:\Users\bosan\Downloads\house-of-diamonds-landing-main\ascend_instagram_library\03_generated_posts\ALP-025_fixed-vs-variable-business-finance\ALP-025_slide-04.png,C:\Users\bosan\Downloads\house-of-diamonds-landing-main\ascend_instagram_library\03_generated_posts\ALP-025_fixed-vs-variable-business-finance\ALP-025_slide-05.png,"Fixed and variable rates each solve a different problem, and neither one is objectively superior.

A fixed rate offers certainty over the term, useful when you're budgeting tightly or expect rates to rise. A variable rate moves with the market, potentially rewarding you if rates fall, but with less predictability along the way.

General information only. This does not constitute financial, legal, accounting or tax advice. Credit is subject to lender assessment, eligibility and approval criteria. Fees, charges, terms and conditions may apply.",#AscendLendingPartners #FixedVsVariable #BusinessFinanceAustralia #CommercialFinance #SMEFinance #AustralianSmallBusiness #BusinessLoans #FinanceBrokerAustralia #CashFlowManagement,"Fixed and variable rates each solve a different problem, and neither one is objectively superior.

A fixed rate offers certainty over the term, useful when you're budgeting tightly or expect rates to rise. A variable rate moves with the market, potentially rewarding you if rates fall, but with less predictability along the way.

General information only. This does not constitute financial, legal, accounting or tax advice. Credit is subject to lender assessment, eligibility and approval criteria. Fees, charges, terms and conditions may apply.

#AscendLendingPartners #FixedVsVariable #BusinessFinanceAustralia #CommercialFinance #SMEFinance #AustralianSmallBusiness #BusinessLoans #FinanceBrokerAustralia #CashFlowManagement",pending,pending,,,
ALP-060,2026-09-11,11:40,C:\Users\bosan\Downloads\house-of-diamonds-landing-main\ascend_instagram_library\03_generated_posts\ALP-060_what-happens-during-loan-assessment\ALP-060_slide-01.png,C:\Users\bosan\Downloads\house-of-diamonds-landing-main\ascend_instagram_library\03_generated_posts\ALP-060_what-happens-during-loan-assessment\ALP-060_slide-02.png,C:\Users\bosan\Downloads\house-of-diamonds-landing-main\ascend_instagram_library\03_generated_posts\ALP-060_what-happens-during-loan-assessment\ALP-060_slide-03.png,C:\Users\bosan\Downloads\house-of-diamonds-landing-main\ascend_instagram_library\03_generated_posts\ALP-060_what-happens-during-loan-assessment\ALP-060_slide-04.png,C:\Users\bosan\Downloads\house-of-diamonds-landing-main\ascend_instagram_library\03_generated_posts\ALP-060_what-happens-during-loan-assessment\ALP-060_slide-05.png,"Behind the scenes, most lenders move through a similar sequence: verifying who you are and what your business is, checking credit history, and assessing whether the numbers support the amount requested.

Being ready to respond quickly if a lender asks for additional information is one of the simplest ways to keep an assessment moving rather than stalling.

General information only. This does not constitute financial, legal, accounting or tax advice. Credit is subject to lender assessment, eligibility and approval criteria. Fees, charges, terms and conditions may apply.",#AscendLendingPartners #AustralianBusiness #BusinessFinance #SMEFinance #BusinessLending #LoanAssessment #BusinessFinanceProcess #FinanceEducation,"Behind the scenes, most lenders move through a similar sequence: verifying who you are and what your business is, checking credit history, and assessing whether the numbers support the amount requested.

Being ready to respond quickly if a lender asks for additional information is one of the simplest ways to keep an assessment moving rather than stalling.

General information only. This does not constitute financial, legal, accounting or tax advice. Credit is subject to lender assessment, eligibility and approval criteria. Fees, charges, terms and conditions may apply.

#AscendLendingPartners #AustralianBusiness #BusinessFinance #SMEFinance #BusinessLending #LoanAssessment #BusinessFinanceProcess #FinanceEducation",pending,pending,,,
ALP-075,2026-09-11,15:20,C:\Users\bosan\Downloads\house-of-diamonds-landing-main\ascend_instagram_library\03_generated_posts\ALP-075_forecast-cash-flow-for-the-next-quarter\ALP-075_slide-01.png,C:\Users\bosan\Downloads\house-of-diamonds-landing-main\ascend_instagram_library\03_generated_posts\ALP-075_forecast-cash-flow-for-the-next-quarter\ALP-075_slide-02.png,C:\Users\bosan\Downloads\house-of-diamonds-landing-main\ascend_instagram_library\03_generated_posts\ALP-075_forecast-cash-flow-for-the-next-quarter\ALP-075_slide-03.png,C:\Users\bosan\Downloads\house-of-diamonds-landing-main\ascend_instagram_library\03_generated_posts\ALP-075_forecast-cash-flow-for-the-next-quarter\ALP-075_slide-04.png,C:\Users\bosan\Downloads\house-of-diamonds-landing-main\ascend_instagram_library\03_generated_posts\ALP-075_forecast-cash-flow-for-the-next-quarter\ALP-075_slide-05.png,"You don't need sophisticated software to forecast the next quarter — a simple month-by-month list of expected income and expenses, built on realistic assumptions, is usually enough to reveal whether a shortfall is coming.

The real value comes from acting on what the forecast shows — deciding ahead of time how you'd respond if the lowest point looks tighter than you'd like.

General information only. This does not constitute financial, legal, accounting or tax advice. Credit is subject to lender assessment, eligibility and approval criteria. Fees, charges, terms and conditions may apply.",#AscendLendingPartners #AustralianBusiness #BusinessFinance #SMEFinance #BusinessLending #CashFlowForecast #QuarterlyPlanning #SMEFinanceTips,"You don't need sophisticated software to forecast the next quarter — a simple month-by-month list of expected income and expenses, built on realistic assumptions, is usually enough to reveal whether a shortfall is coming.

The real value comes from acting on what the forecast shows — deciding ahead of time how you'd respond if the lowest point looks tighter than you'd like.

General information only. This does not constitute financial, legal, accounting or tax advice. Credit is subject to lender assessment, eligibility and approval criteria. Fees, charges, terms and conditions may apply.

#AscendLendingPartners #AustralianBusiness #BusinessFinance #SMEFinance #BusinessLending #CashFlowForecast #QuarterlyPlanning #SMEFinanceTips",pending,pending,,,
ALP-090,2026-09-11,19:00,C:\Users\bosan\Downloads\house-of-diamonds-landing-main\ascend_instagram_library\03_generated_posts\ALP-090_use-finance-to-win-a-big-contract\ALP-090_slide-01.png,C:\Users\bosan\Downloads\house-of-diamonds-landing-main\ascend_instagram_library\03_generated_posts\ALP-090_use-finance-to-win-a-big-contract\ALP-090_slide-02.png,C:\Users\bosan\Downloads\house-of-diamonds-landing-main\ascend_instagram_library\03_generated_posts\ALP-090_use-finance-to-win-a-big-contract\ALP-090_slide-03.png,C:\Users\bosan\Downloads\house-of-diamonds-landing-main\ascend_instagram_library\03_generated_posts\ALP-090_use-finance-to-win-a-big-contract\ALP-090_slide-04.png,C:\Users\bosan\Downloads\house-of-diamonds-landing-main\ascend_instagram_library\03_generated_posts\ALP-090_use-finance-to-win-a-big-contract\ALP-090_slide-05.png,"Landing a significant new contract is exciting, but delivering on it often means spending on staff, materials or equipment well before the first invoice is paid — a timing gap that can catch a business off guard if it isn't planned for.

Working capital finance, sized to the specific contract, can cover that delivery phase so the win doesn't become a cash-flow risk.

General information only. This does not constitute financial, legal, accounting or tax advice. Credit is subject to lender assessment, eligibility and approval criteria. Fees, charges, terms and conditions may apply.",#AscendLendingPartners #AustralianBusiness #BusinessFinance #SMEFinance #BusinessLending #ContractFinance #WorkingCapital #GrowthFinance,"Landing a significant new contract is exciting, but delivering on it often means spending on staff, materials or equipment well before the first invoice is paid — a timing gap that can catch a business off guard if it isn't planned for.

Working capital finance, sized to the specific contract, can cover that delivery phase so the win doesn't become a cash-flow risk.

General information only. This does not constitute financial, legal, accounting or tax advice. Credit is subject to lender assessment, eligibility and approval criteria. Fees, charges, terms and conditions may apply.

#AscendLendingPartners #AustralianBusiness #BusinessFinance #SMEFinance #BusinessLending #ContractFinance #WorkingCapital #GrowthFinance",pending,pending,,,
ALP-170,2026-09-14,08:00,C:\Users\bosan\Downloads\house-of-diamonds-landing-main\ascend_instagram_library\03_generated_posts\ALP-170_6-ways-to-prepare-for-growth-finance\ALP-170_slide-01.png,C:\Users\bosan\Downloads\house-of-diamonds-landing-main\ascend_instagram_library\03_generated_posts\ALP-170_6-ways-to-prepare-for-growth-finance\ALP-170_slide-02.png,C:\Users\bosan\Downloads\house-of-diamonds-landing-main\ascend_instagram_library\03_generated_posts\ALP-170_6-ways-to-prepare-for-growth-finance\ALP-170_slide-03.png,C:\Users\bosan\Downloads\house-of-diamonds-landing-main\ascend_instagram_library\03_generated_posts\ALP-170_6-ways-to-prepare-for-growth-finance\ALP-170_slide-04.png,C:\Users\bosan\Downloads\house-of-diamonds-landing-main\ascend_instagram_library\03_generated_posts\ALP-170_6-ways-to-prepare-for-growth-finance\ALP-170_slide-05.png,"A strong growth finance case is built well before the application goes in — a clear plan, a realistic return, and current financials all make the case for you.

Working through this checklist ahead of time tends to lead to a smoother process and a better outcome.

General information only. This does not constitute financial, legal, accounting or tax advice. Credit is subject to lender assessment, eligibility and approval criteria. Fees, charges, terms and conditions may apply.",#AscendLendingPartners #AustralianBusiness #BusinessFinance #SMEFinance #BusinessLending #GrowthFinance #BusinessGrowth #SMEStrategy,"A strong growth finance case is built well before the application goes in — a clear plan, a realistic return, and current financials all make the case for you.

Working through this checklist ahead of time tends to lead to a smoother process and a better outcome.

General information only. This does not constitute financial, legal, accounting or tax advice. Credit is subject to lender assessment, eligibility and approval criteria. Fees, charges, terms and conditions may apply.

#AscendLendingPartners #AustralianBusiness #BusinessFinance #SMEFinance #BusinessLending #GrowthFinance #BusinessGrowth #SMEStrategy",pending,pending,,,
ALP-155,2026-09-14,11:40,C:\Users\bosan\Downloads\house-of-diamonds-landing-main\ascend_instagram_library\03_generated_posts\ALP-155_circumstances-change-mid-application\ALP-155_slide-01.png,C:\Users\bosan\Downloads\house-of-diamonds-landing-main\ascend_instagram_library\03_generated_posts\ALP-155_circumstances-change-mid-application\ALP-155_slide-02.png,C:\Users\bosan\Downloads\house-of-diamonds-landing-main\ascend_instagram_library\03_generated_posts\ALP-155_circumstances-change-mid-application\ALP-155_slide-03.png,C:\Users\bosan\Downloads\house-of-diamonds-landing-main\ascend_instagram_library\03_generated_posts\ALP-155_circumstances-change-mid-application\ALP-155_slide-04.png,C:\Users\bosan\Downloads\house-of-diamonds-landing-main\ascend_instagram_library\03_generated_posts\ALP-155_circumstances-change-mid-application\ALP-155_slide-05.png,"Circumstances can genuinely shift during an application — a new contract lands, revenue changes, or the amount you actually need turns out to be different. Letting your broker or lender know as soon as this happens is far better than hoping it goes unnoticed.

Most changes are manageable with a quick update; it's silence, not change itself, that tends to cause problems later.

General information only. This does not constitute financial, legal, accounting or tax advice. Credit is subject to lender assessment, eligibility and approval criteria. Fees, charges, terms and conditions may apply.",#AscendLendingPartners #AustralianBusiness #BusinessFinance #SMEFinance #BusinessLending #BusinessFinanceProcess #LoanApplication #FinanceEducation,"Circumstances can genuinely shift during an application — a new contract lands, revenue changes, or the amount you actually need turns out to be different. Letting your broker or lender know as soon as this happens is far better than hoping it goes unnoticed.

Most changes are manageable with a quick update; it's silence, not change itself, that tends to cause problems later.

General information only. This does not constitute financial, legal, accounting or tax advice. Credit is subject to lender assessment, eligibility and approval criteria. Fees, charges, terms and conditions may apply.

#AscendLendingPartners #AustralianBusiness #BusinessFinance #SMEFinance #BusinessLending #BusinessFinanceProcess #LoanApplication #FinanceEducation",pending,pending,,,
ALP-186,2026-09-14,15:20,C:\Users\bosan\Downloads\house-of-diamonds-landing-main\ascend_instagram_library\03_generated_posts\ALP-186_business-outgrown-current-equipment\ALP-186_slide-01.png,C:\Users\bosan\Downloads\house-of-diamonds-landing-main\ascend_instagram_library\03_generated_posts\ALP-186_business-outgrown-current-equipment\ALP-186_slide-02.png,C:\Users\bosan\Downloads\house-of-diamonds-landing-main\ascend_instagram_library\03_generated_posts\ALP-186_business-outgrown-current-equipment\ALP-186_slide-03.png,C:\Users\bosan\Downloads\house-of-diamonds-landing-main\ascend_instagram_library\03_generated_posts\ALP-186_business-outgrown-current-equipment\ALP-186_slide-04.png,C:\Users\bosan\Downloads\house-of-diamonds-landing-main\ascend_instagram_library\03_generated_posts\ALP-186_business-outgrown-current-equipment\ALP-186_slide-05.png,"When equipment becomes the actual limit on growth — not the market, not demand — it's a clear signal an upgrade is overdue, even if the cost feels significant.

Financing that upgrade, sized realistically for where the business is heading rather than just catching up, means capacity stops being the constraint.

General information only. This does not constitute financial, legal, accounting or tax advice. Credit is subject to lender assessment, eligibility and approval criteria. Fees, charges, terms and conditions may apply.",#AscendLendingPartners #AustralianBusiness #BusinessFinance #SMEFinance #BusinessLending #EquipmentFinance #BusinessGrowth #ScalingUp,"When equipment becomes the actual limit on growth — not the market, not demand — it's a clear signal an upgrade is overdue, even if the cost feels significant.

Financing that upgrade, sized realistically for where the business is heading rather than just catching up, means capacity stops being the constraint.

General information only. This does not constitute financial, legal, accounting or tax advice. Credit is subject to lender assessment, eligibility and approval criteria. Fees, charges, terms and conditions may apply.

#AscendLendingPartners #AustralianBusiness #BusinessFinance #SMEFinance #BusinessLending #EquipmentFinance #BusinessGrowth #ScalingUp",pending,pending,,,
ALP-041,2026-09-14,19:00,C:\Users\bosan\Downloads\house-of-diamonds-landing-main\ascend_instagram_library\03_generated_posts\ALP-041_what-is-loan-security\ALP-041_slide-01.png,C:\Users\bosan\Downloads\house-of-diamonds-landing-main\ascend_instagram_library\03_generated_posts\ALP-041_what-is-loan-security\ALP-041_slide-02.png,C:\Users\bosan\Downloads\house-of-diamonds-landing-main\ascend_instagram_library\03_generated_posts\ALP-041_what-is-loan-security\ALP-041_slide-03.png,C:\Users\bosan\Downloads\house-of-diamonds-landing-main\ascend_instagram_library\03_generated_posts\ALP-041_what-is-loan-security\ALP-041_slide-04.png,C:\Users\bosan\Downloads\house-of-diamonds-landing-main\ascend_instagram_library\03_generated_posts\ALP-041_what-is-loan-security\ALP-041_slide-05.png,"Security is simply the asset a lender can claim if a loan isn't repaid — it's what makes a secured facility different from an unsecured one, and it's a key factor in the terms a lender will offer.

Understanding what's being offered as security, and what happens if repayments fall behind, is essential before entering any secured lending arrangement.

General information only. This does not constitute financial, legal, accounting or tax advice. Credit is subject to lender assessment, eligibility and approval criteria. Fees, charges, terms and conditions may apply.",#AscendLendingPartners #AustralianBusiness #BusinessFinance #SMEFinance #BusinessLending #LoanSecurity #BusinessFinanceTerms #FinanceGlossary,"Security is simply the asset a lender can claim if a loan isn't repaid — it's what makes a secured facility different from an unsecured one, and it's a key factor in the terms a lender will offer.

Understanding what's being offered as security, and what happens if repayments fall behind, is essential before entering any secured lending arrangement.

General information only. This does not constitute financial, legal, accounting or tax advice. Credit is subject to lender assessment, eligibility and approval criteria. Fees, charges, terms and conditions may apply.

#AscendLendingPartners #AustralianBusiness #BusinessFinance #SMEFinance #BusinessLending #LoanSecurity #BusinessFinanceTerms #FinanceGlossary",pending,pending,,,
ALP-106,2026-09-15,08:00,C:\Users\bosan\Downloads\house-of-diamonds-landing-main\ascend_instagram_library\03_generated_posts\ALP-106_finance-for-beauty-and-wellness-businesses\ALP-106_slide-01.png,C:\Users\bosan\Downloads\house-of-diamonds-landing-main\ascend_instagram_library\03_generated_posts\ALP-106_finance-for-beauty-and-wellness-businesses\ALP-106_slide-02.png,C:\Users\bosan\Downloads\house-of-diamonds-landing-main\ascend_instagram_library\03_generated_posts\ALP-106_finance-for-beauty-and-wellness-businesses\ALP-106_slide-03.png,C:\Users\bosan\Downloads\house-of-diamonds-landing-main\ascend_instagram_library\03_generated_posts\ALP-106_finance-for-beauty-and-wellness-businesses\ALP-106_slide-04.png,C:\Users\bosan\Downloads\house-of-diamonds-landing-main\ascend_instagram_library\03_generated_posts\ALP-106_finance-for-beauty-and-wellness-businesses\ALP-106_slide-05.png,"Beauty and wellness businesses often carry significant fit-out and equipment costs relative to their size, alongside appointment-driven revenue. Finance can support opening, upgrading, or expanding treatment spaces without a large upfront cash outlay.

Every industry has its own rhythm when it comes to cash flow and finance needs — understanding beauty and wellness businesses's specific pattern is the first step to finding the right fit.

Fit-out and specialised equipment tend to be the biggest upfront costs in beauty and wellness businesses.

General information only. This does not constitute financial, legal, accounting or tax advice. Credit is subject to lender assessment, eligibility and approval criteria. Fees, charges, terms and conditions may apply.",#AscendLendingPartners #AustralianBusiness #BusinessFinance #SMEFinance #BusinessLending #BeautyBusinessFinance #WellnessFinance #SMEFinance,"Beauty and wellness businesses often carry significant fit-out and equipment costs relative to their size, alongside appointment-driven revenue. Finance can support opening, upgrading, or expanding treatment spaces without a large upfront cash outlay.

Every industry has its own rhythm when it comes to cash flow and finance needs — understanding beauty and wellness businesses's specific pattern is the first step to finding the right fit.

Fit-out and specialised equipment tend to be the biggest upfront costs in beauty and wellness businesses.

General information only. This does not constitute financial, legal, accounting or tax advice. Credit is subject to lender assessment, eligibility and approval criteria. Fees, charges, terms and conditions may apply.

#AscendLendingPartners #AustralianBusiness #BusinessFinance #SMEFinance #BusinessLending #BeautyBusinessFinance #WellnessFinance #SMEFinance",pending,pending,,,
ALP-126,2026-09-15,11:40,C:\Users\bosan\Downloads\house-of-diamonds-landing-main\ascend_instagram_library\03_generated_posts\ALP-126_worried-about-long-term-commitment\ALP-126_slide-01.png,C:\Users\bosan\Downloads\house-of-diamonds-landing-main\ascend_instagram_library\03_generated_posts\ALP-126_worried-about-long-term-commitment\ALP-126_slide-02.png,C:\Users\bosan\Downloads\house-of-diamonds-landing-main\ascend_instagram_library\03_generated_posts\ALP-126_worried-about-long-term-commitment\ALP-126_slide-03.png,C:\Users\bosan\Downloads\house-of-diamonds-landing-main\ascend_instagram_library\03_generated_posts\ALP-126_worried-about-long-term-commitment\ALP-126_slide-04.png,C:\Users\bosan\Downloads\house-of-diamonds-landing-main\ascend_instagram_library\03_generated_posts\ALP-126_worried-about-long-term-commitment\ALP-126_slide-05.png,"A multi-year commitment can feel like a big step, especially for a specific, short-term need — which is exactly why short-term finance exists. Matching the facility's term to how long you'll actually need the funds, rather than defaulting to the longest available option, often fits better.

It's worth asking about the full range of term lengths before assuming a long commitment is the only path.

General information only. This does not constitute financial, legal, accounting or tax advice. Credit is subject to lender assessment, eligibility and approval criteria. Fees, charges, terms and conditions may apply.",#AscendLendingPartners #AustralianBusiness #BusinessFinance #SMEFinance #BusinessLending #ShortTermFinance #BusinessLoanTerms #SMEFinance,"A multi-year commitment can feel like a big step, especially for a specific, short-term need — which is exactly why short-term finance exists. Matching the facility's term to how long you'll actually need the funds, rather than defaulting to the longest available option, often fits better.

It's worth asking about the full range of term lengths before assuming a long commitment is the only path.

General information only. This does not constitute financial, legal, accounting or tax advice. Credit is subject to lender assessment, eligibility and approval criteria. Fees, charges, terms and conditions may apply.

#AscendLendingPartners #AustralianBusiness #BusinessFinance #SMEFinance #BusinessLending #ShortTermFinance #BusinessLoanTerms #SMEFinance",pending,pending,,,
ALP-026,2026-09-15,15:20,C:\Users\bosan\Downloads\house-of-diamonds-landing-main\ascend_instagram_library\03_generated_posts\ALP-026_principal-and-interest-vs-interest-only\ALP-026_slide-01.png,C:\Users\bosan\Downloads\house-of-diamonds-landing-main\ascend_instagram_library\03_generated_posts\ALP-026_principal-and-interest-vs-interest-only\ALP-026_slide-02.png,C:\Users\bosan\Downloads\house-of-diamonds-landing-main\ascend_instagram_library\03_generated_posts\ALP-026_principal-and-interest-vs-interest-only\ALP-026_slide-03.png,C:\Users\bosan\Downloads\house-of-diamonds-landing-main\ascend_instagram_library\03_generated_posts\ALP-026_principal-and-interest-vs-interest-only\ALP-026_slide-04.png,C:\Users\bosan\Downloads\house-of-diamonds-landing-main\ascend_instagram_library\03_generated_posts\ALP-026_principal-and-interest-vs-interest-only\ALP-026_slide-05.png,"Interest-only repayments can look appealing on paper, but the trade-off is real: the principal doesn't reduce during that period, and it still needs to be repaid eventually.

Principal and interest repayments cost more per month but reduce your balance from day one. Interest-only can ease short-term cash flow, provided there's a clear plan for the principal once that period ends.

General information only. This does not constitute financial, legal, accounting or tax advice. Credit is subject to lender assessment, eligibility and approval criteria. Fees, charges, terms and conditions may apply.",#AscendLendingPartners #PrincipalAndInterest #InterestOnly #BusinessFinanceAustralia #CommercialFinance #SMEFinance #AustralianSmallBusiness #CashFlowManagement #FinanceBrokerAustralia,"Interest-only repayments can look appealing on paper, but the trade-off is real: the principal doesn't reduce during that period, and it still needs to be repaid eventually.

Principal and interest repayments cost more per month but reduce your balance from day one. Interest-only can ease short-term cash flow, provided there's a clear plan for the principal once that period ends.

General information only. This does not constitute financial, legal, accounting or tax advice. Credit is subject to lender assessment, eligibility and approval criteria. Fees, charges, terms and conditions may apply.

#AscendLendingPartners #PrincipalAndInterest #InterestOnly #BusinessFinanceAustralia #CommercialFinance #SMEFinance #AustralianSmallBusiness #CashFlowManagement #FinanceBrokerAustralia",pending,pending,,,
ALP-061,2026-09-15,19:00,C:\Users\bosan\Downloads\house-of-diamonds-landing-main\ascend_instagram_library\03_generated_posts\ALP-061_how-much-finance-do-you-actually-need\ALP-061_slide-01.png,C:\Users\bosan\Downloads\house-of-diamonds-landing-main\ascend_instagram_library\03_generated_posts\ALP-061_how-much-finance-do-you-actually-need\ALP-061_slide-02.png,C:\Users\bosan\Downloads\house-of-diamonds-landing-main\ascend_instagram_library\03_generated_posts\ALP-061_how-much-finance-do-you-actually-need\ALP-061_slide-03.png,C:\Users\bosan\Downloads\house-of-diamonds-landing-main\ascend_instagram_library\03_generated_posts\ALP-061_how-much-finance-do-you-actually-need\ALP-061_slide-04.png,C:\Users\bosan\Downloads\house-of-diamonds-landing-main\ascend_instagram_library\03_generated_posts\ALP-061_how-much-finance-do-you-actually-need\ALP-061_slide-05.png,"It's tempting to round up ""just in case"" or round down to keep repayments low — but both instincts can work against you. The better approach is costing the actual goal precisely, adding a sensible buffer, and checking that the resulting repayments genuinely fit your cash flow.

A lender's serviceability assessment will ultimately set the ceiling, but starting from a well-reasoned number puts you in a stronger position from the outset.

General information only. This does not constitute financial, legal, accounting or tax advice. Credit is subject to lender assessment, eligibility and approval criteria. Fees, charges, terms and conditions may apply.",#AscendLendingPartners #AustralianBusiness #BusinessFinance #SMEFinance #BusinessLending #BusinessLoanAmount #FinancePlanning #SMEFinanceTips,"It's tempting to round up ""just in case"" or round down to keep repayments low — but both instincts can work against you. The better approach is costing the actual goal precisely, adding a sensible buffer, and checking that the resulting repayments genuinely fit your cash flow.

A lender's serviceability assessment will ultimately set the ceiling, but starting from a well-reasoned number puts you in a stronger position from the outset.

General information only. This does not constitute financial, legal, accounting or tax advice. Credit is subject to lender assessment, eligibility and approval criteria. Fees, charges, terms and conditions may apply.

#AscendLendingPartners #AustralianBusiness #BusinessFinance #SMEFinance #BusinessLending #BusinessLoanAmount #FinancePlanning #SMEFinanceTips",pending,pending,,,
ALP-076,2026-09-16,08:00,C:\Users\bosan\Downloads\house-of-diamonds-landing-main\ascend_instagram_library\03_generated_posts\ALP-076_what-happens-when-you-miss-a-supplier-payment\ALP-076_slide-01.png,C:\Users\bosan\Downloads\house-of-diamonds-landing-main\ascend_instagram_library\03_generated_posts\ALP-076_what-happens-when-you-miss-a-supplier-payment\ALP-076_slide-02.png,C:\Users\bosan\Downloads\house-of-diamonds-landing-main\ascend_instagram_library\03_generated_posts\ALP-076_what-happens-when-you-miss-a-supplier-payment\ALP-076_slide-03.png,C:\Users\bosan\Downloads\house-of-diamonds-landing-main\ascend_instagram_library\03_generated_posts\ALP-076_what-happens-when-you-miss-a-supplier-payment\ALP-076_slide-04.png,C:\Users\bosan\Downloads\house-of-diamonds-landing-main\ascend_instagram_library\03_generated_posts\ALP-076_what-happens-when-you-miss-a-supplier-payment\ALP-076_slide-05.png,"A missed supplier payment rarely stays contained to that single invoice — it can affect the relationship, put future supply at risk, and sometimes lead to less favourable terms going forward.

If a payment is at risk of being missed, communicating with the supplier early tends to lead to a better outcome than going quiet — and short-term finance can sometimes prevent the situation altogether.

General information only. This does not constitute financial, legal, accounting or tax advice. Credit is subject to lender assessment, eligibility and approval criteria. Fees, charges, terms and conditions may apply.",#AscendLendingPartners #AustralianBusiness #BusinessFinance #SMEFinance #BusinessLending #SupplierPayments #CashFlowManagement #WorkingCapital,"A missed supplier payment rarely stays contained to that single invoice — it can affect the relationship, put future supply at risk, and sometimes lead to less favourable terms going forward.

If a payment is at risk of being missed, communicating with the supplier early tends to lead to a better outcome than going quiet — and short-term finance can sometimes prevent the situation altogether.

General information only. This does not constitute financial, legal, accounting or tax advice. Credit is subject to lender assessment, eligibility and approval criteria. Fees, charges, terms and conditions may apply.

#AscendLendingPartners #AustralianBusiness #BusinessFinance #SMEFinance #BusinessLending #SupplierPayments #CashFlowManagement #WorkingCapital",pending,pending,,,
ALP-091,2026-09-16,11:40,C:\Users\bosan\Downloads\house-of-diamonds-landing-main\ascend_instagram_library\03_generated_posts\ALP-091_funding-export-and-international-growth\ALP-091_slide-01.png,C:\Users\bosan\Downloads\house-of-diamonds-landing-main\ascend_instagram_library\03_generated_posts\ALP-091_funding-export-and-international-growth\ALP-091_slide-02.png,C:\Users\bosan\Downloads\house-of-diamonds-landing-main\ascend_instagram_library\03_generated_posts\ALP-091_funding-export-and-international-growth\ALP-091_slide-03.png,C:\Users\bosan\Downloads\house-of-diamonds-landing-main\ascend_instagram_library\03_generated_posts\ALP-091_funding-export-and-international-growth\ALP-091_slide-04.png,C:\Users\bosan\Downloads\house-of-diamonds-landing-main\ascend_instagram_library\03_generated_posts\ALP-091_funding-export-and-international-growth\ALP-091_slide-05.png,"Exporting adds a layer of timing complexity that domestic trade usually doesn't — longer shipping times, international payment cycles, and sometimes currency considerations on top. Trade finance exists specifically to fund that gap, from production through to when an overseas customer actually pays.

Working with a lender who understands these cycles can make the difference between export growth being smooth or straining the business.

General information only. This does not constitute financial, legal, accounting or tax advice. Credit is subject to lender assessment, eligibility and approval criteria. Fees, charges, terms and conditions may apply.",#AscendLendingPartners #AustralianBusiness #BusinessFinance #SMEFinance #BusinessLending #TradeFinance #ExportBusiness #GrowthFinance,"Exporting adds a layer of timing complexity that domestic trade usually doesn't — longer shipping times, international payment cycles, and sometimes currency considerations on top. Trade finance exists specifically to fund that gap, from production through to when an overseas customer actually pays.

Working with a lender who understands these cycles can make the difference between export growth being smooth or straining the business.

General information only. This does not constitute financial, legal, accounting or tax advice. Credit is subject to lender assessment, eligibility and approval criteria. Fees, charges, terms and conditions may apply.

#AscendLendingPartners #AustralianBusiness #BusinessFinance #SMEFinance #BusinessLending #TradeFinance #ExportBusiness #GrowthFinance",pending,pending,,,
ALP-171,2026-09-16,15:20,C:\Users\bosan\Downloads\house-of-diamonds-landing-main\ascend_instagram_library\03_generated_posts\ALP-171_5-signs-cash-flow-needs-attention\ALP-171_slide-01.png,C:\Users\bosan\Downloads\house-of-diamonds-landing-main\ascend_instagram_library\03_generated_posts\ALP-171_5-signs-cash-flow-needs-attention\ALP-171_slide-02.png,C:\Users\bosan\Downloads\house-of-diamonds-landing-main\ascend_instagram_library\03_generated_posts\ALP-171_5-signs-cash-flow-needs-attention\ALP-171_slide-03.png,C:\Users\bosan\Downloads\house-of-diamonds-landing-main\ascend_instagram_library\03_generated_posts\ALP-171_5-signs-cash-flow-needs-attention\ALP-171_slide-04.png,C:\Users\bosan\Downloads\house-of-diamonds-landing-main\ascend_instagram_library\03_generated_posts\ALP-171_5-signs-cash-flow-needs-attention\ALP-171_slide-05.png,"Cash-flow pressure rarely appears overnight — it tends to show up gradually, through signs like these five, well before it becomes an urgent problem.

Checking for them regularly, rather than only noticing once things feel tight, gives you far more room to plan a considered response.

General information only. This does not constitute financial, legal, accounting or tax advice. Credit is subject to lender assessment, eligibility and approval criteria. Fees, charges, terms and conditions may apply.",#AscendLendingPartners #AustralianBusiness #BusinessFinance #SMEFinance #BusinessLending #CashFlowSigns #CashFlowManagement #SMEFinanceTips,"Cash-flow pressure rarely appears overnight — it tends to show up gradually, through signs like these five, well before it becomes an urgent problem.

Checking for them regularly, rather than only noticing once things feel tight, gives you far more room to plan a considered response.

General information only. This does not constitute financial, legal, accounting or tax advice. Credit is subject to lender assessment, eligibility and approval criteria. Fees, charges, terms and conditions may apply.

#AscendLendingPartners #AustralianBusiness #BusinessFinance #SMEFinance #BusinessLending #CashFlowSigns #CashFlowManagement #SMEFinanceTips",pending,pending,,,
ALP-156,2026-09-16,19:00,C:\Users\bosan\Downloads\house-of-diamonds-landing-main\ascend_instagram_library\03_generated_posts\ALP-156_compare-multiple-loan-offers-side-by-side\ALP-156_slide-01.png,C:\Users\bosan\Downloads\house-of-diamonds-landing-main\ascend_instagram_library\03_generated_posts\ALP-156_compare-multiple-loan-offers-side-by-side\ALP-156_slide-02.png,C:\Users\bosan\Downloads\house-of-diamonds-landing-main\ascend_instagram_library\03_generated_posts\ALP-156_compare-multiple-loan-offers-side-by-side\ALP-156_slide-03.png,C:\Users\bosan\Downloads\house-of-diamonds-landing-main\ascend_instagram_library\03_generated_posts\ALP-156_compare-multiple-loan-offers-side-by-side\ALP-156_slide-04.png,C:\Users\bosan\Downloads\house-of-diamonds-landing-main\ascend_instagram_library\03_generated_posts\ALP-156_compare-multiple-loan-offers-side-by-side\ALP-156_slide-05.png,"When more than one offer is on the table, comparing them properly means using the same criteria for each — total cost, term, flexibility and security — not just glancing at whichever rate looks lowest.

A broker can prepare this comparison directly, but even a simple table you build yourself makes the differences much clearer.

General information only. This does not constitute financial, legal, accounting or tax advice. Credit is subject to lender assessment, eligibility and approval criteria. Fees, charges, terms and conditions may apply.",#AscendLendingPartners #AustralianBusiness #BusinessFinance #SMEFinance #BusinessLending #ComparingLoans #FinanceEducation #SMEFinanceTips,"When more than one offer is on the table, comparing them properly means using the same criteria for each — total cost, term, flexibility and security — not just glancing at whichever rate looks lowest.

A broker can prepare this comparison directly, but even a simple table you build yourself makes the differences much clearer.

General information only. This does not constitute financial, legal, accounting or tax advice. Credit is subject to lender assessment, eligibility and approval criteria. Fees, charges, terms and conditions may apply.

#AscendLendingPartners #AustralianBusiness #BusinessFinance #SMEFinance #BusinessLending #ComparingLoans #FinanceEducation #SMEFinanceTips",pending,pending,,,
ALP-187,2026-09-17,08:00,C:\Users\bosan\Downloads\house-of-diamonds-landing-main\ascend_instagram_library\03_generated_posts\ALP-187_asked-to-take-on-a-bigger-project\ALP-187_slide-01.png,C:\Users\bosan\Downloads\house-of-diamonds-landing-main\ascend_instagram_library\03_generated_posts\ALP-187_asked-to-take-on-a-bigger-project\ALP-187_slide-02.png,C:\Users\bosan\Downloads\house-of-diamonds-landing-main\ascend_instagram_library\03_generated_posts\ALP-187_asked-to-take-on-a-bigger-project\ALP-187_slide-03.png,C:\Users\bosan\Downloads\house-of-diamonds-landing-main\ascend_instagram_library\03_generated_posts\ALP-187_asked-to-take-on-a-bigger-project\ALP-187_slide-04.png,C:\Users\bosan\Downloads\house-of-diamonds-landing-main\ascend_instagram_library\03_generated_posts\ALP-187_asked-to-take-on-a-bigger-project\ALP-187_slide-05.png,"A project bigger than your usual scope is exciting, but it's worth being honest about whether it needs more than just extra hours — often it needs upfront resourcing that current cash flow wasn't built to absorb.

Finance sized specifically to the project can bridge that gap, letting you take on the opportunity without stretching the rest of the business thin.

General information only. This does not constitute financial, legal, accounting or tax advice. Credit is subject to lender assessment, eligibility and approval criteria. Fees, charges, terms and conditions may apply.",#AscendLendingPartners #AustralianBusiness #BusinessFinance #SMEFinance #BusinessLending #ProjectFinance #WorkingCapital #BusinessGrowth,"A project bigger than your usual scope is exciting, but it's worth being honest about whether it needs more than just extra hours — often it needs upfront resourcing that current cash flow wasn't built to absorb.

Finance sized specifically to the project can bridge that gap, letting you take on the opportunity without stretching the rest of the business thin.

General information only. This does not constitute financial, legal, accounting or tax advice. Credit is subject to lender assessment, eligibility and approval criteria. Fees, charges, terms and conditions may apply.

#AscendLendingPartners #AustralianBusiness #BusinessFinance #SMEFinance #BusinessLending #ProjectFinance #WorkingCapital #BusinessGrowth",pending,pending,,,
ALP-042,2026-09-17,11:40,C:\Users\bosan\Downloads\house-of-diamonds-landing-main\ascend_instagram_library\03_generated_posts\ALP-042_what-is-a-general-security-agreement\ALP-042_slide-01.png,C:\Users\bosan\Downloads\house-of-diamonds-landing-main\ascend_instagram_library\03_generated_posts\ALP-042_what-is-a-general-security-agreement\ALP-042_slide-02.png,C:\Users\bosan\Downloads\house-of-diamonds-landing-main\ascend_instagram_library\03_generated_posts\ALP-042_what-is-a-general-security-agreement\ALP-042_slide-03.png,C:\Users\bosan\Downloads\house-of-diamonds-landing-main\ascend_instagram_library\03_generated_posts\ALP-042_what-is-a-general-security-agreement\ALP-042_slide-04.png,C:\Users\bosan\Downloads\house-of-diamonds-landing-main\ascend_instagram_library\03_generated_posts\ALP-042_what-is-a-general-security-agreement\ALP-042_slide-05.png,"Rather than securing a loan against one asset, a General Security Agreement gives the lender a registered interest across the company's assets as a whole. It's registered on the PPSR, which establishes the lender's priority relative to other creditors.

GSAs are a routine part of many business term loans, but it's worth understanding how one interacts with any other security already in place before agreeing to it.

General information only. This does not constitute financial, legal, accounting or tax advice. Credit is subject to lender assessment, eligibility and approval criteria. Fees, charges, terms and conditions may apply.",#AscendLendingPartners #AustralianBusiness #BusinessFinance #SMEFinance #BusinessLending #GeneralSecurityAgreement #PPSR #BusinessFinanceTerms,"Rather than securing a loan against one asset, a General Security Agreement gives the lender a registered interest across the company's assets as a whole. It's registered on the PPSR, which establishes the lender's priority relative to other creditors.

GSAs are a routine part of many business term loans, but it's worth understanding how one interacts with any other security already in place before agreeing to it.

General information only. This does not constitute financial, legal, accounting or tax advice. Credit is subject to lender assessment, eligibility and approval criteria. Fees, charges, terms and conditions may apply.

#AscendLendingPartners #AustralianBusiness #BusinessFinance #SMEFinance #BusinessLending #GeneralSecurityAgreement #PPSR #BusinessFinanceTerms",pending,pending,,,
ALP-107,2026-09-17,15:20,C:\Users\bosan\Downloads\house-of-diamonds-landing-main\ascend_instagram_library\03_generated_posts\ALP-107_finance-for-it-and-technology-services\ALP-107_slide-01.png,C:\Users\bosan\Downloads\house-of-diamonds-landing-main\ascend_instagram_library\03_generated_posts\ALP-107_finance-for-it-and-technology-services\ALP-107_slide-02.png,C:\Users\bosan\Downloads\house-of-diamonds-landing-main\ascend_instagram_library\03_generated_posts\ALP-107_finance-for-it-and-technology-services\ALP-107_slide-03.png,C:\Users\bosan\Downloads\house-of-diamonds-landing-main\ascend_instagram_library\03_generated_posts\ALP-107_finance-for-it-and-technology-services\ALP-107_slide-04.png,C:\Users\bosan\Downloads\house-of-diamonds-landing-main\ascend_instagram_library\03_generated_posts\ALP-107_finance-for-it-and-technology-services\ALP-107_slide-05.png,"IT and technology services businesses often work on a project or retainer basis, with income that can be lumpy relative to steady staff and overhead costs. A flexible line of credit can smooth cash flow between project milestones or client payment cycles.

Every industry has its own rhythm when it comes to cash flow and finance needs — understanding it and technology services's specific pattern is the first step to finding the right fit.

Project-based billing means IT and technology businesses often need finance that flexes with milestone timing.

General information only. This does not constitute financial, legal, accounting or tax advice. Credit is subject to lender assessment, eligibility and approval criteria. Fees, charges, terms and conditions may apply.",#AscendLendingPartners #AustralianBusiness #BusinessFinance #SMEFinance #BusinessLending #TechBusinessFinance #ITServicesFinance #SMEFinance,"IT and technology services businesses often work on a project or retainer basis, with income that can be lumpy relative to steady staff and overhead costs. A flexible line of credit can smooth cash flow between project milestones or client payment cycles.

Every industry has its own rhythm when it comes to cash flow and finance needs — understanding it and technology services's specific pattern is the first step to finding the right fit.

Project-based billing means IT and technology businesses often need finance that flexes with milestone timing.

General information only. This does not constitute financial, legal, accounting or tax advice. Credit is subject to lender assessment, eligibility and approval criteria. Fees, charges, terms and conditions may apply.

#AscendLendingPartners #AustralianBusiness #BusinessFinance #SMEFinance #BusinessLending #TechBusinessFinance #ITServicesFinance #SMEFinance",pending,pending,,,
ALP-127,2026-09-17,19:00,C:\Users\bosan\Downloads\house-of-diamonds-landing-main\ascend_instagram_library\03_generated_posts\ALP-127_is-my-business-too-small\ALP-127_slide-01.png,C:\Users\bosan\Downloads\house-of-diamonds-landing-main\ascend_instagram_library\03_generated_posts\ALP-127_is-my-business-too-small\ALP-127_slide-02.png,C:\Users\bosan\Downloads\house-of-diamonds-landing-main\ascend_instagram_library\03_generated_posts\ALP-127_is-my-business-too-small\ALP-127_slide-03.png,C:\Users\bosan\Downloads\house-of-diamonds-landing-main\ascend_instagram_library\03_generated_posts\ALP-127_is-my-business-too-small\ALP-127_slide-04.png,C:\Users\bosan\Downloads\house-of-diamonds-landing-main\ascend_instagram_library\03_generated_posts\ALP-127_is-my-business-too-small\ALP-127_slide-05.png,"It's a common assumption — that business finance is really only for larger, established companies. In reality, a significant part of the market is built around sole traders and micro businesses, with smaller facility sizes and simpler, faster assessment processes.

Rather than assuming your business doesn't qualify because of its size, it's worth having the conversation and finding out what's genuinely available.

General information only. This does not constitute financial, legal, accounting or tax advice. Credit is subject to lender assessment, eligibility and approval criteria. Fees, charges, terms and conditions may apply.",#AscendLendingPartners #AustralianBusiness #BusinessFinance #SMEFinance #BusinessLending #SoleTraderFinance #MicroBusiness #SmallBusinessFinance,"It's a common assumption — that business finance is really only for larger, established companies. In reality, a significant part of the market is built around sole traders and micro businesses, with smaller facility sizes and simpler, faster assessment processes.

Rather than assuming your business doesn't qualify because of its size, it's worth having the conversation and finding out what's genuinely available.

General information only. This does not constitute financial, legal, accounting or tax advice. Credit is subject to lender assessment, eligibility and approval criteria. Fees, charges, terms and conditions may apply.

#AscendLendingPartners #AustralianBusiness #BusinessFinance #SMEFinance #BusinessLending #SoleTraderFinance #MicroBusiness #SmallBusinessFinance",pending,pending,,,
ALP-027,2026-09-18,08:00,C:\Users\bosan\Downloads\house-of-diamonds-landing-main\ascend_instagram_library\03_generated_posts\ALP-027_invoice-finance-vs-overdraft\ALP-027_slide-01.png,C:\Users\bosan\Downloads\house-of-diamonds-landing-main\ascend_instagram_library\03_generated_posts\ALP-027_invoice-finance-vs-overdraft\ALP-027_slide-02.png,C:\Users\bosan\Downloads\house-of-diamonds-landing-main\ascend_instagram_library\03_generated_posts\ALP-027_invoice-finance-vs-overdraft\ALP-027_slide-03.png,C:\Users\bosan\Downloads\house-of-diamonds-landing-main\ascend_instagram_library\03_generated_posts\ALP-027_invoice-finance-vs-overdraft\ALP-027_slide-04.png,C:\Users\bosan\Downloads\house-of-diamonds-landing-main\ascend_instagram_library\03_generated_posts\ALP-027_invoice-finance-vs-overdraft\ALP-027_slide-05.png,"An overdraft is simple and familiar, but it's also fixed — the limit doesn't move just because your invoicing volume does.

Invoice finance is built to scale with your sales, advancing funds against invoices you've already issued rather than sitting at a static limit. For B2B businesses on 30-90 day terms, that difference can matter as volume grows.

General information only. This does not constitute financial, legal, accounting or tax advice. Credit is subject to lender assessment, eligibility and approval criteria. Fees, charges, terms and conditions may apply.",#AscendLendingPartners #InvoiceFinance #BusinessOverdraft #CashFlowManagement #B2BFinance #BusinessFinanceAustralia #SMEFinance #AustralianSmallBusiness #FinanceBrokerAustralia,"An overdraft is simple and familiar, but it's also fixed — the limit doesn't move just because your invoicing volume does.

Invoice finance is built to scale with your sales, advancing funds against invoices you've already issued rather than sitting at a static limit. For B2B businesses on 30-90 day terms, that difference can matter as volume grows.

General information only. This does not constitute financial, legal, accounting or tax advice. Credit is subject to lender assessment, eligibility and approval criteria. Fees, charges, terms and conditions may apply.

#AscendLendingPartners #InvoiceFinance #BusinessOverdraft #CashFlowManagement #B2BFinance #BusinessFinanceAustralia #SMEFinance #AustralianSmallBusiness #FinanceBrokerAustralia",pending,pending,,,
ALP-062,2026-09-18,11:40,C:\Users\bosan\Downloads\house-of-diamonds-landing-main\ascend_instagram_library\03_generated_posts\ALP-062_what-is-a-finance-broker\ALP-062_slide-01.png,C:\Users\bosan\Downloads\house-of-diamonds-landing-main\ascend_instagram_library\03_generated_posts\ALP-062_what-is-a-finance-broker\ALP-062_slide-02.png,C:\Users\bosan\Downloads\house-of-diamonds-landing-main\ascend_instagram_library\03_generated_posts\ALP-062_what-is-a-finance-broker\ALP-062_slide-03.png,C:\Users\bosan\Downloads\house-of-diamonds-landing-main\ascend_instagram_library\03_generated_posts\ALP-062_what-is-a-finance-broker\ALP-062_slide-04.png,C:\Users\bosan\Downloads\house-of-diamonds-landing-main\ascend_instagram_library\03_generated_posts\ALP-062_what-is-a-finance-broker\ALP-062_slide-05.png,"Rather than researching and approaching lenders one at a time, a broker does that legwork for you — understanding your situation, then comparing it against a panel of lenders to find a genuine fit.

It's worth asking any broker how they're remunerated and what their process looks like, so you know exactly what you're getting from the relationship.

General information only. This does not constitute financial, legal, accounting or tax advice. Credit is subject to lender assessment, eligibility and approval criteria. Fees, charges, terms and conditions may apply.",#AscendLendingPartners #AustralianBusiness #BusinessFinance #SMEFinance #BusinessLending #FinanceBroker #BusinessLendingHelp #SMEFinance,"Rather than researching and approaching lenders one at a time, a broker does that legwork for you — understanding your situation, then comparing it against a panel of lenders to find a genuine fit.

It's worth asking any broker how they're remunerated and what their process looks like, so you know exactly what you're getting from the relationship.

General information only. This does not constitute financial, legal, accounting or tax advice. Credit is subject to lender assessment, eligibility and approval criteria. Fees, charges, terms and conditions may apply.

#AscendLendingPartners #AustralianBusiness #BusinessFinance #SMEFinance #BusinessLending #FinanceBroker #BusinessLendingHelp #SMEFinance",pending,pending,,,
ALP-077,2026-09-18,15:20,C:\Users\bosan\Downloads\house-of-diamonds-landing-main\ascend_instagram_library\03_generated_posts\ALP-077_how-payment-terms-affect-cash-flow\ALP-077_slide-01.png,C:\Users\bosan\Downloads\house-of-diamonds-landing-main\ascend_instagram_library\03_generated_posts\ALP-077_how-payment-terms-affect-cash-flow\ALP-077_slide-02.png,C:\Users\bosan\Downloads\house-of-diamonds-landing-main\ascend_instagram_library\03_generated_posts\ALP-077_how-payment-terms-affect-cash-flow\ALP-077_slide-03.png,C:\Users\bosan\Downloads\house-of-diamonds-landing-main\ascend_instagram_library\03_generated_posts\ALP-077_how-payment-terms-affect-cash-flow\ALP-077_slide-04.png,C:\Users\bosan\Downloads\house-of-diamonds-landing-main\ascend_instagram_library\03_generated_posts\ALP-077_how-payment-terms-affect-cash-flow\ALP-077_slide-05.png,"It's easy to focus on chasing overdue invoices, but the terms themselves are often the bigger lever — if you're offering 30-day terms while your own suppliers expect payment in seven, that gap exists regardless of how promptly customers pay within their terms.

Reviewing both sides of your payment terms is often the first, cheapest step before looking at finance to cover the gap.

General information only. This does not constitute financial, legal, accounting or tax advice. Credit is subject to lender assessment, eligibility and approval criteria. Fees, charges, terms and conditions may apply.",#AscendLendingPartners #AustralianBusiness #BusinessFinance #SMEFinance #BusinessLending #PaymentTerms #CashFlowManagement #InvoiceFinance,"It's easy to focus on chasing overdue invoices, but the terms themselves are often the bigger lever — if you're offering 30-day terms while your own suppliers expect payment in seven, that gap exists regardless of how promptly customers pay within their terms.

Reviewing both sides of your payment terms is often the first, cheapest step before looking at finance to cover the gap.

General information only. This does not constitute financial, legal, accounting or tax advice. Credit is subject to lender assessment, eligibility and approval criteria. Fees, charges, terms and conditions may apply.

#AscendLendingPartners #AustralianBusiness #BusinessFinance #SMEFinance #BusinessLending #PaymentTerms #CashFlowManagement #InvoiceFinance",pending,pending,,,
ALP-092,2026-09-18,19:00,C:\Users\bosan\Downloads\house-of-diamonds-landing-main\ascend_instagram_library\03_generated_posts\ALP-092_time-finance-around-a-growth-opportunity\ALP-092_slide-01.png,C:\Users\bosan\Downloads\house-of-diamonds-landing-main\ascend_instagram_library\03_generated_posts\ALP-092_time-finance-around-a-growth-opportunity\ALP-092_slide-02.png,C:\Users\bosan\Downloads\house-of-diamonds-landing-main\ascend_instagram_library\03_generated_posts\ALP-092_time-finance-around-a-growth-opportunity\ALP-092_slide-03.png,C:\Users\bosan\Downloads\house-of-diamonds-landing-main\ascend_instagram_library\03_generated_posts\ALP-092_time-finance-around-a-growth-opportunity\ALP-092_slide-04.png,C:\Users\bosan\Downloads\house-of-diamonds-landing-main\ascend_instagram_library\03_generated_posts\ALP-092_time-finance-around-a-growth-opportunity\ALP-092_slide-05.png,"One of the most common frustrations in business is spotting a great opportunity and then losing precious time to a finance application — because assessment simply takes time, no matter how strong the case.

The fix is sequencing: having a facility already arranged or pre-assessed, so that when the right opportunity appears, the finance side isn't the bottleneck.

General information only. This does not constitute financial, legal, accounting or tax advice. Credit is subject to lender assessment, eligibility and approval criteria. Fees, charges, terms and conditions may apply.",#AscendLendingPartners #AustralianBusiness #BusinessFinance #SMEFinance #BusinessLending #BusinessFinanceTiming #GrowthOpportunity #SMEStrategy,"One of the most common frustrations in business is spotting a great opportunity and then losing precious time to a finance application — because assessment simply takes time, no matter how strong the case.

The fix is sequencing: having a facility already arranged or pre-assessed, so that when the right opportunity appears, the finance side isn't the bottleneck.

General information only. This does not constitute financial, legal, accounting or tax advice. Credit is subject to lender assessment, eligibility and approval criteria. Fees, charges, terms and conditions may apply.

#AscendLendingPartners #AustralianBusiness #BusinessFinance #SMEFinance #BusinessLending #BusinessFinanceTiming #GrowthOpportunity #SMEStrategy",pending,pending,,,
ALP-172,2026-09-21,08:00,C:\Users\bosan\Downloads\house-of-diamonds-landing-main\ascend_instagram_library\03_generated_posts\ALP-172_8-things-to-check-in-a-loan-agreement\ALP-172_slide-01.png,C:\Users\bosan\Downloads\house-of-diamonds-landing-main\ascend_instagram_library\03_generated_posts\ALP-172_8-things-to-check-in-a-loan-agreement\ALP-172_slide-02.png,C:\Users\bosan\Downloads\house-of-diamonds-landing-main\ascend_instagram_library\03_generated_posts\ALP-172_8-things-to-check-in-a-loan-agreement\ALP-172_slide-03.png,C:\Users\bosan\Downloads\house-of-diamonds-landing-main\ascend_instagram_library\03_generated_posts\ALP-172_8-things-to-check-in-a-loan-agreement\ALP-172_slide-04.png,C:\Users\bosan\Downloads\house-of-diamonds-landing-main\ascend_instagram_library\03_generated_posts\ALP-172_8-things-to-check-in-a-loan-agreement\ALP-172_slide-05.png,"A loan agreement is denser than the summary conversation that usually precedes it — which is exactly why it's worth a careful, unhurried read against this checklist before signing.

Independent legal advice is also worth considering for anything you're unsure about.

General information only. This does not constitute financial, legal, accounting or tax advice. Credit is subject to lender assessment, eligibility and approval criteria. Fees, charges, terms and conditions may apply.",#AscendLendingPartners #AustralianBusiness #BusinessFinance #SMEFinance #BusinessLending #LoanAgreement #FinanceEducation #SMEFinanceTips,"A loan agreement is denser than the summary conversation that usually precedes it — which is exactly why it's worth a careful, unhurried read against this checklist before signing.

Independent legal advice is also worth considering for anything you're unsure about.

General information only. This does not constitute financial, legal, accounting or tax advice. Credit is subject to lender assessment, eligibility and approval criteria. Fees, charges, terms and conditions may apply.

#AscendLendingPartners #AustralianBusiness #BusinessFinance #SMEFinance #BusinessLending #LoanAgreement #FinanceEducation #SMEFinanceTips",pending,pending,,,
ALP-157,2026-09-21,11:40,C:\Users\bosan\Downloads\house-of-diamonds-landing-main\ascend_instagram_library\03_generated_posts\ALP-157_what-a-broker-can-and-cant-do\ALP-157_slide-01.png,C:\Users\bosan\Downloads\house-of-diamonds-landing-main\ascend_instagram_library\03_generated_posts\ALP-157_what-a-broker-can-and-cant-do\ALP-157_slide-02.png,C:\Users\bosan\Downloads\house-of-diamonds-landing-main\ascend_instagram_library\03_generated_posts\ALP-157_what-a-broker-can-and-cant-do\ALP-157_slide-03.png,C:\Users\bosan\Downloads\house-of-diamonds-landing-main\ascend_instagram_library\03_generated_posts\ALP-157_what-a-broker-can-and-cant-do\ALP-157_slide-04.png,C:\Users\bosan\Downloads\house-of-diamonds-landing-main\ascend_instagram_library\03_generated_posts\ALP-157_what-a-broker-can-and-cant-do\ALP-157_slide-05.png,"Setting realistic expectations upfront leads to a far better experience — a broker's role is comparison, guidance and advocacy, but final approval always rests with the lender, and a broker isn't a substitute for independent financial, legal or tax advice.

A good broker is upfront about these boundaries rather than overselling what they can promise.

General information only. This does not constitute financial, legal, accounting or tax advice. Credit is subject to lender assessment, eligibility and approval criteria. Fees, charges, terms and conditions may apply.",#AscendLendingPartners #AustralianBusiness #BusinessFinance #SMEFinance #BusinessLending #FinanceBroker #BusinessLendingHelp #FinanceEducation,"Setting realistic expectations upfront leads to a far better experience — a broker's role is comparison, guidance and advocacy, but final approval always rests with the lender, and a broker isn't a substitute for independent financial, legal or tax advice.

A good broker is upfront about these boundaries rather than overselling what they can promise.

General information only. This does not constitute financial, legal, accounting or tax advice. Credit is subject to lender assessment, eligibility and approval criteria. Fees, charges, terms and conditions may apply.

#AscendLendingPartners #AustralianBusiness #BusinessFinance #SMEFinance #BusinessLending #FinanceBroker #BusinessLendingHelp #FinanceEducation",pending,pending,,,
ALP-188,2026-09-21,15:20,C:\Users\bosan\Downloads\house-of-diamonds-landing-main\ascend_instagram_library\03_generated_posts\ALP-188_supplier-wants-payment-upfront\ALP-188_slide-01.png,C:\Users\bosan\Downloads\house-of-diamonds-landing-main\ascend_instagram_library\03_generated_posts\ALP-188_supplier-wants-payment-upfront\ALP-188_slide-02.png,C:\Users\bosan\Downloads\house-of-diamonds-landing-main\ascend_instagram_library\03_generated_posts\ALP-188_supplier-wants-payment-upfront\ALP-188_slide-03.png,C:\Users\bosan\Downloads\house-of-diamonds-landing-main\ascend_instagram_library\03_generated_posts\ALP-188_supplier-wants-payment-upfront\ALP-188_slide-04.png,C:\Users\bosan\Downloads\house-of-diamonds-landing-main\ascend_instagram_library\03_generated_posts\ALP-188_supplier-wants-payment-upfront\ALP-188_slide-05.png,"A supplier moving from trading terms to upfront payment can catch a business off guard, tightening cash flow with little notice — even when nothing about your own operations has changed.

A flexible facility can absorb that shift, keeping orders flowing normally while you assess whether it's worth negotiating, adapting, or looking elsewhere.

General information only. This does not constitute financial, legal, accounting or tax advice. Credit is subject to lender assessment, eligibility and approval criteria. Fees, charges, terms and conditions may apply.",#AscendLendingPartners #AustralianBusiness #BusinessFinance #SMEFinance #BusinessLending #SupplierPayments #CashFlowManagement #BusinessLineOfCredit,"A supplier moving from trading terms to upfront payment can catch a business off guard, tightening cash flow with little notice — even when nothing about your own operations has changed.

A flexible facility can absorb that shift, keeping orders flowing normally while you assess whether it's worth negotiating, adapting, or looking elsewhere.

General information only. This does not constitute financial, legal, accounting or tax advice. Credit is subject to lender assessment, eligibility and approval criteria. Fees, charges, terms and conditions may apply.

#AscendLendingPartners #AustralianBusiness #BusinessFinance #SMEFinance #BusinessLending #SupplierPayments #CashFlowManagement #BusinessLineOfCredit",pending,pending,,,
ALP-043,2026-09-21,19:00,C:\Users\bosan\Downloads\house-of-diamonds-landing-main\ascend_instagram_library\03_generated_posts\ALP-043_what-is-serviceability\ALP-043_slide-01.png,C:\Users\bosan\Downloads\house-of-diamonds-landing-main\ascend_instagram_library\03_generated_posts\ALP-043_what-is-serviceability\ALP-043_slide-02.png,C:\Users\bosan\Downloads\house-of-diamonds-landing-main\ascend_instagram_library\03_generated_posts\ALP-043_what-is-serviceability\ALP-043_slide-03.png,C:\Users\bosan\Downloads\house-of-diamonds-landing-main\ascend_instagram_library\03_generated_posts\ALP-043_what-is-serviceability\ALP-043_slide-04.png,C:\Users\bosan\Downloads\house-of-diamonds-landing-main\ascend_instagram_library\03_generated_posts\ALP-043_what-is-serviceability\ALP-043_slide-05.png,"Serviceability answers one core question for a lender: after accounting for expenses and existing debt, can this business realistically afford the proposed repayments? It's assessed alongside security, not instead of it.

Because lenders often build in a buffer above current interest rates, and weigh seasonal or irregular income carefully, presenting clear and current financial information can make a real difference to how an application is assessed.

General information only. This does not constitute financial, legal, accounting or tax advice. Credit is subject to lender assessment, eligibility and approval criteria. Fees, charges, terms and conditions may apply.",#AscendLendingPartners #AustralianBusiness #BusinessFinance #SMEFinance #BusinessLending #Serviceability #BusinessLoanBasics #FinanceGlossary,"Serviceability answers one core question for a lender: after accounting for expenses and existing debt, can this business realistically afford the proposed repayments? It's assessed alongside security, not instead of it.

Because lenders often build in a buffer above current interest rates, and weigh seasonal or irregular income carefully, presenting clear and current financial information can make a real difference to how an application is assessed.

General information only. This does not constitute financial, legal, accounting or tax advice. Credit is subject to lender assessment, eligibility and approval criteria. Fees, charges, terms and conditions may apply.

#AscendLendingPartners #AustralianBusiness #BusinessFinance #SMEFinance #BusinessLending #Serviceability #BusinessLoanBasics #FinanceGlossary",pending,pending,,,
ALP-108,2026-09-22,08:00,C:\Users\bosan\Downloads\house-of-diamonds-landing-main\ascend_instagram_library\03_generated_posts\ALP-108_finance-for-import-and-export-businesses\ALP-108_slide-01.png,C:\Users\bosan\Downloads\house-of-diamonds-landing-main\ascend_instagram_library\03_generated_posts\ALP-108_finance-for-import-and-export-businesses\ALP-108_slide-02.png,C:\Users\bosan\Downloads\house-of-diamonds-landing-main\ascend_instagram_library\03_generated_posts\ALP-108_finance-for-import-and-export-businesses\ALP-108_slide-03.png,C:\Users\bosan\Downloads\house-of-diamonds-landing-main\ascend_instagram_library\03_generated_posts\ALP-108_finance-for-import-and-export-businesses\ALP-108_slide-04.png,C:\Users\bosan\Downloads\house-of-diamonds-landing-main\ascend_instagram_library\03_generated_posts\ALP-108_finance-for-import-and-export-businesses\ALP-108_slide-05.png,"Import and export businesses often pay suppliers well before goods arrive and sell, with shipping and customs adding further delay. Trade finance is designed specifically for this extended cycle, funding the gap between paying suppliers and receiving payment.

Every industry has its own rhythm when it comes to cash flow and finance needs — understanding import and export businesses's specific pattern is the first step to finding the right fit.

Long shipping and payment cycles are the defining cash-flow challenge for import and export businesses.

General information only. This does not constitute financial, legal, accounting or tax advice. Credit is subject to lender assessment, eligibility and approval criteria. Fees, charges, terms and conditions may apply.",#AscendLendingPartners #AustralianBusiness #BusinessFinance #SMEFinance #BusinessLending #TradeFinance #ImportExportFinance #InternationalTrade,"Import and export businesses often pay suppliers well before goods arrive and sell, with shipping and customs adding further delay. Trade finance is designed specifically for this extended cycle, funding the gap between paying suppliers and receiving payment.

Every industry has its own rhythm when it comes to cash flow and finance needs — understanding import and export businesses's specific pattern is the first step to finding the right fit.

Long shipping and payment cycles are the defining cash-flow challenge for import and export businesses.

General information only. This does not constitute financial, legal, accounting or tax advice. Credit is subject to lender assessment, eligibility and approval criteria. Fees, charges, terms and conditions may apply.

#AscendLendingPartners #AustralianBusiness #BusinessFinance #SMEFinance #BusinessLending #TradeFinance #ImportExportFinance #InternationalTrade",pending,pending,,,
ALP-128,2026-09-22,11:40,C:\Users\bosan\Downloads\house-of-diamonds-landing-main\ascend_instagram_library\03_generated_posts\ALP-128_worried-what-happens-if-you-cant-repay\ALP-128_slide-01.png,C:\Users\bosan\Downloads\house-of-diamonds-landing-main\ascend_instagram_library\03_generated_posts\ALP-128_worried-what-happens-if-you-cant-repay\ALP-128_slide-02.png,C:\Users\bosan\Downloads\house-of-diamonds-landing-main\ascend_instagram_library\03_generated_posts\ALP-128_worried-what-happens-if-you-cant-repay\ALP-128_slide-03.png,C:\Users\bosan\Downloads\house-of-diamonds-landing-main\ascend_instagram_library\03_generated_posts\ALP-128_worried-what-happens-if-you-cant-repay\ALP-128_slide-04.png,C:\Users\bosan\Downloads\house-of-diamonds-landing-main\ascend_instagram_library\03_generated_posts\ALP-128_worried-what-happens-if-you-cant-repay\ALP-128_slide-05.png,"It's an important question to ask before signing anything, not after. The honest answer is that outcomes vary by lender and agreement, but early, proactive communication consistently leads to better results than avoiding the conversation — many lenders can discuss restructuring or short-term arrangements if approached before repayments are missed.

The best protection is borrowing an amount that's realistically sustainable in the first place, informed by a proper serviceability assessment.

General information only. This does not constitute financial, legal, accounting or tax advice. Credit is subject to lender assessment, eligibility and approval criteria. Fees, charges, terms and conditions may apply.",#AscendLendingPartners #AustralianBusiness #BusinessFinance #SMEFinance #BusinessLending #BusinessFinanceRisk #RepaymentSupport #FinanceEducation,"It's an important question to ask before signing anything, not after. The honest answer is that outcomes vary by lender and agreement, but early, proactive communication consistently leads to better results than avoiding the conversation — many lenders can discuss restructuring or short-term arrangements if approached before repayments are missed.

The best protection is borrowing an amount that's realistically sustainable in the first place, informed by a proper serviceability assessment.

General information only. This does not constitute financial, legal, accounting or tax advice. Credit is subject to lender assessment, eligibility and approval criteria. Fees, charges, terms and conditions may apply.

#AscendLendingPartners #AustralianBusiness #BusinessFinance #SMEFinance #BusinessLending #BusinessFinanceRisk #RepaymentSupport #FinanceEducation",pending,pending,,,
ALP-028,2026-09-22,15:20,C:\Users\bosan\Downloads\house-of-diamonds-landing-main\ascend_instagram_library\03_generated_posts\ALP-028_trade-finance-vs-working-capital-finance\ALP-028_slide-01.png,C:\Users\bosan\Downloads\house-of-diamonds-landing-main\ascend_instagram_library\03_generated_posts\ALP-028_trade-finance-vs-working-capital-finance\ALP-028_slide-02.png,C:\Users\bosan\Downloads\house-of-diamonds-landing-main\ascend_instagram_library\03_generated_posts\ALP-028_trade-finance-vs-working-capital-finance\ALP-028_slide-03.png,C:\Users\bosan\Downloads\house-of-diamonds-landing-main\ascend_instagram_library\03_generated_posts\ALP-028_trade-finance-vs-working-capital-finance\ALP-028_slide-04.png,C:\Users\bosan\Downloads\house-of-diamonds-landing-main\ascend_instagram_library\03_generated_posts\ALP-028_trade-finance-vs-working-capital-finance\ALP-028_slide-05.png,"If your funding need is about paying an overseas supplier before a shipment arrives, that's a different problem to funding payroll during a quiet month.

Trade finance is purpose-built around the trade cycle — supplier payment through to customer payment. Working capital finance is broader, covering the general operating costs of the business without being tied to any single transaction.

General information only. This does not constitute financial, legal, accounting or tax advice. Credit is subject to lender assessment, eligibility and approval criteria. Fees, charges, terms and conditions may apply.",#AscendLendingPartners #TradeFinance #WorkingCapitalLoans #ImportExport #BusinessFinanceAustralia #CommercialFinance #SMEFinance #AustralianSmallBusiness #FinanceBrokerAustralia,"If your funding need is about paying an overseas supplier before a shipment arrives, that's a different problem to funding payroll during a quiet month.

Trade finance is purpose-built around the trade cycle — supplier payment through to customer payment. Working capital finance is broader, covering the general operating costs of the business without being tied to any single transaction.

General information only. This does not constitute financial, legal, accounting or tax advice. Credit is subject to lender assessment, eligibility and approval criteria. Fees, charges, terms and conditions may apply.

#AscendLendingPartners #TradeFinance #WorkingCapitalLoans #ImportExport #BusinessFinanceAustralia #CommercialFinance #SMEFinance #AustralianSmallBusiness #FinanceBrokerAustralia",pending,pending,,,
ALP-063,2026-09-22,19:00,C:\Users\bosan\Downloads\house-of-diamonds-landing-main\ascend_instagram_library\03_generated_posts\ALP-063_mistakes-that-delay-loan-approval\ALP-063_slide-01.png,C:\Users\bosan\Downloads\house-of-diamonds-landing-main\ascend_instagram_library\03_generated_posts\ALP-063_mistakes-that-delay-loan-approval\ALP-063_slide-02.png,C:\Users\bosan\Downloads\house-of-diamonds-landing-main\ascend_instagram_library\03_generated_posts\ALP-063_mistakes-that-delay-loan-approval\ALP-063_slide-03.png,C:\Users\bosan\Downloads\house-of-diamonds-landing-main\ascend_instagram_library\03_generated_posts\ALP-063_mistakes-that-delay-loan-approval\ALP-063_slide-04.png,C:\Users\bosan\Downloads\house-of-diamonds-landing-main\ascend_instagram_library\03_generated_posts\ALP-063_mistakes-that-delay-loan-approval\ALP-063_slide-05.png,"The same handful of issues cause most delays: paperwork that's incomplete or out of date, a requested amount that doesn't line up with what the numbers can support, or unexplained activity sitting in bank statements.

None of these are complicated to avoid — they just take a bit of preparation and, ideally, a second set of eyes before the application goes in.

General information only. This does not constitute financial, legal, accounting or tax advice. Credit is subject to lender assessment, eligibility and approval criteria. Fees, charges, terms and conditions may apply.",#AscendLendingPartners #AustralianBusiness #BusinessFinance #SMEFinance #BusinessLending #LoanApprovalTips #FinancePreparation #SMEFinance,"The same handful of issues cause most delays: paperwork that's incomplete or out of date, a requested amount that doesn't line up with what the numbers can support, or unexplained activity sitting in bank statements.

None of these are complicated to avoid — they just take a bit of preparation and, ideally, a second set of eyes before the application goes in.

General information only. This does not constitute financial, legal, accounting or tax advice. Credit is subject to lender assessment, eligibility and approval criteria. Fees, charges, terms and conditions may apply.

#AscendLendingPartners #AustralianBusiness #BusinessFinance #SMEFinance #BusinessLending #LoanApprovalTips #FinancePreparation #SMEFinance",pending,pending,,,
ALP-078,2026-09-23,08:00,C:\Users\bosan\Downloads\house-of-diamonds-landing-main\ascend_instagram_library\03_generated_posts\ALP-078_manage-cash-flow-during-growth\ALP-078_slide-01.png,C:\Users\bosan\Downloads\house-of-diamonds-landing-main\ascend_instagram_library\03_generated_posts\ALP-078_manage-cash-flow-during-growth\ALP-078_slide-02.png,C:\Users\bosan\Downloads\house-of-diamonds-landing-main\ascend_instagram_library\03_generated_posts\ALP-078_manage-cash-flow-during-growth\ALP-078_slide-03.png,C:\Users\bosan\Downloads\house-of-diamonds-landing-main\ascend_instagram_library\03_generated_posts\ALP-078_manage-cash-flow-during-growth\ALP-078_slide-04.png,C:\Users\bosan\Downloads\house-of-diamonds-landing-main\ascend_instagram_library\03_generated_posts\ALP-078_manage-cash-flow-during-growth\ALP-078_slide-05.png,"Growth is one of the most common — and most avoidable — causes of a sudden cash squeeze, simply because new costs usually land well before the new revenue they're meant to generate does.

Forecasting that gap specifically, and arranging finance to fund it deliberately ahead of time, turns a growth phase into a planned investment rather than a scramble.

General information only. This does not constitute financial, legal, accounting or tax advice. Credit is subject to lender assessment, eligibility and approval criteria. Fees, charges, terms and conditions may apply.",#AscendLendingPartners #AustralianBusiness #BusinessFinance #SMEFinance #BusinessLending #BusinessGrowth #CashFlowManagement #WorkingCapital,"Growth is one of the most common — and most avoidable — causes of a sudden cash squeeze, simply because new costs usually land well before the new revenue they're meant to generate does.

Forecasting that gap specifically, and arranging finance to fund it deliberately ahead of time, turns a growth phase into a planned investment rather than a scramble.

General information only. This does not constitute financial, legal, accounting or tax advice. Credit is subject to lender assessment, eligibility and approval criteria. Fees, charges, terms and conditions may apply.

#AscendLendingPartners #AustralianBusiness #BusinessFinance #SMEFinance #BusinessLending #BusinessGrowth #CashFlowManagement #WorkingCapital",pending,pending,,,
ALP-093,2026-09-23,11:40,C:\Users\bosan\Downloads\house-of-diamonds-landing-main\ascend_instagram_library\03_generated_posts\ALP-093_building-a-finance-strategy-not-just-a-loan\ALP-093_slide-01.png,C:\Users\bosan\Downloads\house-of-diamonds-landing-main\ascend_instagram_library\03_generated_posts\ALP-093_building-a-finance-strategy-not-just-a-loan\ALP-093_slide-02.png,C:\Users\bosan\Downloads\house-of-diamonds-landing-main\ascend_instagram_library\03_generated_posts\ALP-093_building-a-finance-strategy-not-just-a-loan\ALP-093_slide-03.png,C:\Users\bosan\Downloads\house-of-diamonds-landing-main\ascend_instagram_library\03_generated_posts\ALP-093_building-a-finance-strategy-not-just-a-loan\ALP-093_slide-04.png,C:\Users\bosan\Downloads\house-of-diamonds-landing-main\ascend_instagram_library\03_generated_posts\ALP-093_building-a-finance-strategy-not-just-a-loan\ALP-093_slide-05.png,"Most businesses end up with finance decisions made one at a time, each in response to whatever pressure or opportunity is immediate. A more deliberate approach looks at the whole picture — which facility suits which kind of need, and how they work together as the business changes.

That shift, from reactive borrowing to an ongoing strategy, tends to serve growing businesses better over time.

General information only. This does not constitute financial, legal, accounting or tax advice. Credit is subject to lender assessment, eligibility and approval criteria. Fees, charges, terms and conditions may apply.",#AscendLendingPartners #AustralianBusiness #BusinessFinance #SMEFinance #BusinessLending #FinanceStrategy #BusinessGrowth #SMEStrategy,"Most businesses end up with finance decisions made one at a time, each in response to whatever pressure or opportunity is immediate. A more deliberate approach looks at the whole picture — which facility suits which kind of need, and how they work together as the business changes.

That shift, from reactive borrowing to an ongoing strategy, tends to serve growing businesses better over time.

General information only. This does not constitute financial, legal, accounting or tax advice. Credit is subject to lender assessment, eligibility and approval criteria. Fees, charges, terms and conditions may apply.

#AscendLendingPartners #AustralianBusiness #BusinessFinance #SMEFinance #BusinessLending #FinanceStrategy #BusinessGrowth #SMEStrategy",pending,pending,,,
ALP-173,2026-09-23,15:20,C:\Users\bosan\Downloads\house-of-diamonds-landing-main\ascend_instagram_library\03_generated_posts\ALP-173_5-ways-to-build-a-stronger-credit-profile\ALP-173_slide-01.png,C:\Users\bosan\Downloads\house-of-diamonds-landing-main\ascend_instagram_library\03_generated_posts\ALP-173_5-ways-to-build-a-stronger-credit-profile\ALP-173_slide-02.png,C:\Users\bosan\Downloads\house-of-diamonds-landing-main\ascend_instagram_library\03_generated_posts\ALP-173_5-ways-to-build-a-stronger-credit-profile\ALP-173_slide-03.png,C:\Users\bosan\Downloads\house-of-diamonds-landing-main\ascend_instagram_library\03_generated_posts\ALP-173_5-ways-to-build-a-stronger-credit-profile\ALP-173_slide-04.png,C:\Users\bosan\Downloads\house-of-diamonds-landing-main\ascend_instagram_library\03_generated_posts\ALP-173_5-ways-to-build-a-stronger-credit-profile\ALP-173_slide-05.png,"A strong credit profile isn't built overnight — it's the result of consistent habits over time, like paying on time and keeping utilisation low, rather than a single dramatic fix.

The earlier you start building these habits, the more options you'll have available when you actually need finance.

General information only. This does not constitute financial, legal, accounting or tax advice. Credit is subject to lender assessment, eligibility and approval criteria. Fees, charges, terms and conditions may apply.",#AscendLendingPartners #AustralianBusiness #BusinessFinance #SMEFinance #BusinessLending #CreditProfile #BusinessCredit #SMEFinanceTips,"A strong credit profile isn't built overnight — it's the result of consistent habits over time, like paying on time and keeping utilisation low, rather than a single dramatic fix.

The earlier you start building these habits, the more options you'll have available when you actually need finance.

General information only. This does not constitute financial, legal, accounting or tax advice. Credit is subject to lender assessment, eligibility and approval criteria. Fees, charges, terms and conditions may apply.

#AscendLendingPartners #AustralianBusiness #BusinessFinance #SMEFinance #BusinessLending #CreditProfile #BusinessCredit #SMEFinanceTips",pending,pending,,,
ALP-158,2026-09-23,19:00,C:\Users\bosan\Downloads\house-of-diamonds-landing-main\ascend_instagram_library\03_generated_posts\ALP-158_build-an-ongoing-relationship-with-your-broker\ALP-158_slide-01.png,C:\Users\bosan\Downloads\house-of-diamonds-landing-main\ascend_instagram_library\03_generated_posts\ALP-158_build-an-ongoing-relationship-with-your-broker\ALP-158_slide-02.png,C:\Users\bosan\Downloads\house-of-diamonds-landing-main\ascend_instagram_library\03_generated_posts\ALP-158_build-an-ongoing-relationship-with-your-broker\ALP-158_slide-03.png,C:\Users\bosan\Downloads\house-of-diamonds-landing-main\ascend_instagram_library\03_generated_posts\ALP-158_build-an-ongoing-relationship-with-your-broker\ALP-158_slide-04.png,C:\Users\bosan\Downloads\house-of-diamonds-landing-main\ascend_instagram_library\03_generated_posts\ALP-158_build-an-ongoing-relationship-with-your-broker\ALP-158_slide-05.png,"It's easy to think of a broker relationship as a one-off transaction, but the real value often builds over time — a broker who understands your business's history and trajectory can respond faster and more usefully to future needs.

Keeping in touch periodically, rather than only reaching out when a need is urgent, tends to lead to better outcomes down the track.

General information only. This does not constitute financial, legal, accounting or tax advice. Credit is subject to lender assessment, eligibility and approval criteria. Fees, charges, terms and conditions may apply.",#AscendLendingPartners #AustralianBusiness #BusinessFinance #SMEFinance #BusinessLending #FinanceBroker #BusinessRelationships #SMEStrategy,"It's easy to think of a broker relationship as a one-off transaction, but the real value often builds over time — a broker who understands your business's history and trajectory can respond faster and more usefully to future needs.

Keeping in touch periodically, rather than only reaching out when a need is urgent, tends to lead to better outcomes down the track.

General information only. This does not constitute financial, legal, accounting or tax advice. Credit is subject to lender assessment, eligibility and approval criteria. Fees, charges, terms and conditions may apply.

#AscendLendingPartners #AustralianBusiness #BusinessFinance #SMEFinance #BusinessLending #FinanceBroker #BusinessRelationships #SMEStrategy",pending,pending,,,
ALP-189,2026-09-24,08:00,C:\Users\bosan\Downloads\house-of-diamonds-landing-main\ascend_instagram_library\03_generated_posts\ALP-189_buying-out-your-business-partner\ALP-189_slide-01.png,C:\Users\bosan\Downloads\house-of-diamonds-landing-main\ascend_instagram_library\03_generated_posts\ALP-189_buying-out-your-business-partner\ALP-189_slide-02.png,C:\Users\bosan\Downloads\house-of-diamonds-landing-main\ascend_instagram_library\03_generated_posts\ALP-189_buying-out-your-business-partner\ALP-189_slide-03.png,C:\Users\bosan\Downloads\house-of-diamonds-landing-main\ascend_instagram_library\03_generated_posts\ALP-189_buying-out-your-business-partner\ALP-189_slide-04.png,C:\Users\bosan\Downloads\house-of-diamonds-landing-main\ascend_instagram_library\03_generated_posts\ALP-189_buying-out-your-business-partner\ALP-189_slide-05.png,"Buying out a business partner is a significant decision that goes well beyond the finance itself, but the funding side matters too — typically requiring a lump sum that's best sourced separately from the business's own working capital.

Engaging legal and accounting advice early, alongside the right finance structure, sets the transition up properly.

General information only. This does not constitute financial, legal, accounting or tax advice. Credit is subject to lender assessment, eligibility and approval criteria. Fees, charges, terms and conditions may apply.",#AscendLendingPartners #AustralianBusiness #BusinessFinance #SMEFinance #BusinessLending #BusinessBuyout #PartnerBuyout #BusinessFinance,"Buying out a business partner is a significant decision that goes well beyond the finance itself, but the funding side matters too — typically requiring a lump sum that's best sourced separately from the business's own working capital.

Engaging legal and accounting advice early, alongside the right finance structure, sets the transition up properly.

General information only. This does not constitute financial, legal, accounting or tax advice. Credit is subject to lender assessment, eligibility and approval criteria. Fees, charges, terms and conditions may apply.

#AscendLendingPartners #AustralianBusiness #BusinessFinance #SMEFinance #BusinessLending #BusinessBuyout #PartnerBuyout #BusinessFinance",pending,pending,,,
ALP-044,2026-09-24,11:40,C:\Users\bosan\Downloads\house-of-diamonds-landing-main\ascend_instagram_library\03_generated_posts\ALP-044_what-is-business-loan-refinancing\ALP-044_slide-01.png,C:\Users\bosan\Downloads\house-of-diamonds-landing-main\ascend_instagram_library\03_generated_posts\ALP-044_what-is-business-loan-refinancing\ALP-044_slide-02.png,C:\Users\bosan\Downloads\house-of-diamonds-landing-main\ascend_instagram_library\03_generated_posts\ALP-044_what-is-business-loan-refinancing\ALP-044_slide-03.png,C:\Users\bosan\Downloads\house-of-diamonds-landing-main\ascend_instagram_library\03_generated_posts\ALP-044_what-is-business-loan-refinancing\ALP-044_slide-04.png,C:\Users\bosan\Downloads\house-of-diamonds-landing-main\ascend_instagram_library\03_generated_posts\ALP-044_what-is-business-loan-refinancing\ALP-044_slide-05.png,"Refinancing isn't about taking on more debt — it's about replacing what you already have with a facility that better suits where your business is now. That might mean a lower rate, a longer term, or consolidating several debts into one manageable repayment.

Before refinancing, it's worth weighing any exit costs on the existing facility against the new establishment fees and the actual savings on offer, so the total cost — not just the headline rate — guides the decision.

General information only. This does not constitute financial, legal, accounting or tax advice. Credit is subject to lender assessment, eligibility and approval criteria. Fees, charges, terms and conditions may apply.",#AscendLendingPartners #AustralianBusiness #BusinessFinance #SMEFinance #BusinessLending #BusinessLoanRefinancing #DebtConsolidation #FinanceGlossary,"Refinancing isn't about taking on more debt — it's about replacing what you already have with a facility that better suits where your business is now. That might mean a lower rate, a longer term, or consolidating several debts into one manageable repayment.

Before refinancing, it's worth weighing any exit costs on the existing facility against the new establishment fees and the actual savings on offer, so the total cost — not just the headline rate — guides the decision.

General information only. This does not constitute financial, legal, accounting or tax advice. Credit is subject to lender assessment, eligibility and approval criteria. Fees, charges, terms and conditions may apply.

#AscendLendingPartners #AustralianBusiness #BusinessFinance #SMEFinance #BusinessLending #BusinessLoanRefinancing #DebtConsolidation #FinanceGlossary",pending,pending,,,
ALP-109,2026-09-24,15:20,C:\Users\bosan\Downloads\house-of-diamonds-landing-main\ascend_instagram_library\03_generated_posts\ALP-109_finance-for-commercial-cleaning-businesses\ALP-109_slide-01.png,C:\Users\bosan\Downloads\house-of-diamonds-landing-main\ascend_instagram_library\03_generated_posts\ALP-109_finance-for-commercial-cleaning-businesses\ALP-109_slide-02.png,C:\Users\bosan\Downloads\house-of-diamonds-landing-main\ascend_instagram_library\03_generated_posts\ALP-109_finance-for-commercial-cleaning-businesses\ALP-109_slide-03.png,C:\Users\bosan\Downloads\house-of-diamonds-landing-main\ascend_instagram_library\03_generated_posts\ALP-109_finance-for-commercial-cleaning-businesses\ALP-109_slide-04.png,C:\Users\bosan\Downloads\house-of-diamonds-landing-main\ascend_instagram_library\03_generated_posts\ALP-109_finance-for-commercial-cleaning-businesses\ALP-109_slide-05.png,"Commercial cleaning businesses often win contracts requiring upfront staffing and equipment before the first invoice is paid. Working capital can bridge contract start-up costs, while equipment finance supports vehicles and machinery.

Every industry has its own rhythm when it comes to cash flow and finance needs — understanding commercial cleaning businesses's specific pattern is the first step to finding the right fit.

Winning a new contract is only step one — funding the staff and equipment to deliver it is the real cash-flow challenge.

General information only. This does not constitute financial, legal, accounting or tax advice. Credit is subject to lender assessment, eligibility and approval criteria. Fees, charges, terms and conditions may apply.",#AscendLendingPartners #AustralianBusiness #BusinessFinance #SMEFinance #BusinessLending #CommercialCleaningFinance #ServicesBusinessFinance #SMEFinance,"Commercial cleaning businesses often win contracts requiring upfront staffing and equipment before the first invoice is paid. Working capital can bridge contract start-up costs, while equipment finance supports vehicles and machinery.

Every industry has its own rhythm when it comes to cash flow and finance needs — understanding commercial cleaning businesses's specific pattern is the first step to finding the right fit.

Winning a new contract is only step one — funding the staff and equipment to deliver it is the real cash-flow challenge.

General information only. This does not constitute financial, legal, accounting or tax advice. Credit is subject to lender assessment, eligibility and approval criteria. Fees, charges, terms and conditions may apply.

#AscendLendingPartners #AustralianBusiness #BusinessFinance #SMEFinance #BusinessLending #CommercialCleaningFinance #ServicesBusinessFinance #SMEFinance",pending,pending,,,
ALP-129,2026-09-24,19:00,C:\Users\bosan\Downloads\house-of-diamonds-landing-main\ascend_instagram_library\03_generated_posts\ALP-129_invoice-finance-and-your-customers\ALP-129_slide-01.png,C:\Users\bosan\Downloads\house-of-diamonds-landing-main\ascend_instagram_library\03_generated_posts\ALP-129_invoice-finance-and-your-customers\ALP-129_slide-02.png,C:\Users\bosan\Downloads\house-of-diamonds-landing-main\ascend_instagram_library\03_generated_posts\ALP-129_invoice-finance-and-your-customers\ALP-129_slide-03.png,C:\Users\bosan\Downloads\house-of-diamonds-landing-main\ascend_instagram_library\03_generated_posts\ALP-129_invoice-finance-and-your-customers\ALP-129_slide-04.png,C:\Users\bosan\Downloads\house-of-diamonds-landing-main\ascend_instagram_library\03_generated_posts\ALP-129_invoice-finance-and-your-customers\ALP-129_slide-05.png,"It's a common and understandable concern — nobody wants customers to feel like the business is under financial pressure. In practice, invoice finance can often be arranged without customers being aware at all, and where notice is required, it's typically a standard administrative step rather than anything that changes how the relationship feels.

It's worth raising this preference upfront, since structures and disclosure norms vary between lenders.

General information only. This does not constitute financial, legal, accounting or tax advice. Credit is subject to lender assessment, eligibility and approval criteria. Fees, charges, terms and conditions may apply.",#AscendLendingPartners #AustralianBusiness #BusinessFinance #SMEFinance #BusinessLending #InvoiceFinance #DebtorFinance #BusinessFinanceOptions,"It's a common and understandable concern — nobody wants customers to feel like the business is under financial pressure. In practice, invoice finance can often be arranged without customers being aware at all, and where notice is required, it's typically a standard administrative step rather than anything that changes how the relationship feels.

It's worth raising this preference upfront, since structures and disclosure norms vary between lenders.

General information only. This does not constitute financial, legal, accounting or tax advice. Credit is subject to lender assessment, eligibility and approval criteria. Fees, charges, terms and conditions may apply.

#AscendLendingPartners #AustralianBusiness #BusinessFinance #SMEFinance #BusinessLending #InvoiceFinance #DebtorFinance #BusinessFinanceOptions",pending,pending,,,
ALP-029,2026-09-25,08:00,C:\Users\bosan\Downloads\house-of-diamonds-landing-main\ascend_instagram_library\03_generated_posts\ALP-029_refinance-vs-additional-loan\ALP-029_slide-01.png,C:\Users\bosan\Downloads\house-of-diamonds-landing-main\ascend_instagram_library\03_generated_posts\ALP-029_refinance-vs-additional-loan\ALP-029_slide-02.png,C:\Users\bosan\Downloads\house-of-diamonds-landing-main\ascend_instagram_library\03_generated_posts\ALP-029_refinance-vs-additional-loan\ALP-029_slide-03.png,C:\Users\bosan\Downloads\house-of-diamonds-landing-main\ascend_instagram_library\03_generated_posts\ALP-029_refinance-vs-additional-loan\ALP-029_slide-04.png,C:\Users\bosan\Downloads\house-of-diamonds-landing-main\ascend_instagram_library\03_generated_posts\ALP-029_refinance-vs-additional-loan\ALP-029_slide-05.png,"Adding a new loan on top of existing ones isn't always the answer — sometimes restructuring what's already there does more for your business.

Refinancing replaces existing debt with new terms, potentially consolidating multiple facilities into one simplified repayment. An additional loan keeps everything separate, which can suit a genuinely new and distinct need but adds another facility to manage.

General information only. This does not constitute financial, legal, accounting or tax advice. Credit is subject to lender assessment, eligibility and approval criteria. Fees, charges, terms and conditions may apply.",#AscendLendingPartners #BusinessRefinance #BusinessLoans #DebtConsolidation #BusinessFinanceAustralia #CommercialFinance #SMEFinance #AustralianSmallBusiness #FinanceBrokerAustralia,"Adding a new loan on top of existing ones isn't always the answer — sometimes restructuring what's already there does more for your business.

Refinancing replaces existing debt with new terms, potentially consolidating multiple facilities into one simplified repayment. An additional loan keeps everything separate, which can suit a genuinely new and distinct need but adds another facility to manage.

General information only. This does not constitute financial, legal, accounting or tax advice. Credit is subject to lender assessment, eligibility and approval criteria. Fees, charges, terms and conditions may apply.

#AscendLendingPartners #BusinessRefinance #BusinessLoans #DebtConsolidation #BusinessFinanceAustralia #CommercialFinance #SMEFinance #AustralianSmallBusiness #FinanceBrokerAustralia",pending,pending,,,
ALP-064,2026-09-25,11:40,C:\Users\bosan\Downloads\house-of-diamonds-landing-main\ascend_instagram_library\03_generated_posts\ALP-064_what-to-expect-after-approval\ALP-064_slide-01.png,C:\Users\bosan\Downloads\house-of-diamonds-landing-main\ascend_instagram_library\03_generated_posts\ALP-064_what-to-expect-after-approval\ALP-064_slide-02.png,C:\Users\bosan\Downloads\house-of-diamonds-landing-main\ascend_instagram_library\03_generated_posts\ALP-064_what-to-expect-after-approval\ALP-064_slide-03.png,C:\Users\bosan\Downloads\house-of-diamonds-landing-main\ascend_instagram_library\03_generated_posts\ALP-064_what-to-expect-after-approval\ALP-064_slide-04.png,C:\Users\bosan\Downloads\house-of-diamonds-landing-main\ascend_instagram_library\03_generated_posts\ALP-064_what-to-expect-after-approval\ALP-064_slide-05.png,"Getting approved is a genuine milestone, but it's not quite the end of the process — there's usually a settlement stage involving final documentation, any outstanding conditions, and security registration where relevant.

Knowing this upfront helps you plan realistically around when funds will actually be available, rather than assuming approval and access happen on the same day.

General information only. This does not constitute financial, legal, accounting or tax advice. Credit is subject to lender assessment, eligibility and approval criteria. Fees, charges, terms and conditions may apply.",#AscendLendingPartners #AustralianBusiness #BusinessFinance #SMEFinance #BusinessLending #LoanSettlement #BusinessFinanceProcess #FinanceEducation,"Getting approved is a genuine milestone, but it's not quite the end of the process — there's usually a settlement stage involving final documentation, any outstanding conditions, and security registration where relevant.

Knowing this upfront helps you plan realistically around when funds will actually be available, rather than assuming approval and access happen on the same day.

General information only. This does not constitute financial, legal, accounting or tax advice. Credit is subject to lender assessment, eligibility and approval criteria. Fees, charges, terms and conditions may apply.

#AscendLendingPartners #AustralianBusiness #BusinessFinance #SMEFinance #BusinessLending #LoanSettlement #BusinessFinanceProcess #FinanceEducation",pending,pending,,,
ALP-079,2026-09-25,15:20,C:\Users\bosan\Downloads\house-of-diamonds-landing-main\ascend_instagram_library\03_generated_posts\ALP-079_when-to-use-finance-for-cash-flow\ALP-079_slide-01.png,C:\Users\bosan\Downloads\house-of-diamonds-landing-main\ascend_instagram_library\03_generated_posts\ALP-079_when-to-use-finance-for-cash-flow\ALP-079_slide-02.png,C:\Users\bosan\Downloads\house-of-diamonds-landing-main\ascend_instagram_library\03_generated_posts\ALP-079_when-to-use-finance-for-cash-flow\ALP-079_slide-03.png,C:\Users\bosan\Downloads\house-of-diamonds-landing-main\ascend_instagram_library\03_generated_posts\ALP-079_when-to-use-finance-for-cash-flow\ALP-079_slide-04.png,C:\Users\bosan\Downloads\house-of-diamonds-landing-main\ascend_instagram_library\03_generated_posts\ALP-079_when-to-use-finance-for-cash-flow\ALP-079_slide-05.png,"Short-term finance genuinely helps when the issue is timing — a gap between a cost you've incurred and the revenue that will follow it. It's a much weaker fit when cash pressure is a symptom of a deeper, ongoing issue, like pricing that doesn't cover costs.

Being honest about which situation you're actually in leads to a better decision than reaching for finance as a default response to any cash pressure.

General information only. This does not constitute financial, legal, accounting or tax advice. Credit is subject to lender assessment, eligibility and approval criteria. Fees, charges, terms and conditions may apply.",#AscendLendingPartners #AustralianBusiness #BusinessFinance #SMEFinance #BusinessLending #CashFlowFinance #BusinessFinanceDecisions #SMEFinance,"Short-term finance genuinely helps when the issue is timing — a gap between a cost you've incurred and the revenue that will follow it. It's a much weaker fit when cash pressure is a symptom of a deeper, ongoing issue, like pricing that doesn't cover costs.

Being honest about which situation you're actually in leads to a better decision than reaching for finance as a default response to any cash pressure.

General information only. This does not constitute financial, legal, accounting or tax advice. Credit is subject to lender assessment, eligibility and approval criteria. Fees, charges, terms and conditions may apply.

#AscendLendingPartners #AustralianBusiness #BusinessFinance #SMEFinance #BusinessLending #CashFlowFinance #BusinessFinanceDecisions #SMEFinance",pending,pending,,,
ALP-094,2026-09-25,19:00,C:\Users\bosan\Downloads\house-of-diamonds-landing-main\ascend_instagram_library\03_generated_posts\ALP-094_reinvest-profit-vs-use-finance\ALP-094_slide-01.png,C:\Users\bosan\Downloads\house-of-diamonds-landing-main\ascend_instagram_library\03_generated_posts\ALP-094_reinvest-profit-vs-use-finance\ALP-094_slide-02.png,C:\Users\bosan\Downloads\house-of-diamonds-landing-main\ascend_instagram_library\03_generated_posts\ALP-094_reinvest-profit-vs-use-finance\ALP-094_slide-03.png,C:\Users\bosan\Downloads\house-of-diamonds-landing-main\ascend_instagram_library\03_generated_posts\ALP-094_reinvest-profit-vs-use-finance\ALP-094_slide-04.png,C:\Users\bosan\Downloads\house-of-diamonds-landing-main\ascend_instagram_library\03_generated_posts\ALP-094_reinvest-profit-vs-use-finance\ALP-094_slide-05.png,"Neither reinvesting profit nor using finance is universally ""better"" — they suit different situations. Reinvestment keeps things simple and debt-free but moves at the pace of what's already been earned; finance can move faster but comes with a cost and a repayment commitment.

The more useful approach is weighing each significant decision on its own merits, rather than defaulting to one path every time.

General information only. This does not constitute financial, legal, accounting or tax advice. Credit is subject to lender assessment, eligibility and approval criteria. Fees, charges, terms and conditions may apply.",#AscendLendingPartners #AustralianBusiness #BusinessFinance #SMEFinance #BusinessLending #BusinessFinanceDecisions #GrowthStrategy #SMEFinance,"Neither reinvesting profit nor using finance is universally ""better"" — they suit different situations. Reinvestment keeps things simple and debt-free but moves at the pace of what's already been earned; finance can move faster but comes with a cost and a repayment commitment.

The more useful approach is weighing each significant decision on its own merits, rather than defaulting to one path every time.

General information only. This does not constitute financial, legal, accounting or tax advice. Credit is subject to lender assessment, eligibility and approval criteria. Fees, charges, terms and conditions may apply.

#AscendLendingPartners #AustralianBusiness #BusinessFinance #SMEFinance #BusinessLending #BusinessFinanceDecisions #GrowthStrategy #SMEFinance",pending,pending,,,
ALP-174,2026-09-28,08:00,C:\Users\bosan\Downloads\house-of-diamonds-landing-main\ascend_instagram_library\03_generated_posts\ALP-174_6-questions-before-taking-on-debt\ALP-174_slide-01.png,C:\Users\bosan\Downloads\house-of-diamonds-landing-main\ascend_instagram_library\03_generated_posts\ALP-174_6-questions-before-taking-on-debt\ALP-174_slide-02.png,C:\Users\bosan\Downloads\house-of-diamonds-landing-main\ascend_instagram_library\03_generated_posts\ALP-174_6-questions-before-taking-on-debt\ALP-174_slide-03.png,C:\Users\bosan\Downloads\house-of-diamonds-landing-main\ascend_instagram_library\03_generated_posts\ALP-174_6-questions-before-taking-on-debt\ALP-174_slide-04.png,C:\Users\bosan\Downloads\house-of-diamonds-landing-main\ascend_instagram_library\03_generated_posts\ALP-174_6-questions-before-taking-on-debt\ALP-174_slide-05.png,"Taking on business debt is a genuine decision worth pausing on, and working through a short list of honest questions — purpose, affordability, comparison, and contingency — tends to clarify whether it's the right move.

There's no obligation to rush, and talking it through with a broker can help surface angles you hadn't considered.

General information only. This does not constitute financial, legal, accounting or tax advice. Credit is subject to lender assessment, eligibility and approval criteria. Fees, charges, terms and conditions may apply.",#AscendLendingPartners #AustralianBusiness #BusinessFinance #SMEFinance #BusinessLending #BusinessFinanceDecisions #SMEFinance #FinanceEducation,"Taking on business debt is a genuine decision worth pausing on, and working through a short list of honest questions — purpose, affordability, comparison, and contingency — tends to clarify whether it's the right move.

There's no obligation to rush, and talking it through with a broker can help surface angles you hadn't considered.

General information only. This does not constitute financial, legal, accounting or tax advice. Credit is subject to lender assessment, eligibility and approval criteria. Fees, charges, terms and conditions may apply.

#AscendLendingPartners #AustralianBusiness #BusinessFinance #SMEFinance #BusinessLending #BusinessFinanceDecisions #SMEFinance #FinanceEducation",pending,pending,,,
ALP-159,2026-09-28,11:40,C:\Users\bosan\Downloads\house-of-diamonds-landing-main\ascend_instagram_library\03_generated_posts\ALP-159_what-happens-at-settlement\ALP-159_slide-01.png,C:\Users\bosan\Downloads\house-of-diamonds-landing-main\ascend_instagram_library\03_generated_posts\ALP-159_what-happens-at-settlement\ALP-159_slide-02.png,C:\Users\bosan\Downloads\house-of-diamonds-landing-main\ascend_instagram_library\03_generated_posts\ALP-159_what-happens-at-settlement\ALP-159_slide-03.png,C:\Users\bosan\Downloads\house-of-diamonds-landing-main\ascend_instagram_library\03_generated_posts\ALP-159_what-happens-at-settlement\ALP-159_slide-04.png,C:\Users\bosan\Downloads\house-of-diamonds-landing-main\ascend_instagram_library\03_generated_posts\ALP-159_what-happens-at-settlement\ALP-159_slide-05.png,"Settlement is the final formal step between approval and actually having funds available — confirming any last conditions, executing documentation, and registering security where relevant.

Understanding this stage in advance means you can plan realistically around when the finance will genuinely be ready to use, rather than assuming it happens the moment you're approved.

General information only. This does not constitute financial, legal, accounting or tax advice. Credit is subject to lender assessment, eligibility and approval criteria. Fees, charges, terms and conditions may apply.",#AscendLendingPartners #AustralianBusiness #BusinessFinance #SMEFinance #BusinessLending #LoanSettlement #BusinessFinanceProcess #FinanceEducation,"Settlement is the final formal step between approval and actually having funds available — confirming any last conditions, executing documentation, and registering security where relevant.

Understanding this stage in advance means you can plan realistically around when the finance will genuinely be ready to use, rather than assuming it happens the moment you're approved.

General information only. This does not constitute financial, legal, accounting or tax advice. Credit is subject to lender assessment, eligibility and approval criteria. Fees, charges, terms and conditions may apply.

#AscendLendingPartners #AustralianBusiness #BusinessFinance #SMEFinance #BusinessLending #LoanSettlement #BusinessFinanceProcess #FinanceEducation",pending,pending,,,
ALP-190,2026-09-28,15:20,C:\Users\bosan\Downloads\house-of-diamonds-landing-main\ascend_instagram_library\03_generated_posts\ALP-190_a-franchise-opportunity-has-come-up\ALP-190_slide-01.png,C:\Users\bosan\Downloads\house-of-diamonds-landing-main\ascend_instagram_library\03_generated_posts\ALP-190_a-franchise-opportunity-has-come-up\ALP-190_slide-02.png,C:\Users\bosan\Downloads\house-of-diamonds-landing-main\ascend_instagram_library\03_generated_posts\ALP-190_a-franchise-opportunity-has-come-up\ALP-190_slide-03.png,C:\Users\bosan\Downloads\house-of-diamonds-landing-main\ascend_instagram_library\03_generated_posts\ALP-190_a-franchise-opportunity-has-come-up\ALP-190_slide-04.png,C:\Users\bosan\Downloads\house-of-diamonds-landing-main\ascend_instagram_library\03_generated_posts\ALP-190_a-franchise-opportunity-has-come-up\ALP-190_slide-05.png,"A franchise opportunity often comes with clearer, more structured costs than starting independently, which can make the finance conversation more straightforward — but it still deserves the same careful evaluation as any other significant business decision.

Reviewing the disclosure document thoroughly, alongside independent advice, is worth the time before committing.

General information only. This does not constitute financial, legal, accounting or tax advice. Credit is subject to lender assessment, eligibility and approval criteria. Fees, charges, terms and conditions may apply.",#AscendLendingPartners #AustralianBusiness #BusinessFinance #SMEFinance #BusinessLending #FranchiseFinance #FranchiseeFinance #SMEFinance,"A franchise opportunity often comes with clearer, more structured costs than starting independently, which can make the finance conversation more straightforward — but it still deserves the same careful evaluation as any other significant business decision.

Reviewing the disclosure document thoroughly, alongside independent advice, is worth the time before committing.

General information only. This does not constitute financial, legal, accounting or tax advice. Credit is subject to lender assessment, eligibility and approval criteria. Fees, charges, terms and conditions may apply.

#AscendLendingPartners #AustralianBusiness #BusinessFinance #SMEFinance #BusinessLending #FranchiseFinance #FranchiseeFinance #SMEFinance",pending,pending,,,
ALP-045,2026-09-28,19:00,C:\Users\bosan\Downloads\house-of-diamonds-landing-main\ascend_instagram_library\03_generated_posts\ALP-045_what-is-a-balloon-or-residual-payment\ALP-045_slide-01.png,C:\Users\bosan\Downloads\house-of-diamonds-landing-main\ascend_instagram_library\03_generated_posts\ALP-045_what-is-a-balloon-or-residual-payment\ALP-045_slide-02.png,C:\Users\bosan\Downloads\house-of-diamonds-landing-main\ascend_instagram_library\03_generated_posts\ALP-045_what-is-a-balloon-or-residual-payment\ALP-045_slide-03.png,C:\Users\bosan\Downloads\house-of-diamonds-landing-main\ascend_instagram_library\03_generated_posts\ALP-045_what-is-a-balloon-or-residual-payment\ALP-045_slide-04.png,C:\Users\bosan\Downloads\house-of-diamonds-landing-main\ascend_instagram_library\03_generated_posts\ALP-045_what-is-a-balloon-or-residual-payment\ALP-045_slide-05.png,"A balloon or residual payment reduces what you pay along the way by pushing a portion of the asset's cost to a single payment at the end of the term. It can make monthly repayments more manageable, particularly for assets that hold their value well.

The trade-off is that the balloon amount still needs to be dealt with — paid out, refinanced, or covered by trading in the asset — so it's worth planning for that outcome from the start rather than leaving it to the end of the term.

General information only. This does not constitute financial, legal, accounting or tax advice. Credit is subject to lender assessment, eligibility and approval criteria. Fees, charges, terms and conditions may apply.",#AscendLendingPartners #AustralianBusiness #BusinessFinance #SMEFinance #BusinessLending #BalloonPayment #AssetFinance #FinanceGlossary,"A balloon or residual payment reduces what you pay along the way by pushing a portion of the asset's cost to a single payment at the end of the term. It can make monthly repayments more manageable, particularly for assets that hold their value well.

The trade-off is that the balloon amount still needs to be dealt with — paid out, refinanced, or covered by trading in the asset — so it's worth planning for that outcome from the start rather than leaving it to the end of the term.

General information only. This does not constitute financial, legal, accounting or tax advice. Credit is subject to lender assessment, eligibility and approval criteria. Fees, charges, terms and conditions may apply.

#AscendLendingPartners #AustralianBusiness #BusinessFinance #SMEFinance #BusinessLending #BalloonPayment #AssetFinance #FinanceGlossary",pending,pending,,,
ALP-110,2026-09-29,08:00,C:\Users\bosan\Downloads\house-of-diamonds-landing-main\ascend_instagram_library\03_generated_posts\ALP-110_finance-for-education-and-training-providers\ALP-110_slide-01.png,C:\Users\bosan\Downloads\house-of-diamonds-landing-main\ascend_instagram_library\03_generated_posts\ALP-110_finance-for-education-and-training-providers\ALP-110_slide-02.png,C:\Users\bosan\Downloads\house-of-diamonds-landing-main\ascend_instagram_library\03_generated_posts\ALP-110_finance-for-education-and-training-providers\ALP-110_slide-03.png,C:\Users\bosan\Downloads\house-of-diamonds-landing-main\ascend_instagram_library\03_generated_posts\ALP-110_finance-for-education-and-training-providers\ALP-110_slide-04.png,C:\Users\bosan\Downloads\house-of-diamonds-landing-main\ascend_instagram_library\03_generated_posts\ALP-110_finance-for-education-and-training-providers\ALP-110_slide-05.png,"Education and training providers often see enrolment-driven revenue that clusters around specific periods, alongside ongoing compliance and facility costs. Finance can smooth cash flow between enrolment intakes and fund facility or resource investment.

Every industry has its own rhythm when it comes to cash flow and finance needs — understanding education and training providers's specific pattern is the first step to finding the right fit.

Enrolment cycles create a predictable but uneven cash-flow pattern that education providers can plan finance around.

General information only. This does not constitute financial, legal, accounting or tax advice. Credit is subject to lender assessment, eligibility and approval criteria. Fees, charges, terms and conditions may apply.",#AscendLendingPartners #AustralianBusiness #BusinessFinance #SMEFinance #BusinessLending #EducationBusinessFinance #TrainingProviderFinance #SMEFinance,"Education and training providers often see enrolment-driven revenue that clusters around specific periods, alongside ongoing compliance and facility costs. Finance can smooth cash flow between enrolment intakes and fund facility or resource investment.

Every industry has its own rhythm when it comes to cash flow and finance needs — understanding education and training providers's specific pattern is the first step to finding the right fit.

Enrolment cycles create a predictable but uneven cash-flow pattern that education providers can plan finance around.

General information only. This does not constitute financial, legal, accounting or tax advice. Credit is subject to lender assessment, eligibility and approval criteria. Fees, charges, terms and conditions may apply.

#AscendLendingPartners #AustralianBusiness #BusinessFinance #SMEFinance #BusinessLending #EducationBusinessFinance #TrainingProviderFinance #SMEFinance",pending,pending,,,
ALP-130,2026-09-29,11:40,C:\Users\bosan\Downloads\house-of-diamonds-landing-main\ascend_instagram_library\03_generated_posts\ALP-130_concerned-about-credit-score-impact\ALP-130_slide-01.png,C:\Users\bosan\Downloads\house-of-diamonds-landing-main\ascend_instagram_library\03_generated_posts\ALP-130_concerned-about-credit-score-impact\ALP-130_slide-02.png,C:\Users\bosan\Downloads\house-of-diamonds-landing-main\ascend_instagram_library\03_generated_posts\ALP-130_concerned-about-credit-score-impact\ALP-130_slide-03.png,C:\Users\bosan\Downloads\house-of-diamonds-landing-main\ascend_instagram_library\03_generated_posts\ALP-130_concerned-about-credit-score-impact\ALP-130_slide-04.png,C:\Users\bosan\Downloads\house-of-diamonds-landing-main\ascend_instagram_library\03_generated_posts\ALP-130_concerned-about-credit-score-impact\ALP-130_slide-05.png,"It's a legitimate concern — credit applications can leave a mark on your file, and applying to several lenders in quick succession can compound that effect. The better approach is comparing options first, then applying to the lender genuinely most likely to fit, rather than casting a wide net.

This is one of the practical reasons a broker can help — doing the comparison work upfront, so the formal application happens once, with the right lender.

General information only. This does not constitute financial, legal, accounting or tax advice. Credit is subject to lender assessment, eligibility and approval criteria. Fees, charges, terms and conditions may apply.",#AscendLendingPartners #AustralianBusiness #BusinessFinance #SMEFinance #BusinessLending #CreditScore #BusinessFinanceTips #FinanceEducation,"It's a legitimate concern — credit applications can leave a mark on your file, and applying to several lenders in quick succession can compound that effect. The better approach is comparing options first, then applying to the lender genuinely most likely to fit, rather than casting a wide net.

This is one of the practical reasons a broker can help — doing the comparison work upfront, so the formal application happens once, with the right lender.

General information only. This does not constitute financial, legal, accounting or tax advice. Credit is subject to lender assessment, eligibility and approval criteria. Fees, charges, terms and conditions may apply.

#AscendLendingPartners #AustralianBusiness #BusinessFinance #SMEFinance #BusinessLending #CreditScore #BusinessFinanceTips #FinanceEducation",pending,pending,,,
ALP-191,2026-09-29,15:20,C:\Users\bosan\Downloads\house-of-diamonds-landing-main\ascend_instagram_library\03_generated_posts\ALP-191_need-to-relocate-quickly\ALP-191_slide-01.png,C:\Users\bosan\Downloads\house-of-diamonds-landing-main\ascend_instagram_library\03_generated_posts\ALP-191_need-to-relocate-quickly\ALP-191_slide-02.png,C:\Users\bosan\Downloads\house-of-diamonds-landing-main\ascend_instagram_library\03_generated_posts\ALP-191_need-to-relocate-quickly\ALP-191_slide-03.png,C:\Users\bosan\Downloads\house-of-diamonds-landing-main\ascend_instagram_library\03_generated_posts\ALP-191_need-to-relocate-quickly\ALP-191_slide-04.png,C:\Users\bosan\Downloads\house-of-diamonds-landing-main\ascend_instagram_library\03_generated_posts\ALP-191_need-to-relocate-quickly\ALP-191_slide-05.png,"An unplanned relocation puts pressure on both time and cash simultaneously, but rushing the finance decision doesn't have to mean rushing the whole move — fast-turnaround finance can fund the essential fit-out and moving costs while you settle into the new space properly.

Prioritising what's essential for day one, versus what can follow later, helps keep the budget under control.

General information only. This does not constitute financial, legal, accounting or tax advice. Credit is subject to lender assessment, eligibility and approval criteria. Fees, charges, terms and conditions may apply.",#AscendLendingPartners #AustralianBusiness #BusinessFinance #SMEFinance #BusinessLending #BusinessRelocation #CommercialProperty #SMEFinance,"An unplanned relocation puts pressure on both time and cash simultaneously, but rushing the finance decision doesn't have to mean rushing the whole move — fast-turnaround finance can fund the essential fit-out and moving costs while you settle into the new space properly.

Prioritising what's essential for day one, versus what can follow later, helps keep the budget under control.

General information only. This does not constitute financial, legal, accounting or tax advice. Credit is subject to lender assessment, eligibility and approval criteria. Fees, charges, terms and conditions may apply.

#AscendLendingPartners #AustralianBusiness #BusinessFinance #SMEFinance #BusinessLending #BusinessRelocation #CommercialProperty #SMEFinance",pending,pending,,,
ALP-046,2026-09-29,19:00,C:\Users\bosan\Downloads\house-of-diamonds-landing-main\ascend_instagram_library\03_generated_posts\ALP-046_what-is-an-establishment-fee\ALP-046_slide-01.png,C:\Users\bosan\Downloads\house-of-diamonds-landing-main\ascend_instagram_library\03_generated_posts\ALP-046_what-is-an-establishment-fee\ALP-046_slide-02.png,C:\Users\bosan\Downloads\house-of-diamonds-landing-main\ascend_instagram_library\03_generated_posts\ALP-046_what-is-an-establishment-fee\ALP-046_slide-03.png,C:\Users\bosan\Downloads\house-of-diamonds-landing-main\ascend_instagram_library\03_generated_posts\ALP-046_what-is-an-establishment-fee\ALP-046_slide-04.png,C:\Users\bosan\Downloads\house-of-diamonds-landing-main\ascend_instagram_library\03_generated_posts\ALP-046_what-is-an-establishment-fee\ALP-046_slide-05.png,"An establishment fee covers the lender's cost of setting up your facility — assessing the application, preparing documentation and finalising the agreement. It's typically a one-off charge, separate from any ongoing fees or interest.

Because establishment fees vary between lenders and facility types, they're worth factoring into any comparison — a slightly lower rate can be offset by a higher upfront fee, so the total cost of the facility matters more than any single number.

General information only. This does not constitute financial, legal, accounting or tax advice. Credit is subject to lender assessment, eligibility and approval criteria. Fees, charges, terms and conditions may apply.",#AscendLendingPartners #AustralianBusiness #BusinessFinance #SMEFinance #BusinessLending #EstablishmentFee #BusinessLoanFees #FinanceGlossary,"An establishment fee covers the lender's cost of setting up your facility — assessing the application, preparing documentation and finalising the agreement. It's typically a one-off charge, separate from any ongoing fees or interest.

Because establishment fees vary between lenders and facility types, they're worth factoring into any comparison — a slightly lower rate can be offset by a higher upfront fee, so the total cost of the facility matters more than any single number.

General information only. This does not constitute financial, legal, accounting or tax advice. Credit is subject to lender assessment, eligibility and approval criteria. Fees, charges, terms and conditions may apply.

#AscendLendingPartners #AustralianBusiness #BusinessFinance #SMEFinance #BusinessLending #EstablishmentFee #BusinessLoanFees #FinanceGlossary",pending,pending,,,
ALP-111,2026-09-30,08:00,C:\Users\bosan\Downloads\house-of-diamonds-landing-main\ascend_instagram_library\03_generated_posts\ALP-111_finance-for-franchise-businesses\ALP-111_slide-01.png,C:\Users\bosan\Downloads\house-of-diamonds-landing-main\ascend_instagram_library\03_generated_posts\ALP-111_finance-for-franchise-businesses\ALP-111_slide-02.png,C:\Users\bosan\Downloads\house-of-diamonds-landing-main\ascend_instagram_library\03_generated_posts\ALP-111_finance-for-franchise-businesses\ALP-111_slide-03.png,C:\Users\bosan\Downloads\house-of-diamonds-landing-main\ascend_instagram_library\03_generated_posts\ALP-111_finance-for-franchise-businesses\ALP-111_slide-04.png,C:\Users\bosan\Downloads\house-of-diamonds-landing-main\ascend_instagram_library\03_generated_posts\ALP-111_finance-for-franchise-businesses\ALP-111_slide-05.png,"Franchise businesses often have relatively predictable set-up and ongoing costs defined by the franchise agreement, which can make finance planning more structured than for an independent business. Lenders may also factor in the franchisor's track record.

Every industry has its own rhythm when it comes to cash flow and finance needs — understanding franchise businesses's specific pattern is the first step to finding the right fit.

A franchise's structured costs can make finance planning more predictable — but the agreement terms still need careful review.

General information only. This does not constitute financial, legal, accounting or tax advice. Credit is subject to lender assessment, eligibility and approval criteria. Fees, charges, terms and conditions may apply.",#AscendLendingPartners #AustralianBusiness #BusinessFinance #SMEFinance #BusinessLending #FranchiseFinance #FranchiseeFinance #SMEFinance,"Franchise businesses often have relatively predictable set-up and ongoing costs defined by the franchise agreement, which can make finance planning more structured than for an independent business. Lenders may also factor in the franchisor's track record.

Every industry has its own rhythm when it comes to cash flow and finance needs — understanding franchise businesses's specific pattern is the first step to finding the right fit.

A franchise's structured costs can make finance planning more predictable — but the agreement terms still need careful review.

General information only. This does not constitute financial, legal, accounting or tax advice. Credit is subject to lender assessment, eligibility and approval criteria. Fees, charges, terms and conditions may apply.

#AscendLendingPartners #AustralianBusiness #BusinessFinance #SMEFinance #BusinessLending #FranchiseFinance #FranchiseeFinance #SMEFinance",pending,pending,,,
ALP-131,2026-09-30,11:40,C:\Users\bosan\Downloads\house-of-diamonds-landing-main\ascend_instagram_library\03_generated_posts\ALP-131_tried-a-broker-before-didnt-work-out\ALP-131_slide-01.png,C:\Users\bosan\Downloads\house-of-diamonds-landing-main\ascend_instagram_library\03_generated_posts\ALP-131_tried-a-broker-before-didnt-work-out\ALP-131_slide-02.png,C:\Users\bosan\Downloads\house-of-diamonds-landing-main\ascend_instagram_library\03_generated_posts\ALP-131_tried-a-broker-before-didnt-work-out\ALP-131_slide-03.png,C:\Users\bosan\Downloads\house-of-diamonds-landing-main\ascend_instagram_library\03_generated_posts\ALP-131_tried-a-broker-before-didnt-work-out\ALP-131_slide-04.png,C:\Users\bosan\Downloads\house-of-diamonds-landing-main\ascend_instagram_library\03_generated_posts\ALP-131_tried-a-broker-before-didnt-work-out\ALP-131_slide-05.png,"A poor past experience with a broker is a completely valid reason for hesitation, and it's worth naming rather than glossing over. The reality is broker quality varies significantly — clear communication, honest trade-off explanations, and genuine follow-up should be the standard, not the exception.

If your last experience fell short of that, it's reasonable to expect better, and worth giving the process another chance with clearer expectations set upfront.

General information only. This does not constitute financial, legal, accounting or tax advice. Credit is subject to lender assessment, eligibility and approval criteria. Fees, charges, terms and conditions may apply.",#AscendLendingPartners #AustralianBusiness #BusinessFinance #SMEFinance #BusinessLending #FinanceBroker #BusinessLendingHelp #SMEFinance,"A poor past experience with a broker is a completely valid reason for hesitation, and it's worth naming rather than glossing over. The reality is broker quality varies significantly — clear communication, honest trade-off explanations, and genuine follow-up should be the standard, not the exception.

If your last experience fell short of that, it's reasonable to expect better, and worth giving the process another chance with clearer expectations set upfront.

General information only. This does not constitute financial, legal, accounting or tax advice. Credit is subject to lender assessment, eligibility and approval criteria. Fees, charges, terms and conditions may apply.

#AscendLendingPartners #AustralianBusiness #BusinessFinance #SMEFinance #BusinessLending #FinanceBroker #BusinessLendingHelp #SMEFinance",pending,pending,,,
ALP-192,2026-09-30,15:20,C:\Users\bosan\Downloads\house-of-diamonds-landing-main\ascend_instagram_library\03_generated_posts\ALP-192_insurance-renewal-higher-than-expected\ALP-192_slide-01.png,C:\Users\bosan\Downloads\house-of-diamonds-landing-main\ascend_instagram_library\03_generated_posts\ALP-192_insurance-renewal-higher-than-expected\ALP-192_slide-02.png,C:\Users\bosan\Downloads\house-of-diamonds-landing-main\ascend_instagram_library\03_generated_posts\ALP-192_insurance-renewal-higher-than-expected\ALP-192_slide-03.png,C:\Users\bosan\Downloads\house-of-diamonds-landing-main\ascend_instagram_library\03_generated_posts\ALP-192_insurance-renewal-higher-than-expected\ALP-192_slide-04.png,C:\Users\bosan\Downloads\house-of-diamonds-landing-main\ascend_instagram_library\03_generated_posts\ALP-192_insurance-renewal-higher-than-expected\ALP-192_slide-05.png,"An insurance renewal landing higher than budgeted is a common, if frustrating, surprise — and it doesn't have to mean diverting cash from other planned spending. A short-term facility can smooth the cost over a defined period instead.

It's also worth using the moment to shop around and review whether current coverage still matches the business's actual needs.

General information only. This does not constitute financial, legal, accounting or tax advice. Credit is subject to lender assessment, eligibility and approval criteria. Fees, charges, terms and conditions may apply.",#AscendLendingPartners #AustralianBusiness #BusinessFinance #SMEFinance #BusinessLending #BusinessInsurance #CashFlowManagement #SMEFinanceTips,"An insurance renewal landing higher than budgeted is a common, if frustrating, surprise — and it doesn't have to mean diverting cash from other planned spending. A short-term facility can smooth the cost over a defined period instead.

It's also worth using the moment to shop around and review whether current coverage still matches the business's actual needs.

General information only. This does not constitute financial, legal, accounting or tax advice. Credit is subject to lender assessment, eligibility and approval criteria. Fees, charges, terms and conditions may apply.

#AscendLendingPartners #AustralianBusiness #BusinessFinance #SMEFinance #BusinessLending #BusinessInsurance #CashFlowManagement #SMEFinanceTips",pending,pending,,,
ALP-047,2026-09-30,19:00,C:\Users\bosan\Downloads\house-of-diamonds-landing-main\ascend_instagram_library\03_generated_posts\ALP-047_what-is-an-early-repayment-fee\ALP-047_slide-01.png,C:\Users\bosan\Downloads\house-of-diamonds-landing-main\ascend_instagram_library\03_generated_posts\ALP-047_what-is-an-early-repayment-fee\ALP-047_slide-02.png,C:\Users\bosan\Downloads\house-of-diamonds-landing-main\ascend_instagram_library\03_generated_posts\ALP-047_what-is-an-early-repayment-fee\ALP-047_slide-03.png,C:\Users\bosan\Downloads\house-of-diamonds-landing-main\ascend_instagram_library\03_generated_posts\ALP-047_what-is-an-early-repayment-fee\ALP-047_slide-04.png,C:\Users\bosan\Downloads\house-of-diamonds-landing-main\ascend_instagram_library\03_generated_posts\ALP-047_what-is-an-early-repayment-fee\ALP-047_slide-05.png,"If you're planning to pay off a business loan ahead of schedule — whether from a cash windfall or a refinance — it's worth checking whether an early repayment fee applies. These fees exist to cover the lender's loss of expected interest income, and they're more common on fixed-rate facilities.

Not every loan includes one, and some allow a certain amount of early repayment without charge, so reading the agreement — or asking directly — avoids surprises.

General information only. This does not constitute financial, legal, accounting or tax advice. Credit is subject to lender assessment, eligibility and approval criteria. Fees, charges, terms and conditions may apply.",#AscendLendingPartners #AustralianBusiness #BusinessFinance #SMEFinance #BusinessLending #EarlyRepaymentFee #BusinessLoanFees #FinanceGlossary,"If you're planning to pay off a business loan ahead of schedule — whether from a cash windfall or a refinance — it's worth checking whether an early repayment fee applies. These fees exist to cover the lender's loss of expected interest income, and they're more common on fixed-rate facilities.

Not every loan includes one, and some allow a certain amount of early repayment without charge, so reading the agreement — or asking directly — avoids surprises.

General information only. This does not constitute financial, legal, accounting or tax advice. Credit is subject to lender assessment, eligibility and approval criteria. Fees, charges, terms and conditions may apply.

#AscendLendingPartners #AustralianBusiness #BusinessFinance #SMEFinance #BusinessLending #EarlyRepaymentFee #BusinessLoanFees #FinanceGlossary",pending,pending,,,
ALP-112,2026-10-01,08:00,C:\Users\bosan\Downloads\house-of-diamonds-landing-main\ascend_instagram_library\03_generated_posts\ALP-112_finance-for-fitness-and-gym-businesses\ALP-112_slide-01.png,C:\Users\bosan\Downloads\house-of-diamonds-landing-main\ascend_instagram_library\03_generated_posts\ALP-112_finance-for-fitness-and-gym-businesses\ALP-112_slide-02.png,C:\Users\bosan\Downloads\house-of-diamonds-landing-main\ascend_instagram_library\03_generated_posts\ALP-112_finance-for-fitness-and-gym-businesses\ALP-112_slide-03.png,C:\Users\bosan\Downloads\house-of-diamonds-landing-main\ascend_instagram_library\03_generated_posts\ALP-112_finance-for-fitness-and-gym-businesses\ALP-112_slide-04.png,C:\Users\bosan\Downloads\house-of-diamonds-landing-main\ascend_instagram_library\03_generated_posts\ALP-112_finance-for-fitness-and-gym-businesses\ALP-112_slide-05.png,"Fitness and gym businesses often need significant equipment investment, alongside membership revenue that can fluctuate seasonally. Equipment finance supports machines and fit-out, while working capital can smooth membership cycle swings.

Every industry has its own rhythm when it comes to cash flow and finance needs — understanding fitness and gym businesses's specific pattern is the first step to finding the right fit.

Equipment costs and seasonal membership swings are the two forces shaping fitness business cash flow.

General information only. This does not constitute financial, legal, accounting or tax advice. Credit is subject to lender assessment, eligibility and approval criteria. Fees, charges, terms and conditions may apply.",#AscendLendingPartners #AustralianBusiness #BusinessFinance #SMEFinance #BusinessLending #FitnessBusinessFinance #GymFinance #SMEFinance,"Fitness and gym businesses often need significant equipment investment, alongside membership revenue that can fluctuate seasonally. Equipment finance supports machines and fit-out, while working capital can smooth membership cycle swings.

Every industry has its own rhythm when it comes to cash flow and finance needs — understanding fitness and gym businesses's specific pattern is the first step to finding the right fit.

Equipment costs and seasonal membership swings are the two forces shaping fitness business cash flow.

General information only. This does not constitute financial, legal, accounting or tax advice. Credit is subject to lender assessment, eligibility and approval criteria. Fees, charges, terms and conditions may apply.

#AscendLendingPartners #AustralianBusiness #BusinessFinance #SMEFinance #BusinessLending #FitnessBusinessFinance #GymFinance #SMEFinance",pending,pending,,,
ALP-132,2026-10-01,11:40,C:\Users\bosan\Downloads\house-of-diamonds-landing-main\ascend_instagram_library\03_generated_posts\ALP-132_will-finance-look-bad-to-investors\ALP-132_slide-01.png,C:\Users\bosan\Downloads\house-of-diamonds-landing-main\ascend_instagram_library\03_generated_posts\ALP-132_will-finance-look-bad-to-investors\ALP-132_slide-02.png,C:\Users\bosan\Downloads\house-of-diamonds-landing-main\ascend_instagram_library\03_generated_posts\ALP-132_will-finance-look-bad-to-investors\ALP-132_slide-03.png,C:\Users\bosan\Downloads\house-of-diamonds-landing-main\ascend_instagram_library\03_generated_posts\ALP-132_will-finance-look-bad-to-investors\ALP-132_slide-04.png,C:\Users\bosan\Downloads\house-of-diamonds-landing-main\ascend_instagram_library\03_generated_posts\ALP-132_will-finance-look-bad-to-investors\ALP-132_slide-05.png,"It's a fair worry if you're answering to investors or business partners, but appropriately used finance is a completely normal part of running and growing a business. What tends to concern stakeholders isn't the existence of debt — it's debt that seems poorly considered or out of proportion to the business.

Being able to clearly explain the purpose, structure and repayment plan usually turns finance from a concern into a sign of considered management.

General information only. This does not constitute financial, legal, accounting or tax advice. Credit is subject to lender assessment, eligibility and approval criteria. Fees, charges, terms and conditions may apply.",#AscendLendingPartners #AustralianBusiness #BusinessFinance #SMEFinance #BusinessLending #BusinessFinanceDecisions #InvestorRelations #SMEStrategy,"It's a fair worry if you're answering to investors or business partners, but appropriately used finance is a completely normal part of running and growing a business. What tends to concern stakeholders isn't the existence of debt — it's debt that seems poorly considered or out of proportion to the business.

Being able to clearly explain the purpose, structure and repayment plan usually turns finance from a concern into a sign of considered management.

General information only. This does not constitute financial, legal, accounting or tax advice. Credit is subject to lender assessment, eligibility and approval criteria. Fees, charges, terms and conditions may apply.

#AscendLendingPartners #AustralianBusiness #BusinessFinance #SMEFinance #BusinessLending #BusinessFinanceDecisions #InvestorRelations #SMEStrategy",pending,pending,,,
ALP-193,2026-10-01,15:20,C:\Users\bosan\Downloads\house-of-diamonds-landing-main\ascend_instagram_library\03_generated_posts\ALP-193_approached-to-export-for-the-first-time\ALP-193_slide-01.png,C:\Users\bosan\Downloads\house-of-diamonds-landing-main\ascend_instagram_library\03_generated_posts\ALP-193_approached-to-export-for-the-first-time\ALP-193_slide-02.png,C:\Users\bosan\Downloads\house-of-diamonds-landing-main\ascend_instagram_library\03_generated_posts\ALP-193_approached-to-export-for-the-first-time\ALP-193_slide-03.png,C:\Users\bosan\Downloads\house-of-diamonds-landing-main\ascend_instagram_library\03_generated_posts\ALP-193_approached-to-export-for-the-first-time\ALP-193_slide-04.png,C:\Users\bosan\Downloads\house-of-diamonds-landing-main\ascend_instagram_library\03_generated_posts\ALP-193_approached-to-export-for-the-first-time\ALP-193_slide-05.png,"A first export enquiry is a genuine growth opportunity, but it's worth going in with realistic expectations about the cash-flow rhythm — international payment and shipping cycles typically run longer than domestic trade.

Trade finance exists specifically for this gap, letting a first export order become a stepping stone rather than a cash-flow risk.

General information only. This does not constitute financial, legal, accounting or tax advice. Credit is subject to lender assessment, eligibility and approval criteria. Fees, charges, terms and conditions may apply.",#AscendLendingPartners #AustralianBusiness #BusinessFinance #SMEFinance #BusinessLending #TradeFinance #ExportBusiness #GrowthFinance,"A first export enquiry is a genuine growth opportunity, but it's worth going in with realistic expectations about the cash-flow rhythm — international payment and shipping cycles typically run longer than domestic trade.

Trade finance exists specifically for this gap, letting a first export order become a stepping stone rather than a cash-flow risk.

General information only. This does not constitute financial, legal, accounting or tax advice. Credit is subject to lender assessment, eligibility and approval criteria. Fees, charges, terms and conditions may apply.

#AscendLendingPartners #AustralianBusiness #BusinessFinance #SMEFinance #BusinessLending #TradeFinance #ExportBusiness #GrowthFinance",pending,pending,,,
ALP-048,2026-10-01,19:00,C:\Users\bosan\Downloads\house-of-diamonds-landing-main\ascend_instagram_library\03_generated_posts\ALP-048_what-is-a-loan-term\ALP-048_slide-01.png,C:\Users\bosan\Downloads\house-of-diamonds-landing-main\ascend_instagram_library\03_generated_posts\ALP-048_what-is-a-loan-term\ALP-048_slide-02.png,C:\Users\bosan\Downloads\house-of-diamonds-landing-main\ascend_instagram_library\03_generated_posts\ALP-048_what-is-a-loan-term\ALP-048_slide-03.png,C:\Users\bosan\Downloads\house-of-diamonds-landing-main\ascend_instagram_library\03_generated_posts\ALP-048_what-is-a-loan-term\ALP-048_slide-04.png,C:\Users\bosan\Downloads\house-of-diamonds-landing-main\ascend_instagram_library\03_generated_posts\ALP-048_what-is-a-loan-term\ALP-048_slide-05.png,"Loan term is one of the biggest levers affecting how a facility feels day to day. A shorter term clears the debt faster and costs less in total interest, but the repayments are higher. A longer term eases monthly cash flow but adds to the total cost over time.

There's no universally ""right"" term — it depends on what the funds are being used for and how the business's cash flow is likely to look across that period.

General information only. This does not constitute financial, legal, accounting or tax advice. Credit is subject to lender assessment, eligibility and approval criteria. Fees, charges, terms and conditions may apply.",#AscendLendingPartners #AustralianBusiness #BusinessFinance #SMEFinance #BusinessLending #LoanTerm #BusinessLoanBasics #FinanceGlossary,"Loan term is one of the biggest levers affecting how a facility feels day to day. A shorter term clears the debt faster and costs less in total interest, but the repayments are higher. A longer term eases monthly cash flow but adds to the total cost over time.

There's no universally ""right"" term — it depends on what the funds are being used for and how the business's cash flow is likely to look across that period.

General information only. This does not constitute financial, legal, accounting or tax advice. Credit is subject to lender assessment, eligibility and approval criteria. Fees, charges, terms and conditions may apply.

#AscendLendingPartners #AustralianBusiness #BusinessFinance #SMEFinance #BusinessLending #LoanTerm #BusinessLoanBasics #FinanceGlossary",pending,pending,,,
ALP-113,2026-10-02,08:00,C:\Users\bosan\Downloads\house-of-diamonds-landing-main\ascend_instagram_library\03_generated_posts\ALP-113_finance-for-hair-and-salon-businesses\ALP-113_slide-01.png,C:\Users\bosan\Downloads\house-of-diamonds-landing-main\ascend_instagram_library\03_generated_posts\ALP-113_finance-for-hair-and-salon-businesses\ALP-113_slide-02.png,C:\Users\bosan\Downloads\house-of-diamonds-landing-main\ascend_instagram_library\03_generated_posts\ALP-113_finance-for-hair-and-salon-businesses\ALP-113_slide-03.png,C:\Users\bosan\Downloads\house-of-diamonds-landing-main\ascend_instagram_library\03_generated_posts\ALP-113_finance-for-hair-and-salon-businesses\ALP-113_slide-04.png,C:\Users\bosan\Downloads\house-of-diamonds-landing-main\ascend_instagram_library\03_generated_posts\ALP-113_finance-for-hair-and-salon-businesses\ALP-113_slide-05.png,"Hair and salon businesses often carry fit-out and equipment costs relative to their size, with revenue tied closely to appointment bookings and stylist capacity. Finance can support fit-out, additional chairs, or opening a second location.

Every industry has its own rhythm when it comes to cash flow and finance needs — understanding hair and salon businesses's specific pattern is the first step to finding the right fit.

Fit-out costs and appointment-driven revenue both shape how salon businesses plan their finances.

General information only. This does not constitute financial, legal, accounting or tax advice. Credit is subject to lender assessment, eligibility and approval criteria. Fees, charges, terms and conditions may apply.",#AscendLendingPartners #AustralianBusiness #BusinessFinance #SMEFinance #BusinessLending #SalonBusinessFinance #HairdresserFinance #SMEFinance,"Hair and salon businesses often carry fit-out and equipment costs relative to their size, with revenue tied closely to appointment bookings and stylist capacity. Finance can support fit-out, additional chairs, or opening a second location.

Every industry has its own rhythm when it comes to cash flow and finance needs — understanding hair and salon businesses's specific pattern is the first step to finding the right fit.

Fit-out costs and appointment-driven revenue both shape how salon businesses plan their finances.

General information only. This does not constitute financial, legal, accounting or tax advice. Credit is subject to lender assessment, eligibility and approval criteria. Fees, charges, terms and conditions may apply.

#AscendLendingPartners #AustralianBusiness #BusinessFinance #SMEFinance #BusinessLending #SalonBusinessFinance #HairdresserFinance #SMEFinance",pending,pending,,,
ALP-133,2026-10-02,11:40,C:\Users\bosan\Downloads\house-of-diamonds-landing-main\ascend_instagram_library\03_generated_posts\ALP-133_just-need-a-small-amount\ALP-133_slide-01.png,C:\Users\bosan\Downloads\house-of-diamonds-landing-main\ascend_instagram_library\03_generated_posts\ALP-133_just-need-a-small-amount\ALP-133_slide-02.png,C:\Users\bosan\Downloads\house-of-diamonds-landing-main\ascend_instagram_library\03_generated_posts\ALP-133_just-need-a-small-amount\ALP-133_slide-03.png,C:\Users\bosan\Downloads\house-of-diamonds-landing-main\ascend_instagram_library\03_generated_posts\ALP-133_just-need-a-small-amount\ALP-133_slide-04.png,C:\Users\bosan\Downloads\house-of-diamonds-landing-main\ascend_instagram_library\03_generated_posts\ALP-133_just-need-a-small-amount\ALP-133_slide-05.png,"There's a tendency to assume finance is only worth the effort for large amounts — but plenty of genuine business needs are modest and specific, and the finance market has options built for exactly that. A line of credit, in particular, suits smaller, recurring needs without requiring you to borrow more than necessary.

The right move is comparing options for your actual amount, rather than assuming it's not worth pursuing.

General information only. This does not constitute financial, legal, accounting or tax advice. Credit is subject to lender assessment, eligibility and approval criteria. Fees, charges, terms and conditions may apply.",#AscendLendingPartners #AustralianBusiness #BusinessFinance #SMEFinance #BusinessLending #SmallBusinessFinance #LineOfCredit #SMEFinanceTips,"There's a tendency to assume finance is only worth the effort for large amounts — but plenty of genuine business needs are modest and specific, and the finance market has options built for exactly that. A line of credit, in particular, suits smaller, recurring needs without requiring you to borrow more than necessary.

The right move is comparing options for your actual amount, rather than assuming it's not worth pursuing.

General information only. This does not constitute financial, legal, accounting or tax advice. Credit is subject to lender assessment, eligibility and approval criteria. Fees, charges, terms and conditions may apply.

#AscendLendingPartners #AustralianBusiness #BusinessFinance #SMEFinance #BusinessLending #SmallBusinessFinance #LineOfCredit #SMEFinanceTips",pending,pending,,,
ALP-194,2026-10-02,15:20,C:\Users\bosan\Downloads\house-of-diamonds-landing-main\ascend_instagram_library\03_generated_posts\ALP-194_best-quarter-ever-now-what\ALP-194_slide-01.png,C:\Users\bosan\Downloads\house-of-diamonds-landing-main\ascend_instagram_library\03_generated_posts\ALP-194_best-quarter-ever-now-what\ALP-194_slide-02.png,C:\Users\bosan\Downloads\house-of-diamonds-landing-main\ascend_instagram_library\03_generated_posts\ALP-194_best-quarter-ever-now-what\ALP-194_slide-03.png,C:\Users\bosan\Downloads\house-of-diamonds-landing-main\ascend_instagram_library\03_generated_posts\ALP-194_best-quarter-ever-now-what\ALP-194_slide-04.png,C:\Users\bosan\Downloads\house-of-diamonds-landing-main\ascend_instagram_library\03_generated_posts\ALP-194_best-quarter-ever-now-what\ALP-194_slide-05.png,"A record quarter deserves genuine credit, and it's also a strategically useful moment — a stronger financial position can open up better finance terms, and it's worth deciding deliberately what comes next rather than just letting momentum carry forward on its own.

Whether that's reinvestment, a buffer, or funded growth, the choice is clearer with a considered look at the numbers.

General information only. This does not constitute financial, legal, accounting or tax advice. Credit is subject to lender assessment, eligibility and approval criteria. Fees, charges, terms and conditions may apply.",#AscendLendingPartners #AustralianBusiness #BusinessFinance #SMEFinance #BusinessLending #BusinessGrowth #FinanceStrategy #SMEStrategy,"A record quarter deserves genuine credit, and it's also a strategically useful moment — a stronger financial position can open up better finance terms, and it's worth deciding deliberately what comes next rather than just letting momentum carry forward on its own.

Whether that's reinvestment, a buffer, or funded growth, the choice is clearer with a considered look at the numbers.

General information only. This does not constitute financial, legal, accounting or tax advice. Credit is subject to lender assessment, eligibility and approval criteria. Fees, charges, terms and conditions may apply.

#AscendLendingPartners #AustralianBusiness #BusinessFinance #SMEFinance #BusinessLending #BusinessGrowth #FinanceStrategy #SMEStrategy",pending,pending,,,
ALP-049,2026-10-02,19:00,C:\Users\bosan\Downloads\house-of-diamonds-landing-main\ascend_instagram_library\03_generated_posts\ALP-049_what-is-a-credit-limit\ALP-049_slide-01.png,C:\Users\bosan\Downloads\house-of-diamonds-landing-main\ascend_instagram_library\03_generated_posts\ALP-049_what-is-a-credit-limit\ALP-049_slide-02.png,C:\Users\bosan\Downloads\house-of-diamonds-landing-main\ascend_instagram_library\03_generated_posts\ALP-049_what-is-a-credit-limit\ALP-049_slide-03.png,C:\Users\bosan\Downloads\house-of-diamonds-landing-main\ascend_instagram_library\03_generated_posts\ALP-049_what-is-a-credit-limit\ALP-049_slide-04.png,C:\Users\bosan\Downloads\house-of-diamonds-landing-main\ascend_instagram_library\03_generated_posts\ALP-049_what-is-a-credit-limit\ALP-049_slide-05.png,"A credit limit sets the maximum balance you can draw against a revolving facility at any point in time — it's set by the lender based on their assessment of your business, not simply the amount you ask for.

Because the limit itself stays fixed while your available balance moves as you draw down and repay, understanding the difference between the two helps you plan how much headroom you actually have at any given time.

General information only. This does not constitute financial, legal, accounting or tax advice. Credit is subject to lender assessment, eligibility and approval criteria. Fees, charges, terms and conditions may apply.",#AscendLendingPartners #AustralianBusiness #BusinessFinance #SMEFinance #BusinessLending #CreditLimit #LineOfCredit #FinanceGlossary,"A credit limit sets the maximum balance you can draw against a revolving facility at any point in time — it's set by the lender based on their assessment of your business, not simply the amount you ask for.

Because the limit itself stays fixed while your available balance moves as you draw down and repay, understanding the difference between the two helps you plan how much headroom you actually have at any given time.

General information only. This does not constitute financial, legal, accounting or tax advice. Credit is subject to lender assessment, eligibility and approval criteria. Fees, charges, terms and conditions may apply.

#AscendLendingPartners #AustralianBusiness #BusinessFinance #SMEFinance #BusinessLending #CreditLimit #LineOfCredit #FinanceGlossary",pending,pending,,,
ALP-114,2026-10-05,08:00,C:\Users\bosan\Downloads\house-of-diamonds-landing-main\ascend_instagram_library\03_generated_posts\ALP-114_finance-for-wholesale-and-distribution-businesses\ALP-114_slide-01.png,C:\Users\bosan\Downloads\house-of-diamonds-landing-main\ascend_instagram_library\03_generated_posts\ALP-114_finance-for-wholesale-and-distribution-businesses\ALP-114_slide-02.png,C:\Users\bosan\Downloads\house-of-diamonds-landing-main\ascend_instagram_library\03_generated_posts\ALP-114_finance-for-wholesale-and-distribution-businesses\ALP-114_slide-03.png,C:\Users\bosan\Downloads\house-of-diamonds-landing-main\ascend_instagram_library\03_generated_posts\ALP-114_finance-for-wholesale-and-distribution-businesses\ALP-114_slide-04.png,C:\Users\bosan\Downloads\house-of-diamonds-landing-main\ascend_instagram_library\03_generated_posts\ALP-114_finance-for-wholesale-and-distribution-businesses\ALP-114_slide-05.png,"Wholesale and distribution businesses often buy in bulk and sell on trading terms to other businesses, creating a double cash-flow challenge — cash tied up in stock, then tied up again waiting on customer payment. Invoice finance and stock finance are commonly used together here.

Every industry has its own rhythm when it comes to cash flow and finance needs — understanding wholesale and distribution businesses's specific pattern is the first step to finding the right fit.

Wholesale and distribution businesses often face a double cash-flow squeeze — stock first, then trading terms — that combined finance can address.

General information only. This does not constitute financial, legal, accounting or tax advice. Credit is subject to lender assessment, eligibility and approval criteria. Fees, charges, terms and conditions may apply.",#AscendLendingPartners #AustralianBusiness #BusinessFinance #SMEFinance #BusinessLending #WholesaleFinance #DistributionBusiness #InvoiceFinance,"Wholesale and distribution businesses often buy in bulk and sell on trading terms to other businesses, creating a double cash-flow challenge — cash tied up in stock, then tied up again waiting on customer payment. Invoice finance and stock finance are commonly used together here.

Every industry has its own rhythm when it comes to cash flow and finance needs — understanding wholesale and distribution businesses's specific pattern is the first step to finding the right fit.

Wholesale and distribution businesses often face a double cash-flow squeeze — stock first, then trading terms — that combined finance can address.

General information only. This does not constitute financial, legal, accounting or tax advice. Credit is subject to lender assessment, eligibility and approval criteria. Fees, charges, terms and conditions may apply.

#AscendLendingPartners #AustralianBusiness #BusinessFinance #SMEFinance #BusinessLending #WholesaleFinance #DistributionBusiness #InvoiceFinance",pending,pending,,,
ALP-134,2026-10-05,11:40,C:\Users\bosan\Downloads\house-of-diamonds-landing-main\ascend_instagram_library\03_generated_posts\ALP-134_overcoming-fear-of-applying-and-rejection\ALP-134_slide-01.png,C:\Users\bosan\Downloads\house-of-diamonds-landing-main\ascend_instagram_library\03_generated_posts\ALP-134_overcoming-fear-of-applying-and-rejection\ALP-134_slide-02.png,C:\Users\bosan\Downloads\house-of-diamonds-landing-main\ascend_instagram_library\03_generated_posts\ALP-134_overcoming-fear-of-applying-and-rejection\ALP-134_slide-03.png,C:\Users\bosan\Downloads\house-of-diamonds-landing-main\ascend_instagram_library\03_generated_posts\ALP-134_overcoming-fear-of-applying-and-rejection\ALP-134_slide-04.png,C:\Users\bosan\Downloads\house-of-diamonds-landing-main\ascend_instagram_library\03_generated_posts\ALP-134_overcoming-fear-of-applying-and-rejection\ALP-134_slide-05.png,"The fear of hearing no can quietly stop business owners from ever asking the question — but avoiding the conversation guarantees the same outcome as a rejection would. A well-prepared application, matched to the right lender, gives you a genuine answer rather than an assumption.

And if the answer is no for now, that's useful information too — not a verdict on the business, just on that specific application at that specific time.

General information only. This does not constitute financial, legal, accounting or tax advice. Credit is subject to lender assessment, eligibility and approval criteria. Fees, charges, terms and conditions may apply.",#AscendLendingPartners #AustralianBusiness #BusinessFinance #SMEFinance #BusinessLending #BusinessFinanceConfidence #SMEFinance #GettingStarted,"The fear of hearing no can quietly stop business owners from ever asking the question — but avoiding the conversation guarantees the same outcome as a rejection would. A well-prepared application, matched to the right lender, gives you a genuine answer rather than an assumption.

And if the answer is no for now, that's useful information too — not a verdict on the business, just on that specific application at that specific time.

General information only. This does not constitute financial, legal, accounting or tax advice. Credit is subject to lender assessment, eligibility and approval criteria. Fees, charges, terms and conditions may apply.

#AscendLendingPartners #AustralianBusiness #BusinessFinance #SMEFinance #BusinessLending #BusinessFinanceConfidence #SMEFinance #GettingStarted",pending,pending,,,
ALP-195,2026-10-05,15:20,C:\Users\bosan\Downloads\house-of-diamonds-landing-main\ascend_instagram_library\03_generated_posts\ALP-195_fire-flood-or-disruption-hit-business\ALP-195_slide-01.png,C:\Users\bosan\Downloads\house-of-diamonds-landing-main\ascend_instagram_library\03_generated_posts\ALP-195_fire-flood-or-disruption-hit-business\ALP-195_slide-02.png,C:\Users\bosan\Downloads\house-of-diamonds-landing-main\ascend_instagram_library\03_generated_posts\ALP-195_fire-flood-or-disruption-hit-business\ALP-195_slide-03.png,C:\Users\bosan\Downloads\house-of-diamonds-landing-main\ascend_instagram_library\03_generated_posts\ALP-195_fire-flood-or-disruption-hit-business\ALP-195_slide-04.png,C:\Users\bosan\Downloads\house-of-diamonds-landing-main\ascend_instagram_library\03_generated_posts\ALP-195_fire-flood-or-disruption-hit-business\ALP-195_slide-05.png,"Recovering from a significant disruption is difficult enough without cash flow adding to the pressure. Working capital finance can help bridge the period between the event and when insurance processes and trading return to a more normal footing.

Speaking to your insurer and a lender early in the process tends to make the whole recovery smoother.

General information only. This does not constitute financial, legal, accounting or tax advice. Credit is subject to lender assessment, eligibility and approval criteria. Fees, charges, terms and conditions may apply.",#AscendLendingPartners #AustralianBusiness #BusinessFinance #SMEFinance #BusinessLending #BusinessRecovery #WorkingCapital #SMEFinance,"Recovering from a significant disruption is difficult enough without cash flow adding to the pressure. Working capital finance can help bridge the period between the event and when insurance processes and trading return to a more normal footing.

Speaking to your insurer and a lender early in the process tends to make the whole recovery smoother.

General information only. This does not constitute financial, legal, accounting or tax advice. Credit is subject to lender assessment, eligibility and approval criteria. Fees, charges, terms and conditions may apply.

#AscendLendingPartners #AustralianBusiness #BusinessFinance #SMEFinance #BusinessLending #BusinessRecovery #WorkingCapital #SMEFinance",pending,pending,,,
ALP-196,2026-10-05,19:00,C:\Users\bosan\Downloads\house-of-diamonds-landing-main\ascend_instagram_library\03_generated_posts\ALP-196_considering-taking-on-a-business-partner\ALP-196_slide-01.png,C:\Users\bosan\Downloads\house-of-diamonds-landing-main\ascend_instagram_library\03_generated_posts\ALP-196_considering-taking-on-a-business-partner\ALP-196_slide-02.png,C:\Users\bosan\Downloads\house-of-diamonds-landing-main\ascend_instagram_library\03_generated_posts\ALP-196_considering-taking-on-a-business-partner\ALP-196_slide-03.png,C:\Users\bosan\Downloads\house-of-diamonds-landing-main\ascend_instagram_library\03_generated_posts\ALP-196_considering-taking-on-a-business-partner\ALP-196_slide-04.png,C:\Users\bosan\Downloads\house-of-diamonds-landing-main\ascend_instagram_library\03_generated_posts\ALP-196_considering-taking-on-a-business-partner\ALP-196_slide-05.png,"Bringing on a business partner is a significant decision on its own, and it's also a moment worth using to review the business's finance structure — existing facilities, personal guarantees, and serviceability can all be affected by a change in ownership.

Handling this proactively, alongside proper legal and accounting advice, avoids complications down the track.

General information only. This does not constitute financial, legal, accounting or tax advice. Credit is subject to lender assessment, eligibility and approval criteria. Fees, charges, terms and conditions may apply.",#AscendLendingPartners #AustralianBusiness #BusinessFinance #SMEFinance #BusinessLending #BusinessPartnership #BusinessFinanceDecisions #SMEStrategy,"Bringing on a business partner is a significant decision on its own, and it's also a moment worth using to review the business's finance structure — existing facilities, personal guarantees, and serviceability can all be affected by a change in ownership.

Handling this proactively, alongside proper legal and accounting advice, avoids complications down the track.

General information only. This does not constitute financial, legal, accounting or tax advice. Credit is subject to lender assessment, eligibility and approval criteria. Fees, charges, terms and conditions may apply.

#AscendLendingPartners #AustralianBusiness #BusinessFinance #SMEFinance #BusinessLending #BusinessPartnership #BusinessFinanceDecisions #SMEStrategy",pending,pending,,,
ALP-197,2026-10-06,08:00,C:\Users\bosan\Downloads\house-of-diamonds-landing-main\ascend_instagram_library\03_generated_posts\ALP-197_biggest-client-wants-exclusivity-at-a-cost\ALP-197_slide-01.png,C:\Users\bosan\Downloads\house-of-diamonds-landing-main\ascend_instagram_library\03_generated_posts\ALP-197_biggest-client-wants-exclusivity-at-a-cost\ALP-197_slide-02.png,C:\Users\bosan\Downloads\house-of-diamonds-landing-main\ascend_instagram_library\03_generated_posts\ALP-197_biggest-client-wants-exclusivity-at-a-cost\ALP-197_slide-03.png,C:\Users\bosan\Downloads\house-of-diamonds-landing-main\ascend_instagram_library\03_generated_posts\ALP-197_biggest-client-wants-exclusivity-at-a-cost\ALP-197_slide-04.png,C:\Users\bosan\Downloads\house-of-diamonds-landing-main\ascend_instagram_library\03_generated_posts\ALP-197_biggest-client-wants-exclusivity-at-a-cost\ALP-197_slide-05.png,"An exclusivity offer from a major client is flattering and potentially very valuable, but it's worth treating the required investment — in capacity, staff or equipment — as seriously as the opportunity itself.

Finance can fund that commitment, letting you say yes to a significant opportunity without stretching the rest of the business too thin.

General information only. This does not constitute financial, legal, accounting or tax advice. Credit is subject to lender assessment, eligibility and approval criteria. Fees, charges, terms and conditions may apply.",#AscendLendingPartners #AustralianBusiness #BusinessFinance #SMEFinance #BusinessLending #BusinessGrowth #ClientRelationships #WorkingCapital,"An exclusivity offer from a major client is flattering and potentially very valuable, but it's worth treating the required investment — in capacity, staff or equipment — as seriously as the opportunity itself.

Finance can fund that commitment, letting you say yes to a significant opportunity without stretching the rest of the business too thin.

General information only. This does not constitute financial, legal, accounting or tax advice. Credit is subject to lender assessment, eligibility and approval criteria. Fees, charges, terms and conditions may apply.

#AscendLendingPartners #AustralianBusiness #BusinessFinance #SMEFinance #BusinessLending #BusinessGrowth #ClientRelationships #WorkingCapital",pending,pending,,,
ALP-198,2026-10-06,11:40,C:\Users\bosan\Downloads\house-of-diamonds-landing-main\ascend_instagram_library\03_generated_posts\ALP-198_ready-to-retire-need-succession-plan\ALP-198_slide-01.png,C:\Users\bosan\Downloads\house-of-diamonds-landing-main\ascend_instagram_library\03_generated_posts\ALP-198_ready-to-retire-need-succession-plan\ALP-198_slide-02.png,C:\Users\bosan\Downloads\house-of-diamonds-landing-main\ascend_instagram_library\03_generated_posts\ALP-198_ready-to-retire-need-succession-plan\ALP-198_slide-03.png,C:\Users\bosan\Downloads\house-of-diamonds-landing-main\ascend_instagram_library\03_generated_posts\ALP-198_ready-to-retire-need-succession-plan\ALP-198_slide-04.png,C:\Users\bosan\Downloads\house-of-diamonds-landing-main\ascend_instagram_library\03_generated_posts\ALP-198_ready-to-retire-need-succession-plan\ALP-198_slide-05.png,"Succession planning is as much about timing as it is about finance — starting the process well before the intended exit date generally supports a smoother transition and a stronger outcome, whether the business is passing to family, staff or an external buyer.

Finance is often part of the picture on the buyer's side, and it's worth understanding those options early in the process.

General information only. This does not constitute financial, legal, accounting or tax advice. Credit is subject to lender assessment, eligibility and approval criteria. Fees, charges, terms and conditions may apply.",#AscendLendingPartners #AustralianBusiness #BusinessFinance #SMEFinance #BusinessLending #BusinessSuccession #ExitPlanning #SMEStrategy,"Succession planning is as much about timing as it is about finance — starting the process well before the intended exit date generally supports a smoother transition and a stronger outcome, whether the business is passing to family, staff or an external buyer.

Finance is often part of the picture on the buyer's side, and it's worth understanding those options early in the process.

General information only. This does not constitute financial, legal, accounting or tax advice. Credit is subject to lender assessment, eligibility and approval criteria. Fees, charges, terms and conditions may apply.

#AscendLendingPartners #AustralianBusiness #BusinessFinance #SMEFinance #BusinessLending #BusinessSuccession #ExitPlanning #SMEStrategy",pending,pending,,,
ALP-199,2026-10-06,15:20,C:\Users\bosan\Downloads\house-of-diamonds-landing-main\ascend_instagram_library\03_generated_posts\ALP-199_business-offered-a-buyout\ALP-199_slide-01.png,C:\Users\bosan\Downloads\house-of-diamonds-landing-main\ascend_instagram_library\03_generated_posts\ALP-199_business-offered-a-buyout\ALP-199_slide-02.png,C:\Users\bosan\Downloads\house-of-diamonds-landing-main\ascend_instagram_library\03_generated_posts\ALP-199_business-offered-a-buyout\ALP-199_slide-03.png,C:\Users\bosan\Downloads\house-of-diamonds-landing-main\ascend_instagram_library\03_generated_posts\ALP-199_business-offered-a-buyout\ALP-199_slide-04.png,C:\Users\bosan\Downloads\house-of-diamonds-landing-main\ascend_instagram_library\03_generated_posts\ALP-199_business-offered-a-buyout\ALP-199_slide-05.png,"A buyout offer is flattering and can be a genuine opportunity, but it's worth resisting any pressure to respond quickly — proper valuation and advice take time, and that time is almost always available.

Understanding how any existing finance arrangements factor into the deal is one practical piece of that evaluation worth getting right early.

General information only. This does not constitute financial, legal, accounting or tax advice. Credit is subject to lender assessment, eligibility and approval criteria. Fees, charges, terms and conditions may apply.",#AscendLendingPartners #AustralianBusiness #BusinessFinance #SMEFinance #BusinessLending #BusinessBuyout #ExitPlanning #SMEStrategy,"A buyout offer is flattering and can be a genuine opportunity, but it's worth resisting any pressure to respond quickly — proper valuation and advice take time, and that time is almost always available.

Understanding how any existing finance arrangements factor into the deal is one practical piece of that evaluation worth getting right early.

General information only. This does not constitute financial, legal, accounting or tax advice. Credit is subject to lender assessment, eligibility and approval criteria. Fees, charges, terms and conditions may apply.

#AscendLendingPartners #AustralianBusiness #BusinessFinance #SMEFinance #BusinessLending #BusinessBuyout #ExitPlanning #SMEStrategy",pending,pending,,,
ALP-200,2026-10-06,19:00,C:\Users\bosan\Downloads\house-of-diamonds-landing-main\ascend_instagram_library\03_generated_posts\ALP-200_reflecting-on-200-posts-of-finance-education\ALP-200_slide-01.png,C:\Users\bosan\Downloads\house-of-diamonds-landing-main\ascend_instagram_library\03_generated_posts\ALP-200_reflecting-on-200-posts-of-finance-education\ALP-200_slide-02.png,C:\Users\bosan\Downloads\house-of-diamonds-landing-main\ascend_instagram_library\03_generated_posts\ALP-200_reflecting-on-200-posts-of-finance-education\ALP-200_slide-03.png,C:\Users\bosan\Downloads\house-of-diamonds-landing-main\ascend_instagram_library\03_generated_posts\ALP-200_reflecting-on-200-posts-of-finance-education\ALP-200_slide-04.png,C:\Users\bosan\Downloads\house-of-diamonds-landing-main\ascend_instagram_library\03_generated_posts\ALP-200_reflecting-on-200-posts-of-finance-education\ALP-200_slide-05.png,"Two hundred posts in, a few themes have come up again and again: cash-flow timing often matters more than the total amount involved, preparation consistently beats rushing, and finding the right fit for your specific situation matters more than chasing the lowest headline number.

Thank you for following along through products, education, industries and real scenarios — if any of it has raised a question about your own business, that conversation costs nothing to start.

General information only. This does not constitute financial, legal, accounting or tax advice. Credit is subject to lender assessment, eligibility and approval criteria. Fees, charges, terms and conditions may apply.",#AscendLendingPartners #AustralianBusiness #BusinessFinance #SMEFinance #BusinessLending #BusinessFinanceEducation #SMEFinance #AscendLendingPartners,"Two hundred posts in, a few themes have come up again and again: cash-flow timing often matters more than the total amount involved, preparation consistently beats rushing, and finding the right fit for your specific situation matters more than chasing the lowest headline number.

Thank you for following along through products, education, industries and real scenarios — if any of it has raised a question about your own business, that conversation costs nothing to start.

General information only. This does not constitute financial, legal, accounting or tax advice. Credit is subject to lender assessment, eligibility and approval criteria. Fees, charges, terms and conditions may apply.

#AscendLendingPartners #AustralianBusiness #BusinessFinance #SMEFinance #BusinessLending #BusinessFinanceEducation #SMEFinance #AscendLendingPartners",pending,pending,,,
