post_id,caption,short_caption
ALP-001,"A business line of credit isn't a lump-sum loan, it's a standing facility you can draw from, repay, and redraw as your business needs change. For businesses with seasonal cycles or unpredictable cash-flow timing, that flexibility can matter more than a one-off loan amount.

Interest is typically only charged on funds actually drawn, and approved limits can support both secured and unsecured structures depending on your circumstances.

Want to know if a line of credit suits how your business operates? Send us a message.

General information only. This does not constitute financial, legal, accounting or tax advice. Credit is subject to lender assessment, eligibility and approval criteria. Fees, charges, terms and conditions may apply.","Draw it when you need it. Repay it. Redraw it. A business line of credit gives your business standing access to working capital, subject to lender assessment. Learn more at the link in bio."
ALP-002,"New equipment usually means one of two choices: pay cash and tie up capital, or finance it and keep that capital working elsewhere.

Equipment finance can cover vehicles, machinery, medical equipment and technology, structured as a chattel mortgage, hire purchase or lease depending on how you plan to use and eventually own the asset. New and used equipment can both be considered, and terms are generally matched to how long the asset will remain productive.

Thinking about an equipment purchase? Let's talk about how it could be structured.

General information only. This does not constitute financial, legal, accounting or tax advice. Credit is subject to lender assessment, eligibility and approval criteria. Fees, charges, terms and conditions may apply.","Don't let a big equipment purchase drain your working capital. Structures like chattel mortgage, hire purchase and leasing can spread the cost, subject to lender assessment. Link in bio."
ALP-003,"Waiting 30, 60 or 90 days to get paid doesn't mean your cash flow has to wait too.

Invoice finance lets eligible B2B businesses access a percentage of an unpaid invoice's value ahead of the customer's payment date. It isn't a new loan, it's an advance against revenue you've already earned, and facilities can typically scale automatically as your invoicing grows.

It suits businesses that invoice other businesses on trade terms, with a reasonably consistent invoicing pattern and creditworthy customers.

Curious whether your invoicing pattern fits? Get in touch.

General information only. This does not constitute financial, legal, accounting or tax advice. Credit is subject to lender assessment, eligibility and approval criteria. Fees, charges, terms and conditions may apply.","Your invoices are already worth something, even before they're paid. Invoice finance can advance funds against outstanding B2B invoices, subject to lender assessment. Link in bio."
ALP-004,"A business loan isn't one product, it's a structure built around what your business actually needs, whether that's expansion, an acquisition, new equipment, or refinancing existing debt.

Ascend Lending Partners works across a panel of 60+ lenders, including banks, non-bank lenders and specialist financiers, to match secured or unsecured finance to your revenue, assets and goals.

Thinking about your next move? Let's talk about how it could be funded.

General information only. This does not constitute financial, legal, accounting or tax advice. Credit is subject to lender assessment, eligibility and approval criteria. Fees, charges, terms and conditions may apply.","Expansion, acquisition, equipment, refinance, a business loan can be structured around your specific purpose, subject to lender assessment. Link in bio."
ALP-005,"Not every business needs a seven-figure facility, sometimes it's stock before a busy season, covering payroll through a quiet month, or a marketing push to bring in new customers.

Small business loans are sized and structured for exactly that: flexible terms, multiple repayment frequencies, and lenders who assess smaller operations on their own merits rather than treating them like scaled-down corporate applicants.

Want to know what a facility sized for your business could look like? Get in touch.

General information only. This does not constitute financial, legal, accounting or tax advice. Credit is subject to lender assessment, eligibility and approval criteria. Fees, charges, terms and conditions may apply.","Stock, staffing, marketing, or a cash-flow gap, small business loans are sized for smaller operations, subject to lender assessment. Link in bio."
ALP-006,"Not every business owns property, and not every business wants to put it up as security even when they do.

Unsecured business loans are assessed on how the business performs, revenue, trading history and bank statement conduct, rather than what it owns. A personal guarantee from a director is still typically part of the structure, even without property involved.

Wondering if your business would be assessed on performance alone? Reach out.

General information only. This does not constitute financial, legal, accounting or tax advice. Credit is subject to lender assessment, eligibility and approval criteria. Fees, charges, terms and conditions may apply.","No property required, unsecured finance is assessed on business performance, subject to lender assessment and a personal guarantee. Link in bio."
ALP-007,"Offering security doesn't just reduce lender risk, depending on the asset and lender, it can also open the door to larger facilities, longer terms, and potentially sharper pricing than an equivalent unsecured loan.

Property, equipment and other business assets can all be considered, with loan-to-value ratios and documentation requirements varying by lender and asset type.

Curious what your assets could support? Let's talk it through.

General information only. This does not constitute financial, legal, accounting or tax advice. Credit is subject to lender assessment, eligibility and approval criteria. Fees, charges, terms and conditions may apply.","Property or assets can unlock larger, longer-term finance structures, subject to lender assessment and loan-to-value requirements. Link in bio."
ALP-008,"Low doc doesn't mean no doc, it means a different kind of evidence.

Instead of full accountant-prepared financials, lenders may accept recent bank statements, BAS lodgements or an accountant's declaration of income. It's built for self-employed borrowers, sole traders and newer businesses whose income is real but doesn't fit a standard employed-income template.

Not sure if your income evidence fits? Let's find out together.

General information only. This does not constitute financial, legal, accounting or tax advice. Credit is subject to lender assessment, eligibility and approval criteria. Fees, charges, terms and conditions may apply.","Low doc lending reduces paperwork, it doesn't remove the need for evidence of income. Subject to lender assessment. Link in bio."
ALP-009,"Complete financials take more effort to pull together, but they can also do more work for you.

With two or more years of accountant-prepared statements and tax returns, lenders have the confidence to offer larger amounts, longer terms and often sharper pricing than a low doc equivalent, though outcomes depend on your overall profile and the lender.

Have strong financials ready? Let's see what they could unlock.

General information only. This does not constitute financial, legal, accounting or tax advice. Credit is subject to lender assessment, eligibility and approval criteria. Fees, charges, terms and conditions may apply.","Complete financials can support larger amounts, longer terms and sharper pricing, subject to lender assessment. Link in bio."
ALP-010,"A profitable business can still hit a wall when expenses land before the revenue that covers them does.

Cashflow loans are short-term facilities structured around timing rather than assets, useful for seasonal dips, awaiting a large client payment, or a sudden spike in costs during a growth phase. They're built to be short-term, not a long-term commitment.

Feeling a timing squeeze right now? Let's talk about options.

General information only. This does not constitute financial, legal, accounting or tax advice. Credit is subject to lender assessment, eligibility and approval criteria. Fees, charges, terms and conditions may apply.","When expenses land before revenue does, a short-term cashflow facility may help bridge the gap, subject to lender assessment. Link in bio."
ALP-011,"Payroll doesn't wait for a slow month, and neither does rent.

Working capital loans are built to fund the everyday running of a business, stock, staffing, overheads, structured around your revenue cycle rather than tied to a single asset. Facilities can often be drawn as a lump sum or in tranches, and structured as revolving or term finance depending on what suits.

Want to see what a facility built around your cycle looks like? Get in touch.

General information only. This does not constitute financial, legal, accounting or tax advice. Credit is subject to lender assessment, eligibility and approval criteria. Fees, charges, terms and conditions may apply.","Payroll, stock, rent, overheads, working capital finance is structured around your revenue cycle, subject to lender assessment. Link in bio."
ALP-012,"Growing trade volume often runs into the same wall: suppliers want payment before shipment, but customers expect their usual payment terms.

Trade finance is built for that exact gap, funding the supplier side of the transaction through tools like purchase order finance or letters of credit, so working capital isn't the ceiling on how much you can trade.

Looking to grow import or export volume? Let's talk about structuring it.

General information only. This does not constitute financial, legal, accounting or tax advice. Credit is subject to lender assessment, eligibility and approval criteria. Fees, charges, terms and conditions may apply.","Supplier payment timing shouldn't cap your trade volume, trade finance can fund the gap, subject to lender assessment. Link in bio."
ALP-013,"ATO debt doesn't sit still, the general interest charge compounds daily, and rigid payment arrangements can add pressure on top of an already stretched cash flow.

ATO tax debt finance restructures the outstanding balance into a commercial loan: a lender clears the ATO debt, and your business repays the lender on agreed terms. This changes who you're repaying and how, it doesn't remove the underlying tax obligation, and we'd always encourage speaking with your accountant or tax adviser alongside this option.

Dealing with ATO debt right now? Let's talk about your options.

General information only. This does not constitute financial, legal, accounting or tax advice. Credit is subject to lender assessment, eligibility and approval criteria. Fees, charges, terms and conditions may apply.","ATO interest compounds daily. Restructuring tax debt into a commercial loan may offer more workable terms, subject to lender assessment. Seek independent tax advice. Link in bio."
ALP-014,"Some funding needs aren't ongoing, they're tied to a specific moment: a property settlement a few weeks out, a contract payment on its way, or a refinance already in motion.

Short-term business loans are built for exactly that window, with terms typically running from a few months up to around two years, rather than a long-term commitment you don't actually need.

Can you see the exit already? Let's talk about bridging the gap to it.

General information only. This does not constitute financial, legal, accounting or tax advice. Credit is subject to lender assessment, eligibility and approval criteria. Fees, charges, terms and conditions may apply.","A clear exit event, settlement, refinance, contract payment, is what short-term finance is built for, subject to lender assessment. Link in bio."
ALP-015,"Secured or unsecured isn't a question of good versus bad, it's a question of what your business has, what it needs, and how those trade-offs line up for your situation.

Secured lending can unlock larger amounts and longer terms by using property or assets as collateral. Unsecured lending trades some of that capacity for speed and flexibility, assessed on revenue and trading history instead.

General information only. This does not constitute financial, legal, accounting or tax advice. Credit is subject to lender assessment, eligibility and approval criteria. Fees, charges, terms and conditions may apply.","Secured vs unsecured isn't good vs bad, it's about matching structure to what you own and what you need. Subject to lender assessment. Link in bio."
ALP-016,"Full doc and low doc aren't a hierarchy of 'proper' versus 'lesser' lending, they're two different ways of demonstrating the same thing: that your business can service the loan.

Full doc uses complete financials to unlock potentially sharper terms. Low doc accepts alternative evidence like bank statements or BAS lodgements for businesses whose income doesn't fit a standard template, but it always still requires evidence of income.

General information only. This does not constitute financial, legal, accounting or tax advice. Credit is subject to lender assessment, eligibility and approval criteria. Fees, charges, terms and conditions may apply.","Low doc doesn't mean no doc, both paths require evidence of income, just different kinds. Subject to lender assessment. Link in bio."
ALP-017,"Not every funding need looks the same, and the right structure depends on the shape of that need.

A business loan gives you a fixed amount for a defined purpose, repaid on a set schedule. A line of credit gives you standing access to draw from, repay and redraw, useful when your capital needs move around rather than sitting still.

General information only. This does not constitute financial, legal, accounting or tax advice. Credit is subject to lender assessment, eligibility and approval criteria. Fees, charges, terms and conditions may apply.","One defined purpose or ongoing flexible access, the right structure depends on the shape of your funding need. Subject to lender assessment. Link in bio."
ALP-018,"These two products get used interchangeably in conversation, but they're built for different situations.

A cashflow loan addresses a specific, short-term timing gap, expenses landing before revenue does. A working capital loan is built for the ongoing, ordinary running of the business, often with more flexible structures for needs that don't have a single end date.

General information only. This does not constitute financial, legal, accounting or tax advice. Credit is subject to lender assessment, eligibility and approval criteria. Fees, charges, terms and conditions may apply.","Short-term timing gap or ongoing operational need, the two aren't interchangeable. Subject to lender assessment. Link in bio."
ALP-019,"If your cash-flow gap comes from waiting on customers rather than needing new capital altogether, the right tool might not be a loan at all.

A business loan is new debt assessed against overall revenue. Invoice finance advances money against invoices you've already issued, typically scaling with your invoicing activity rather than requiring a fresh application each time.

General information only. This does not constitute financial, legal, accounting or tax advice. Credit is subject to lender assessment, eligibility and approval criteria. Fees, charges, terms and conditions may apply.","Waiting on customer payments isn't the same problem as needing new debt, invoice finance and business loans solve different things. Link in bio."
ALP-020,"Buying equipment outright feels simple, but simple isn't always the same as efficient.

Paying cash avoids finance costs entirely but locks up capital that could otherwise fund operations, stock, or growth. Equipment finance spreads the cost across the asset's productive life, a trade-off worth weighing against what else that capital could be doing.

General information only. This does not constitute financial, legal, accounting or tax advice. Credit is subject to lender assessment, eligibility and approval criteria. Fees, charges, terms and conditions may apply.",Cash keeps it simple; financing keeps capital free for other priorities. Neither is automatically right. Link in bio.
ALP-021,"Buying a specific vehicle or machine is a different funding problem to funding your business more broadly, and the two products reflect that.

Asset finance is purpose-built around one item, often using that asset as its own security. A general business loan is more flexible in purpose but isn't tied to, or secured by, any single item.

General information only. This does not constitute financial, legal, accounting or tax advice. Credit is subject to lender assessment, eligibility and approval criteria. Fees, charges, terms and conditions may apply.","One specific asset or broader business needs, the right funding structure follows the purpose. Subject to lender assessment. Link in bio."
ALP-022,"A line of credit and a business credit card can feel similar, both revolve, both flex with use, but they're generally built for different scales of spending.

A line of credit tends to suit larger, less frequent draws, while a credit card is built for everyday transactions with short interest-free windows. Plenty of businesses use both, for different purposes.

General information only. This does not constitute financial, legal, accounting or tax advice. Credit is subject to lender assessment, eligibility and approval criteria. Fees, charges, terms and conditions may apply.","Bigger draws or everyday spending, a line of credit and a business card often work best side by side. Link in bio."
ALP-023,"Taking a long-term facility for a short-term need, or vice versa, is one of the more common structuring mistakes we see.

Short-term finance suits a defined, time-bound situation with a clear exit event. Long-term finance suits larger investments where spreading repayments over years makes more sense than compressing them into months.

General information only. This does not constitute financial, legal, accounting or tax advice. Credit is subject to lender assessment, eligibility and approval criteria. Fees, charges, terms and conditions may apply.","A short-term need doesn't need a long-term commitment, and vice versa, matching term to purpose matters. Link in bio."
ALP-024,"Most business owners default to their existing bank, without realising there's a much broader market of non-bank commercial lenders assessing businesses differently.

Banks often suit well-established businesses with complete financials and time to spare. Non-bank lenders can move faster and assess more flexibly, though the market varies widely lender to lender.

General information only. This does not constitute financial, legal, accounting or tax advice. Credit is subject to lender assessment, eligibility and approval criteria. Fees, charges, terms and conditions may apply.","Your bank isn't the only option, a broader non-bank lending market exists, often with faster or more flexible criteria. Link in bio."
ALP-025,"Fixed and variable rates each solve a different problem, and neither one is objectively superior.

A fixed rate offers certainty over the term, useful when you're budgeting tightly or expect rates to rise. A variable rate moves with the market, potentially rewarding you if rates fall, but with less predictability along the way.

General information only. This does not constitute financial, legal, accounting or tax advice. Credit is subject to lender assessment, eligibility and approval criteria. Fees, charges, terms and conditions may apply.","Certainty or flexibility, fixed and variable rates each suit a different appetite for risk. Subject to lender assessment. Link in bio."
ALP-026,"Interest-only repayments can look appealing on paper, but the trade-off is real: the principal doesn't reduce during that period, and it still needs to be repaid eventually.

Principal and interest repayments cost more per month but reduce your balance from day one. Interest-only can ease short-term cash flow, provided there's a clear plan for the principal once that period ends.

General information only. This does not constitute financial, legal, accounting or tax advice. Credit is subject to lender assessment, eligibility and approval criteria. Fees, charges, terms and conditions may apply.","Lower repayments now can mean a bigger balance later, interest-only needs a clear repayment plan. Subject to lender assessment. Link in bio."
ALP-027,"An overdraft is simple and familiar, but it's also fixed, the limit doesn't move just because your invoicing volume does.

Invoice finance is built to scale with your sales, advancing funds against invoices you've already issued rather than sitting at a static limit. For B2B businesses on 30-90 day terms, that difference can matter as volume grows.

General information only. This does not constitute financial, legal, accounting or tax advice. Credit is subject to lender assessment, eligibility and approval criteria. Fees, charges, terms and conditions may apply.","A fixed overdraft limit doesn't grow with your invoicing, invoice finance is built to scale alongside it. Link in bio."
ALP-028,"If your funding need is about paying an overseas supplier before a shipment arrives, that's a different problem to funding payroll during a quiet month.

Trade finance is purpose-built around the trade cycle, supplier payment through to customer payment. Working capital finance is broader, covering the general operating costs of the business without being tied to any single transaction.

General information only. This does not constitute financial, legal, accounting or tax advice. Credit is subject to lender assessment, eligibility and approval criteria. Fees, charges, terms and conditions may apply.","A specific shipment or a broader operational need, trade finance and working capital solve different problems. Link in bio."
ALP-029,"Adding a new loan on top of existing ones isn't always the answer, sometimes restructuring what's already there does more for your business.

Refinancing replaces existing debt with new terms, potentially consolidating multiple facilities into one simplified repayment. An additional loan keeps everything separate, which can suit a genuinely new and distinct need but adds another facility to manage.

General information only. This does not constitute financial, legal, accounting or tax advice. Credit is subject to lender assessment, eligibility and approval criteria. Fees, charges, terms and conditions may apply.","Before taking on more debt, it's worth asking whether refinancing what you already have makes more sense. Subject to lender assessment. Link in bio."
ALP-030,"Working capital isn't the same as profit, it's the cash you have on hand to keep the lights on, stock shelves and staff paid while you wait for customers to pay you.

Many businesses are profitable on paper but still feel squeezed month to month because their working capital cycle is longer than their bill cycle. Recognising the difference is the first step toward managing it, whether that's tightening collection terms, adjusting stock levels, or bringing in short-term finance to bridge the gap.

General information only. This does not constitute financial, legal, accounting or tax advice. Credit is subject to lender assessment, eligibility and approval criteria. Fees, charges, terms and conditions may apply.","Working capital = the cash you need to run your business day to day, separate from profit."
ALP-031,"Revenue on paper and cash in the bank are two different things. Cash flow measures the actual timing of money moving in and out of your business, and it's timing, not total revenue, that determines whether you can pay this week's wages or next month's rent.

Understanding your cash flow cycle, how long it takes to get paid versus how quickly your own bills fall due, helps you spot pressure points early and plan around them, rather than reacting under stress.

General information only. This does not constitute financial, legal, accounting or tax advice. Credit is subject to lender assessment, eligibility and approval criteria. Fees, charges, terms and conditions may apply.","Cash flow is about timing, not just total revenue, here's why the difference matters."
ALP-032,"Unlike a term loan, a line of credit isn't a single lump sum, it's an ongoing facility you draw on, repay, and draw on again as circumstances change.

That structure suits businesses whose funding needs shift throughout the year, rather than businesses with one clearly defined, one-off cost. Understanding how draw-downs and repayments interact with your limit is key to using the facility well.

General information only. This does not constitute financial, legal, accounting or tax advice. Credit is subject to lender assessment, eligibility and approval criteria. Fees, charges, terms and conditions may apply.","A line of credit gives you standing access to funds, here's how the mechanics actually work."
ALP-033,"The mechanics are simpler than they sound: you issue an invoice as normal, the lender advances a percentage of its value up front, and the remainder is paid to you (minus fees) once your customer settles the invoice.

It's a facility built around your debtor book rather than your assets, which makes it particularly relevant for businesses whose biggest cash-flow drag is simply waiting to get paid on trading terms.

General information only. This does not constitute financial, legal, accounting or tax advice. Credit is subject to lender assessment, eligibility and approval criteria. Fees, charges, terms and conditions may apply.",Here's exactly how invoice finance turns unpaid invoices into available cash.
ALP-034,"Rather than paying cash for a vehicle, machine or piece of technology, equipment finance spreads the cost over time, with the asset itself typically standing as security for the facility.

Structures vary: some agreements are set up so you fully own the asset at the end, others include a balloon or residual payment to lower regular repayments. The right structure depends on how the asset will be used and how long you plan to keep it.

General information only. This does not constitute financial, legal, accounting or tax advice. Credit is subject to lender assessment, eligibility and approval criteria. Fees, charges, terms and conditions may apply.","Equipment finance explained, how repayments, security and terms fit together."
ALP-035,"""Low doc"" doesn't mean no assessment, it means the lender accepts a different form of evidence in place of full tax returns and financial statements, which suits many self-employed business owners whose paperwork doesn't tell the full story of current trading.

Bank statements, BAS lodgements or an accountant's letter are common substitutes. The trade-off is usually in pricing or facility size, so it's worth understanding both sides before applying.

General information only. This does not constitute financial, legal, accounting or tax advice. Credit is subject to lender assessment, eligibility and approval criteria. Fees, charges, terms and conditions may apply.","Low doc lending, explained, what it actually requires and who it suits."
ALP-036,"Full doc lending is the more traditional path, tax returns, financial statements and supporting records go to the lender so they can form a complete view of your business's financial position.

It generally takes more preparation than a low doc application, but for established businesses with up-to-date records, it can open the door to larger facilities or more competitive pricing.

General information only. This does not constitute financial, legal, accounting or tax advice. Credit is subject to lender assessment, eligibility and approval criteria. Fees, charges, terms and conditions may apply.","What full doc lending actually requires, and why it can widen your options."
ALP-037,"""Unsecured"" simply means no single asset is pledged against the loan, it doesn't mean there's no risk or no assessment involved. Lenders lean more heavily on trading history and cash flow, and a personal guarantee from directors is common.

The trade-off for that flexibility is usually a higher rate or a smaller facility size compared to secured lending, so it pays to weigh both paths against your business's situation.

General information only. This does not constitute financial, legal, accounting or tax advice. Credit is subject to lender assessment, eligibility and approval criteria. Fees, charges, terms and conditions may apply.","Unsecured finance doesn't mean no assessment, here's what it actually means."
ALP-038,"Security simply means a specific asset stands behind the loan, if the facility isn't repaid as agreed, the lender has recourse to that asset. In exchange for that reduced risk, secured lending can often support larger amounts or better pricing than an unsecured facility.

The right choice comes down to what assets you're willing to put forward and how that trade-off weighs against the terms on offer.

General information only. This does not constitute financial, legal, accounting or tax advice. Credit is subject to lender assessment, eligibility and approval criteria. Fees, charges, terms and conditions may apply.","Secured lending explained, what standing an asset behind your loan actually changes."
ALP-039,"Private credit sits outside the traditional bank system, it's finance provided by private funds and specialist non-bank lenders, who often apply different assessment criteria and can move more quickly than a conventional bank process.

It's become a significant part of how Australian businesses access finance, particularly where bank lending doesn't fit the business's situation or timeline.

General information only. This does not constitute financial, legal, accounting or tax advice. Credit is subject to lender assessment, eligibility and approval criteria. Fees, charges, terms and conditions may apply.","Private credit, explained, how non-bank lending fits into business finance."
ALP-040,"A personal guarantee means that if the business can't meet its repayments, the director who signed the guarantee can be personally pursued for the debt. It's a standard feature of many business lending agreements, particularly for unsecured facilities or younger businesses without a long trading history.

Guarantees can be limited to a set amount or unlimited, so understanding exactly what you're agreeing to, and seeking independent legal advice if needed, matters before signing.

General information only. This does not constitute financial, legal, accounting or tax advice. Credit is subject to lender assessment, eligibility and approval criteria. Fees, charges, terms and conditions may apply.","What a personal guarantee actually commits you to, in plain English."
ALP-041,"Security is simply the asset a lender can claim if a loan isn't repaid, it's what makes a secured facility different from an unsecured one, and it's a key factor in the terms a lender will offer.

Understanding what's being offered as security, and what happens if repayments fall behind, is essential before entering any secured lending arrangement.

General information only. This does not constitute financial, legal, accounting or tax advice. Credit is subject to lender assessment, eligibility and approval criteria. Fees, charges, terms and conditions may apply.","Loan security, explained, what it means for your business and your assets."
ALP-042,"Rather than securing a loan against one asset, a General Security Agreement gives the lender a registered interest across the company's assets as a whole. It's registered on the PPSR, which establishes the lender's priority relative to other creditors.

GSAs are a routine part of many business term loans, but it's worth understanding how one interacts with any other security already in place before agreeing to it.

General information only. This does not constitute financial, legal, accounting or tax advice. Credit is subject to lender assessment, eligibility and approval criteria. Fees, charges, terms and conditions may apply.","General Security Agreements explained, what a GSA covers and why it's used."
ALP-043,"Serviceability answers one core question for a lender: after accounting for expenses and existing debt, can this business realistically afford the proposed repayments? It's assessed alongside security, not instead of it.

Because lenders often build in a buffer above current interest rates, and weigh seasonal or irregular income carefully, presenting clear and current financial information can make a real difference to how an application is assessed.

General information only. This does not constitute financial, legal, accounting or tax advice. Credit is subject to lender assessment, eligibility and approval criteria. Fees, charges, terms and conditions may apply.","What serviceability actually means, and why lenders weigh it so heavily."
ALP-044,"Refinancing isn't about taking on more debt, it's about replacing what you already have with a facility that better suits where your business is now. That might mean a lower rate, a longer term, or consolidating several debts into one manageable repayment.

Before refinancing, it's worth weighing any exit costs on the existing facility against the new establishment fees and the actual savings on offer, so the total cost, not just the headline rate, guides the decision.

General information only. This does not constitute financial, legal, accounting or tax advice. Credit is subject to lender assessment, eligibility and approval criteria. Fees, charges, terms and conditions may apply.","Refinancing explained, when replacing your existing loan can make sense."
ALP-045,"A balloon or residual payment reduces what you pay along the way by pushing a portion of the asset's cost to a single payment at the end of the term. It can make monthly repayments more manageable, particularly for assets that hold their value well.

The trade-off is that the balloon amount still needs to be dealt with, paid out, refinanced, or covered by trading in the asset, so it's worth planning for that outcome from the start rather than leaving it to the end of the term.

General information only. This does not constitute financial, legal, accounting or tax advice. Credit is subject to lender assessment, eligibility and approval criteria. Fees, charges, terms and conditions may apply.","Balloon payments, explained, how they lower repayments and what happens at the end."
ALP-046,"An establishment fee covers the lender's cost of setting up your facility, assessing the application, preparing documentation and finalising the agreement. It's typically a one-off charge, separate from any ongoing fees or interest.

Because establishment fees vary between lenders and facility types, they're worth factoring into any comparison, a slightly lower rate can be offset by a higher upfront fee, so the total cost of the facility matters more than any single number.

General information only. This does not constitute financial, legal, accounting or tax advice. Credit is subject to lender assessment, eligibility and approval criteria. Fees, charges, terms and conditions may apply.","Establishment fees explained, what they cover and why they matter when comparing offers."
ALP-047,"If you're planning to pay off a business loan ahead of schedule, whether from a cash windfall or a refinance, it's worth checking whether an early repayment fee applies. These fees exist to cover the lender's loss of expected interest income, and they're more common on fixed-rate facilities.

Not every loan includes one, and some allow a certain amount of early repayment without charge, so reading the agreement, or asking directly, avoids surprises.

General information only. This does not constitute financial, legal, accounting or tax advice. Credit is subject to lender assessment, eligibility and approval criteria. Fees, charges, terms and conditions may apply.","Early repayment fees explained, what they are and when they can catch you out."
ALP-048,"Loan term is one of the biggest levers affecting how a facility feels day to day. A shorter term clears the debt faster and costs less in total interest, but the repayments are higher. A longer term eases monthly cash flow but adds to the total cost over time.

There's no universally ""right"" term, it depends on what the funds are being used for and how the business's cash flow is likely to look across that period.

General information only. This does not constitute financial, legal, accounting or tax advice. Credit is subject to lender assessment, eligibility and approval criteria. Fees, charges, terms and conditions may apply.",How loan term length changes your repayments and total cost.
ALP-049,"A credit limit sets the maximum balance you can draw against a revolving facility at any point in time, it's set by the lender based on their assessment of your business, not simply the amount you ask for.

Because the limit itself stays fixed while your available balance moves as you draw down and repay, understanding the difference between the two helps you plan how much headroom you actually have at any given time.

General information only. This does not constitute financial, legal, accounting or tax advice. Credit is subject to lender assessment, eligibility and approval criteria. Fees, charges, terms and conditions may apply.","Credit limits explained, how the ceiling on a revolving facility actually works."
ALP-050,"Every lender asks for slightly different documentation, but a few things come up again and again: proof of identity, business registration details, and some form of financial evidence.

Getting these together before you apply, rather than scrambling once an application is underway, is one of the simplest ways to keep the process moving.

General information only. This does not constitute financial, legal, accounting or tax advice. Credit is subject to lender assessment, eligibility and approval criteria. Fees, charges, terms and conditions may apply.",The core documents most business finance applications ask for.
ALP-051,"There's no shortcut to approval, but there are steps that genuinely help: current financials, a clear purpose for the funds, and a track record of managing debt responsibly all reduce the perceived risk a lender is assessing.

It's also worth being selective about where you apply, a broker who understands different lenders' criteria can help direct your application toward the right fit, rather than applying broadly and hoping.

General information only. This does not constitute financial, legal, accounting or tax advice. Credit is subject to lender assessment, eligibility and approval criteria. Fees, charges, terms and conditions may apply.","Practical, honest steps that can strengthen a business loan application."
ALP-052,"It's a common assumption that every loan application needs a formal business plan, in practice, many established businesses are assessed primarily on trading history and financials instead.

Where a plan does help is for start-ups without trading history, or for larger and more complex facilities, where lenders want to see a clear picture of how funds will be used and repaid.

General information only. This does not constitute financial, legal, accounting or tax advice. Credit is subject to lender assessment, eligibility and approval criteria. Fees, charges, terms and conditions may apply.","When a formal business plan actually matters for a finance application, and when it doesn't."
ALP-053,"Without years of trading history, lenders lean on other signals, the director's personal credit history, relevant industry experience, and whatever security can be offered, to form a view of risk.

Not every lender is set up to assess new businesses, which is where knowing which lenders specialise in this space can make a real difference to your options.

General information only. This does not constitute financial, legal, accounting or tax advice. Credit is subject to lender assessment, eligibility and approval criteria. Fees, charges, terms and conditions may apply.",How lenders weigh up a business without years of trading history behind it.
ALP-054,"A credit file is essentially a track record, how you've managed credit in the past, including repayment history, defaults, and recent enquiries. For business lending, both the business's and the director's personal credit files can come into play, especially where a personal guarantee is involved.

It's worth reviewing your own file before applying so there are no surprises, and correcting anything inaccurate ahead of time.

General information only. This does not constitute financial, legal, accounting or tax advice. Credit is subject to lender assessment, eligibility and approval criteria. Fees, charges, terms and conditions may apply.","What's actually in a credit file, and why lenders pay attention to it."
ALP-055,"Lenders are trying to build an accurate, current picture of your business, the easier you make that, the faster and smoother assessment tends to go. Reconciled accounts, current BAS lodgements, and a clean separation between business and personal spending all help.

If your books have fallen behind, it's worth investing a little time (or your accountant's time) tidying them up before you apply, rather than after.

General information only. This does not constitute financial, legal, accounting or tax advice. Credit is subject to lender assessment, eligibility and approval criteria. Fees, charges, terms and conditions may apply.",Simple steps to get your financials application-ready before you apply.
ALP-056,"Your ABN is more than a registration number, it's one of the first things a lender looks at to confirm your business is real, active, and trading. How long it's been registered often factors into which lenders and products you're eligible for.

If you've recently registered, that doesn't rule out finance, it just means certain lenders who specialise in newer businesses may be a better fit than others.

General information only. This does not constitute financial, legal, accounting or tax advice. Credit is subject to lender assessment, eligibility and approval criteria. Fees, charges, terms and conditions may apply.",Why your ABN matters more than you might think when applying for finance.
ALP-057,"""How long do I need to be trading?"" is one of the most common questions we hear, and the honest answer is that it depends entirely on the lender. Some require two years of history, others will consider a business just months old, especially where security or director experience helps offset the shorter track record.

Rather than assuming you're too early, it's worth checking what's actually available at your stage.

General information only. This does not constitute financial, legal, accounting or tax advice. Credit is subject to lender assessment, eligibility and approval criteria. Fees, charges, terms and conditions may apply.","""How long do I need to be trading?"", the honest answer, explained."
ALP-058,"Bank statements are one of the most revealing documents in a loan application, they show, in real time, how the business actually operates rather than how it looks on paper. Lenders are typically scanning for consistency, signs of financial stress, and how existing commitments are being managed.

It's worth reviewing your own statements before applying, so you can explain any unusual activity upfront rather than leaving a lender to guess.

General information only. This does not constitute financial, legal, accounting or tax advice. Credit is subject to lender assessment, eligibility and approval criteria. Fees, charges, terms and conditions may apply.",What lenders are actually looking for when they review your bank statements.
ALP-059,"It's easy to fixate on a specific product name, but the better starting point is the problem you're actually solving. A short-term cash gap, a new piece of equipment, and a growth opportunity all call for different structures, and sometimes a combination.

A broker's role is largely this: translating your actual need into the right type of facility, rather than fitting your situation to whatever product is top of mind.

General information only. This does not constitute financial, legal, accounting or tax advice. Credit is subject to lender assessment, eligibility and approval criteria. Fees, charges, terms and conditions may apply.",How to think about choosing the right finance product for your situation.
ALP-060,"Behind the scenes, most lenders move through a similar sequence: verifying who you are and what your business is, checking credit history, and assessing whether the numbers support the amount requested.

Being ready to respond quickly if a lender asks for additional information is one of the simplest ways to keep an assessment moving rather than stalling.

General information only. This does not constitute financial, legal, accounting or tax advice. Credit is subject to lender assessment, eligibility and approval criteria. Fees, charges, terms and conditions may apply.",A behind-the-scenes look at what a lender actually does during assessment.
ALP-061,"It's tempting to round up ""just in case"" or round down to keep repayments low, but both instincts can work against you. The better approach is costing the actual goal precisely, adding a sensible buffer, and checking that the resulting repayments genuinely fit your cash flow.

A lender's serviceability assessment will ultimately set the ceiling, but starting from a well-reasoned number puts you in a stronger position from the outset.

General information only. This does not constitute financial, legal, accounting or tax advice. Credit is subject to lender assessment, eligibility and approval criteria. Fees, charges, terms and conditions may apply.",A practical way to work out how much finance you actually need.
ALP-062,"Rather than researching and approaching lenders one at a time, a broker does that legwork for you, understanding your situation, then comparing it against a panel of lenders to find a genuine fit.

It's worth asking any broker how they're remunerated and what their process looks like, so you know exactly what you're getting from the relationship.

General information only. This does not constitute financial, legal, accounting or tax advice. Credit is subject to lender assessment, eligibility and approval criteria. Fees, charges, terms and conditions may apply.","What a finance broker actually does, and how that can work in your favour."
ALP-063,"The same handful of issues cause most delays: paperwork that's incomplete or out of date, a requested amount that doesn't line up with what the numbers can support, or unexplained activity sitting in bank statements.

None of these are complicated to avoid, they just take a bit of preparation and, ideally, a second set of eyes before the application goes in.

General information only. This does not constitute financial, legal, accounting or tax advice. Credit is subject to lender assessment, eligibility and approval criteria. Fees, charges, terms and conditions may apply.",The avoidable mistakes that slow down most business loan applications.
ALP-064,"Getting approved is a genuine milestone, but it's not quite the end of the process, there's usually a settlement stage involving final documentation, any outstanding conditions, and security registration where relevant.

Knowing this upfront helps you plan realistically around when funds will actually be available, rather than assuming approval and access happen on the same day.

General information only. This does not constitute financial, legal, accounting or tax advice. Credit is subject to lender assessment, eligibility and approval criteria. Fees, charges, terms and conditions may apply.",What actually happens between loan approval and funds landing in your account.
ALP-065,"A cash-flow squeeze can feel alarming, but it's one of the most common challenges business owners face, and it doesn't necessarily reflect the underlying health of the business. Growth, seasonality and payment timing all create pressure that has nothing to do with profitability.

What matters is recognising the pattern early and having a plan, whether that's tightening collection terms or using short-term finance to bridge a gap.

General information only. This does not constitute financial, legal, accounting or tax advice. Credit is subject to lender assessment, eligibility and approval criteria. Fees, charges, terms and conditions may apply.","Why cash-flow pressure is common, and not automatically a warning sign."
ALP-066,"If your business has a predictable quiet season, the cash-flow gap it creates is predictable too, which means it can be planned for rather than reacted to. Building a buffer during peak months and having a flexible facility on standby for the slower ones is often more effective than scrambling once trade drops off.

The key is arranging that flexibility ahead of the quiet period, not during it.

General information only. This does not constitute financial, legal, accounting or tax advice. Credit is subject to lender assessment, eligibility and approval criteria. Fees, charges, terms and conditions may apply.",Practical ways seasonal businesses can plan for predictable cash-flow gaps.
ALP-067,"""Cash flow problems"" is a broad label for a handful of specific, common causes, customers paying late, payment terms that don't line up with your own bills, growth that's outpacing available cash, or simply not having clear visibility over the numbers.

Pinpointing which of these is actually driving the pressure in your business makes it much easier to choose the right fix, rather than applying a generic solution.

General information only. This does not constitute financial, legal, accounting or tax advice. Credit is subject to lender assessment, eligibility and approval criteria. Fees, charges, terms and conditions may apply.",The handful of causes behind most small business cash-flow problems.
ALP-068,"The value of a cash flow forecast isn't perfect accuracy, it's early warning. A well-maintained forecast shows roughly when a shortfall might occur, giving you weeks rather than days to plan around it, whether that's adjusting spending or arranging finance ahead of time.

Even a simple spreadsheet, updated regularly, beats no forecast at all.

General information only. This does not constitute financial, legal, accounting or tax advice. Credit is subject to lender assessment, eligibility and approval criteria. Fees, charges, terms and conditions may apply.",How to actually use a cash flow forecast to stay ahead of problems.
ALP-069,"A cash flow gap is purely about timing, the days or weeks where bills fall due before customer payments land. It's different to a business that's structurally losing money, and it's exactly what short-term finance is designed to address.

The key is being clear-eyed about which situation you're actually in, since a timing gap and an ongoing shortfall call for very different responses.

General information only. This does not constitute financial, legal, accounting or tax advice. Credit is subject to lender assessment, eligibility and approval criteria. Fees, charges, terms and conditions may apply.","What a cash flow gap actually is, and when finance is the right tool to bridge it."
ALP-070,"Late payment is one of the most common, and most disruptive, cash-flow issues small businesses face. A single overdue invoice can delay your own supplier payments, and when several customers pay late at once, the effect compounds quickly.

Clear terms and consistent follow-up help, but they don't remove the timing risk entirely, which is where tools like invoice finance can reduce your reliance on customers paying exactly on time.

General information only. This does not constitute financial, legal, accounting or tax advice. Credit is subject to lender assessment, eligibility and approval criteria. Fees, charges, terms and conditions may apply.",Why one late-paying customer can affect more than just one invoice.
ALP-071,"The businesses that weather a bad month calmly are usually the ones with a buffer already in place, either cash reserves or a standby facility they can draw on without a fresh application.

Building that buffer doesn't require a windfall; consistent small allocations over time, or arranging a revolving facility ahead of need, both achieve the same protection.

General information only. This does not constitute financial, legal, accounting or tax advice. Credit is subject to lender assessment, eligibility and approval criteria. Fees, charges, terms and conditions may apply.",How a cash flow buffer can turn a bad month into a non-event.
ALP-072,"The cash conversion cycle is a simple way to see where your money is tied up, how long stock sits before it sells, plus how long it takes customers to pay once it does. Businesses with long cycles often feel cash-flow pressure even while trading profitably.

Shortening either side of the cycle, faster stock turnover or faster collections, eases that pressure, and finance can help cover the gap while those improvements take hold.

General information only. This does not constitute financial, legal, accounting or tax advice. Credit is subject to lender assessment, eligibility and approval criteria. Fees, charges, terms and conditions may apply.","The cash conversion cycle, explained, and why a shorter one eases pressure."
ALP-073,"Because BAS and tax obligations land on fixed dates no matter how trading is going, they're one of the most predictable, and most commonly underestimated, sources of cash-flow pressure. GST collected during the quarter can feel like revenue if it isn't set aside deliberately.

If you do fall behind, specialist finance exists specifically to address ATO debt, rather than treating it the same as any other cash shortfall.

General information only. This does not constitute financial, legal, accounting or tax advice. Credit is subject to lender assessment, eligibility and approval criteria. Fees, charges, terms and conditions may apply.","Why tax time is often when cash-flow pressure shows up most, and how to plan for it."
ALP-074,"It's a genuinely common and confusing experience: the numbers say the business is profitable, yet the bank account tells a tighter story. The gap comes from timing, profit is recognised when a sale is made, not when the cash actually lands, and growth spending often happens well ahead of the return.

Recognising this distinction is what allows a genuinely healthy business to use short-term finance strategically, rather than seeing it as a sign of trouble.

General information only. This does not constitute financial, legal, accounting or tax advice. Credit is subject to lender assessment, eligibility and approval criteria. Fees, charges, terms and conditions may apply.","Why a profitable business can still run short on cash, and what to do about it."
ALP-075,"You don't need sophisticated software to forecast the next quarter, a simple month-by-month list of expected income and expenses, built on realistic assumptions, is usually enough to reveal whether a shortfall is coming.

The real value comes from acting on what the forecast shows, deciding ahead of time how you'd respond if the lowest point looks tighter than you'd like.

General information only. This does not constitute financial, legal, accounting or tax advice. Credit is subject to lender assessment, eligibility and approval criteria. Fees, charges, terms and conditions may apply.","A simple way to forecast your next quarter's cash flow, no spreadsheet expertise required."
ALP-076,"A missed supplier payment rarely stays contained to that single invoice, it can affect the relationship, put future supply at risk, and sometimes lead to less favourable terms going forward.

If a payment is at risk of being missed, communicating with the supplier early tends to lead to a better outcome than going quiet, and short-term finance can sometimes prevent the situation altogether.

General information only. This does not constitute financial, legal, accounting or tax advice. Credit is subject to lender assessment, eligibility and approval criteria. Fees, charges, terms and conditions may apply.","The real cost of a missed supplier payment, and how to avoid it."
ALP-077,"It's easy to focus on chasing overdue invoices, but the terms themselves are often the bigger lever, if you're offering 30-day terms while your own suppliers expect payment in seven, that gap exists regardless of how promptly customers pay within their terms.

Reviewing both sides of your payment terms is often the first, cheapest step before looking at finance to cover the gap.

General information only. This does not constitute financial, legal, accounting or tax advice. Credit is subject to lender assessment, eligibility and approval criteria. Fees, charges, terms and conditions may apply.","How the terms you offer and receive shape your cash flow, often more than late payments do."
ALP-078,"Growth is one of the most common, and most avoidable, causes of a sudden cash squeeze, simply because new costs usually land well before the new revenue they're meant to generate does.

Forecasting that gap specifically, and arranging finance to fund it deliberately ahead of time, turns a growth phase into a planned investment rather than a scramble.

General information only. This does not constitute financial, legal, accounting or tax advice. Credit is subject to lender assessment, eligibility and approval criteria. Fees, charges, terms and conditions may apply.","Why growth strains cash flow before it rewards it, and how to plan around that."
ALP-079,"Short-term finance genuinely helps when the issue is timing, a gap between a cost you've incurred and the revenue that will follow it. It's a much weaker fit when cash pressure is a symptom of a deeper, ongoing issue, like pricing that doesn't cover costs.

Being honest about which situation you're actually in leads to a better decision than reaching for finance as a default response to any cash pressure.

General information only. This does not constitute financial, legal, accounting or tax advice. Credit is subject to lender assessment, eligibility and approval criteria. Fees, charges, terms and conditions may apply.","An honest look at when short-term finance helps cash flow, and when it doesn't."
ALP-080,"There's a real difference between finance used to plug a gap and finance used to fund growth, the second is a deliberate bet on a return you can articulate, whether that's a new location, more stock, or additional capacity.

Approached this way, growth finance is a strategic tool, not a last resort, and lenders often respond well to a clear, well-reasoned growth case.

General information only. This does not constitute financial, legal, accounting or tax advice. Credit is subject to lender assessment, eligibility and approval criteria. Fees, charges, terms and conditions may apply.","Why growth finance is a strategic decision, not a reactive one."
ALP-081,"There's no universal green light for expansion, but there are useful signals: demand that's consistently outpacing capacity, cash flow that's already stable rather than stretched, and a clear picture of what the expansion will actually cost.

Expanding to solve an existing cash-flow problem rarely works, the better sequence is stabilising first, then expanding from a position of strength.

General information only. This does not constitute financial, legal, accounting or tax advice. Credit is subject to lender assessment, eligibility and approval criteria. Fees, charges, terms and conditions may apply.",Signals worth weighing before committing to a business expansion.
ALP-082,"A new location usually involves more than one type of cost, the property itself, plus the fit-out that gets it trading-ready, and the finance can be structured to reflect that, rather than forcing everything into a single facility.

Getting this right from the start, with timing that matches your opening date, avoids cash-flow pressure in the critical ramp-up period.

General information only. This does not constitute financial, legal, accounting or tax advice. Credit is subject to lender assessment, eligibility and approval criteria. Fees, charges, terms and conditions may apply.","How financing a new premises typically comes together, from purchase to fit-out."
ALP-083,"A bigger marketing push often needs bigger upfront spend before the return shows up, which is exactly the kind of timing gap finance is suited to. Funding it separately, rather than draining working capital, keeps the rest of the business running normally while the campaign plays out.

The key is sizing the facility to a specific, considered campaign, not an open-ended spend.

General information only. This does not constitute financial, legal, accounting or tax advice. Credit is subject to lender assessment, eligibility and approval criteria. Fees, charges, terms and conditions may apply.",How to fund a marketing investment without straining everyday cash flow.
ALP-084,"Waiting until cash flow ""allows"" for a new hire can mean missing the window a role was actually meant to address, a busy season, a new contract, or a growth opportunity that needs capacity now, not later.

Working capital finance exists precisely for this kind of timing gap, letting hiring decisions be made on need rather than on what's currently sitting in the account.

General information only. This does not constitute financial, legal, accounting or tax advice. Credit is subject to lender assessment, eligibility and approval criteria. Fees, charges, terms and conditions may apply.","How to fund hiring ahead of demand, without waiting on cash flow to catch up."
ALP-085,"Scaling up often comes down to physical capacity, another machine, an upgraded line, more vehicles, and equipment finance lets that investment happen without tying up cash that's needed elsewhere in the business.

Structured well, with repayments aligned to the asset's useful life, the cost of scaling tracks the additional output it enables.

General information only. This does not constitute financial, legal, accounting or tax advice. Credit is subject to lender assessment, eligibility and approval criteria. Fees, charges, terms and conditions may apply.",How equipment finance can fund the next stage of production capacity.
ALP-086,"A supplier discount on a larger order can be genuinely valuable, but only if the cash tied up in extra stock doesn't create pressure elsewhere. Short-term finance lets you capture the saving while spreading the cost across the time it takes to sell through the stock.

The maths only works if the discount outweighs the cost of finance, so it's worth running the numbers before committing to the larger order.

General information only. This does not constitute financial, legal, accounting or tax advice. Credit is subject to lender assessment, eligibility and approval criteria. Fees, charges, terms and conditions may apply.",How to fund a bulk stock purchase without tying up all your working capital.
ALP-087,"Buying an existing business is a different scale of decision to everyday business lending, it involves understanding someone else's financials as closely as your own, and structuring finance around a purchase price rather than a single, well-defined need.

Because these deals typically take longer and involve more moving parts, starting the finance conversation early, well before a purchase agreement is signed, gives everyone more room to get the structure right.

General information only. This does not constitute financial, legal, accounting or tax advice. Credit is subject to lender assessment, eligibility and approval criteria. Fees, charges, terms and conditions may apply.",What makes financing a business acquisition different from everyday business lending.
ALP-088,"Outdated systems can quietly cost more in inefficiency than a well-timed upgrade would in finance repayments, but the upfront cost of hardware, software or a full platform change can still be a real barrier.

Financing the upgrade spreads that cost across the period you'll actually benefit from it, which is often a more sensible match than paying it all at once.

General information only. This does not constitute financial, legal, accounting or tax advice. Credit is subject to lender assessment, eligibility and approval criteria. Fees, charges, terms and conditions may apply.",How to fund a technology or systems upgrade without a large upfront hit.
ALP-089,"It's tempting to fund every opportunity at once, but growth that outpaces your systems, staff or serviceability tends to create its own problems, even when each individual decision looked sound on paper.

Pacing growth deliberately, and being selective about which opportunities to fund now versus later, generally leads to a more resilient outcome than growing as fast as finance alone would allow.

General information only. This does not constitute financial, legal, accounting or tax advice. Credit is subject to lender assessment, eligibility and approval criteria. Fees, charges, terms and conditions may apply.",Why pacing growth against your actual capacity matters as much as the finance itself.
ALP-090,"Landing a significant new contract is exciting, but delivering on it often means spending on staff, materials or equipment well before the first invoice is paid, a timing gap that can catch a business off guard if it isn't planned for.

Working capital finance, sized to the specific contract, can cover that delivery phase so the win doesn't become a cash-flow risk.

General information only. This does not constitute financial, legal, accounting or tax advice. Credit is subject to lender assessment, eligibility and approval criteria. Fees, charges, terms and conditions may apply.","How to fund the delivery phase of a big new contract, before the payments start."
ALP-091,"Exporting adds a layer of timing complexity that domestic trade usually doesn't, longer shipping times, international payment cycles, and sometimes currency considerations on top. Trade finance exists specifically to fund that gap, from production through to when an overseas customer actually pays.

Working with a lender who understands these cycles can make the difference between export growth being smooth or straining the business.

General information only. This does not constitute financial, legal, accounting or tax advice. Credit is subject to lender assessment, eligibility and approval criteria. Fees, charges, terms and conditions may apply.",How trade finance supports the specific cash-flow rhythm of export growth.
ALP-092,"One of the most common frustrations in business is spotting a great opportunity and then losing precious time to a finance application, because assessment simply takes time, no matter how strong the case.

The fix is sequencing: having a facility already arranged or pre-assessed, so that when the right opportunity appears, the finance side isn't the bottleneck.

General information only. This does not constitute financial, legal, accounting or tax advice. Credit is subject to lender assessment, eligibility and approval criteria. Fees, charges, terms and conditions may apply.",Why timing your finance ahead of an opportunity matters as much as the opportunity itself.
ALP-093,"Most businesses end up with finance decisions made one at a time, each in response to whatever pressure or opportunity is immediate. A more deliberate approach looks at the whole picture, which facility suits which kind of need, and how they work together as the business changes.

That shift, from reactive borrowing to an ongoing strategy, tends to serve growing businesses better over time.

General information only. This does not constitute financial, legal, accounting or tax advice. Credit is subject to lender assessment, eligibility and approval criteria. Fees, charges, terms and conditions may apply.",Why thinking in terms of a finance strategy beats one-off loan decisions.
ALP-094,"Neither reinvesting profit nor using finance is universally ""better"", they suit different situations. Reinvestment keeps things simple and debt-free but moves at the pace of what's already been earned; finance can move faster but comes with a cost and a repayment commitment.

The more useful approach is weighing each significant decision on its own merits, rather than defaulting to one path every time.

General information only. This does not constitute financial, legal, accounting or tax advice. Credit is subject to lender assessment, eligibility and approval criteria. Fees, charges, terms and conditions may apply.",A practical framework for choosing between reinvesting profit and using finance.
ALP-095,"Hospitality runs on daily cash turnover and thin margins, with costs like stock, wages and rent due regardless of a quiet week. Working capital and equipment finance are commonly used to manage these swings and fund fit-outs or kitchen upgrades.

Every industry has its own rhythm when it comes to cash flow and finance needs, understanding hospitality and cafe businesses's specific pattern is the first step to finding the right fit.

From fit-outs to seasonal cash-flow swings, hospitality has a distinct financial rhythm that generic finance doesn't always fit well.

General information only. This does not constitute financial, legal, accounting or tax advice. Credit is subject to lender assessment, eligibility and approval criteria. Fees, charges, terms and conditions may apply.",How hospitality and cafe businesses in Australia can structure finance around their specific cash-flow rhythm.
ALP-096,"Retail and ecommerce businesses often need to fund stock well ahead of peak selling periods, with cash tied up in inventory until it sells through. A flexible line of credit or stock finance can smooth these cycles, particularly around major seasonal peaks.

Every industry has its own rhythm when it comes to cash flow and finance needs, understanding retail and ecommerce businesses's specific pattern is the first step to finding the right fit.

Whether online or in-store, retail cash flow follows the stock cycle, finance that flexes with that cycle tends to work best.

General information only. This does not constitute financial, legal, accounting or tax advice. Credit is subject to lender assessment, eligibility and approval criteria. Fees, charges, terms and conditions may apply.",How retail and ecommerce businesses in Australia can structure finance around their specific cash-flow rhythm.
ALP-097,"Construction and trades businesses often wait on progress payments or retention amounts, while materials and labour costs are due upfront. Invoice finance and equipment finance are commonly used to bridge these gaps and fund vehicles or tools.

Every industry has its own rhythm when it comes to cash flow and finance needs, understanding construction and trades businesses's specific pattern is the first step to finding the right fit.

Progress payments, retentions and upfront materials costs all shape how construction businesses manage cash flow.

General information only. This does not constitute financial, legal, accounting or tax advice. Credit is subject to lender assessment, eligibility and approval criteria. Fees, charges, terms and conditions may apply.",How construction and trades businesses in Australia can structure finance around their specific cash-flow rhythm.
ALP-098,"Transport and logistics businesses rely heavily on vehicles and equipment that carry significant upfront cost. Equipment finance is central here, letting operators grow or replace a fleet without paying full price outright, while working capital covers fuel and running costs.

Every industry has its own rhythm when it comes to cash flow and finance needs, understanding transport and logistics businesses's specific pattern is the first step to finding the right fit.

Vehicles are usually both the biggest asset and the biggest cost in transport, structuring finance around that reality matters.

General information only. This does not constitute financial, legal, accounting or tax advice. Credit is subject to lender assessment, eligibility and approval criteria. Fees, charges, terms and conditions may apply.",How transport and logistics businesses in Australia can structure finance around their specific cash-flow rhythm.
ALP-099,"Medical and allied health practices often need significant equipment investment, alongside steady but appointment-driven revenue. Equipment finance supports upgrading clinical tools, while working capital can smooth the timing between billing and payment, including from funding bodies.

Every industry has its own rhythm when it comes to cash flow and finance needs, understanding medical and allied health practices's specific pattern is the first step to finding the right fit.

Between clinical equipment and appointment-driven billing cycles, healthcare businesses have specific finance needs worth planning for.

General information only. This does not constitute financial, legal, accounting or tax advice. Credit is subject to lender assessment, eligibility and approval criteria. Fees, charges, terms and conditions may apply.",How medical and allied health practices in Australia can structure finance around their specific cash-flow rhythm.
ALP-100,"Professional services firms often bill in arrears, after work is delivered, creating a lag between cost and payment. A flexible line of credit can smooth staff and overhead costs while waiting on client payment cycles.

Every industry has its own rhythm when it comes to cash flow and finance needs, understanding professional services firms's specific pattern is the first step to finding the right fit.

Billing in arrears is standard in professional services, but it still creates a real cash-flow lag worth planning around.

General information only. This does not constitute financial, legal, accounting or tax advice. Credit is subject to lender assessment, eligibility and approval criteria. Fees, charges, terms and conditions may apply.",How professional services firms in Australia can structure finance around their specific cash-flow rhythm.
ALP-101,"Manufacturing businesses often need substantial equipment investment alongside working capital to cover raw materials purchased well ahead of finished goods being sold. Equipment finance and working capital facilities are commonly used together here.

Every industry has its own rhythm when it comes to cash flow and finance needs, understanding manufacturing businesses's specific pattern is the first step to finding the right fit.

Machinery investment and long production cycles both shape how manufacturing businesses manage finance.

General information only. This does not constitute financial, legal, accounting or tax advice. Credit is subject to lender assessment, eligibility and approval criteria. Fees, charges, terms and conditions may apply.",How manufacturing businesses in Australia can structure finance around their specific cash-flow rhythm.
ALP-102,"Agricultural businesses often earn income in concentrated seasonal windows, while costs like feed, fuel and wages continue year-round. Working capital and equipment finance are widely used to bridge these cycles and fund machinery.

Every industry has its own rhythm when it comes to cash flow and finance needs, understanding agriculture and farming businesses's specific pattern is the first step to finding the right fit.

Seasonal income against year-round costs is one of the oldest cash-flow challenges in business, agriculture has its own tools to manage it.

General information only. This does not constitute financial, legal, accounting or tax advice. Credit is subject to lender assessment, eligibility and approval criteria. Fees, charges, terms and conditions may apply.",How agriculture and farming businesses in Australia can structure finance around their specific cash-flow rhythm.
ALP-103,"Childcare providers often deal with steady but enrolment-driven revenue, alongside compliance, staffing and facility costs that don't flex with occupancy. Finance can support fit-out, expansion, or smoothing cash flow around enrolment changes.

Every industry has its own rhythm when it comes to cash flow and finance needs, understanding childcare providers's specific pattern is the first step to finding the right fit.

Enrolment swings and ongoing compliance costs both shape how childcare providers plan their finances.

General information only. This does not constitute financial, legal, accounting or tax advice. Credit is subject to lender assessment, eligibility and approval criteria. Fees, charges, terms and conditions may apply.",How childcare providers in Australia can structure finance around their specific cash-flow rhythm.
ALP-104,"Real estate and property services businesses often deal with commission-based income that arrives in lumps rather than steady instalments, while overheads like staff and marketing continue regardless. A flexible facility can smooth these gaps.

Every industry has its own rhythm when it comes to cash flow and finance needs, understanding real estate and property services's specific pattern is the first step to finding the right fit.

Commission-based income arrives in lumps, not a steady stream, a flexible facility helps smooth that pattern out.

General information only. This does not constitute financial, legal, accounting or tax advice. Credit is subject to lender assessment, eligibility and approval criteria. Fees, charges, terms and conditions may apply.",How real estate and property services in Australia can structure finance around their specific cash-flow rhythm.
ALP-105,"Automotive businesses often need specialised equipment and workshop fit-outs, alongside parts stock that ties up cash. Equipment finance supports diagnostic and workshop tools, while working capital can cover parts and consumables.

Every industry has its own rhythm when it comes to cash flow and finance needs, understanding automotive businesses's specific pattern is the first step to finding the right fit.

From diagnostic tools to parts stock, automotive businesses carry a distinct mix of equipment and inventory costs.

General information only. This does not constitute financial, legal, accounting or tax advice. Credit is subject to lender assessment, eligibility and approval criteria. Fees, charges, terms and conditions may apply.",How automotive businesses in Australia can structure finance around their specific cash-flow rhythm.
ALP-106,"Beauty and wellness businesses often carry significant fit-out and equipment costs relative to their size, alongside appointment-driven revenue. Finance can support opening, upgrading, or expanding treatment spaces without a large upfront cash outlay.

Every industry has its own rhythm when it comes to cash flow and finance needs, understanding beauty and wellness businesses's specific pattern is the first step to finding the right fit.

Fit-out and specialised equipment tend to be the biggest upfront costs in beauty and wellness businesses.

General information only. This does not constitute financial, legal, accounting or tax advice. Credit is subject to lender assessment, eligibility and approval criteria. Fees, charges, terms and conditions may apply.",How beauty and wellness businesses in Australia can structure finance around their specific cash-flow rhythm.
ALP-107,"IT and technology services businesses often work on a project or retainer basis, with income that can be lumpy relative to steady staff and overhead costs. A flexible line of credit can smooth cash flow between project milestones or client payment cycles.

Every industry has its own rhythm when it comes to cash flow and finance needs, understanding it and technology services's specific pattern is the first step to finding the right fit.

Project-based billing means IT and technology businesses often need finance that flexes with milestone timing.

General information only. This does not constitute financial, legal, accounting or tax advice. Credit is subject to lender assessment, eligibility and approval criteria. Fees, charges, terms and conditions may apply.",How it and technology services in Australia can structure finance around their specific cash-flow rhythm.
ALP-108,"Import and export businesses often pay suppliers well before goods arrive and sell, with shipping and customs adding further delay. Trade finance is designed specifically for this extended cycle, funding the gap between paying suppliers and receiving payment.

Every industry has its own rhythm when it comes to cash flow and finance needs, understanding import and export businesses's specific pattern is the first step to finding the right fit.

Long shipping and payment cycles are the defining cash-flow challenge for import and export businesses.

General information only. This does not constitute financial, legal, accounting or tax advice. Credit is subject to lender assessment, eligibility and approval criteria. Fees, charges, terms and conditions may apply.",How import and export businesses in Australia can structure finance around their specific cash-flow rhythm.
ALP-109,"Commercial cleaning businesses often win contracts requiring upfront staffing and equipment before the first invoice is paid. Working capital can bridge contract start-up costs, while equipment finance supports vehicles and machinery.

Every industry has its own rhythm when it comes to cash flow and finance needs, understanding commercial cleaning businesses's specific pattern is the first step to finding the right fit.

Winning a new contract is only step one, funding the staff and equipment to deliver it is the real cash-flow challenge.

General information only. This does not constitute financial, legal, accounting or tax advice. Credit is subject to lender assessment, eligibility and approval criteria. Fees, charges, terms and conditions may apply.",How commercial cleaning businesses in Australia can structure finance around their specific cash-flow rhythm.
ALP-110,"Education and training providers often see enrolment-driven revenue that clusters around specific periods, alongside ongoing compliance and facility costs. Finance can smooth cash flow between enrolment intakes and fund facility or resource investment.

Every industry has its own rhythm when it comes to cash flow and finance needs, understanding education and training providers's specific pattern is the first step to finding the right fit.

Enrolment cycles create a predictable but uneven cash-flow pattern that education providers can plan finance around.

General information only. This does not constitute financial, legal, accounting or tax advice. Credit is subject to lender assessment, eligibility and approval criteria. Fees, charges, terms and conditions may apply.",How education and training providers in Australia can structure finance around their specific cash-flow rhythm.
ALP-111,"Franchise businesses often have relatively predictable set-up and ongoing costs defined by the franchise agreement, which can make finance planning more structured than for an independent business. Lenders may also factor in the franchisor's track record.

Every industry has its own rhythm when it comes to cash flow and finance needs, understanding franchise businesses's specific pattern is the first step to finding the right fit.

A franchise's structured costs can make finance planning more predictable, but the agreement terms still need careful review.

General information only. This does not constitute financial, legal, accounting or tax advice. Credit is subject to lender assessment, eligibility and approval criteria. Fees, charges, terms and conditions may apply.",How franchise businesses in Australia can structure finance around their specific cash-flow rhythm.
ALP-112,"Fitness and gym businesses often need significant equipment investment, alongside membership revenue that can fluctuate seasonally. Equipment finance supports machines and fit-out, while working capital can smooth membership cycle swings.

Every industry has its own rhythm when it comes to cash flow and finance needs, understanding fitness and gym businesses's specific pattern is the first step to finding the right fit.

Equipment costs and seasonal membership swings are the two forces shaping fitness business cash flow.

General information only. This does not constitute financial, legal, accounting or tax advice. Credit is subject to lender assessment, eligibility and approval criteria. Fees, charges, terms and conditions may apply.",How fitness and gym businesses in Australia can structure finance around their specific cash-flow rhythm.
ALP-113,"Hair and salon businesses often carry fit-out and equipment costs relative to their size, with revenue tied closely to appointment bookings and stylist capacity. Finance can support fit-out, additional chairs, or opening a second location.

Every industry has its own rhythm when it comes to cash flow and finance needs, understanding hair and salon businesses's specific pattern is the first step to finding the right fit.

Fit-out costs and appointment-driven revenue both shape how salon businesses plan their finances.

General information only. This does not constitute financial, legal, accounting or tax advice. Credit is subject to lender assessment, eligibility and approval criteria. Fees, charges, terms and conditions may apply.",How hair and salon businesses in Australia can structure finance around their specific cash-flow rhythm.
ALP-114,"Wholesale and distribution businesses often buy in bulk and sell on trading terms to other businesses, creating a double cash-flow challenge, cash tied up in stock, then tied up again waiting on customer payment. Invoice finance and stock finance are commonly used together here.

Every industry has its own rhythm when it comes to cash flow and finance needs, understanding wholesale and distribution businesses's specific pattern is the first step to finding the right fit.

Wholesale and distribution businesses often face a double cash-flow squeeze, stock first, then trading terms, that combined finance can address.

General information only. This does not constitute financial, legal, accounting or tax advice. Credit is subject to lender assessment, eligibility and approval criteria. Fees, charges, terms and conditions may apply.",How wholesale and distribution businesses in Australia can structure finance around their specific cash-flow rhythm.
ALP-115,"Being declined by a bank can feel like a dead end, but it usually reflects one institution's specific lending criteria rather than a verdict on your business. Non-bank and specialist lenders often assess risk differently, and many perfectly viable businesses simply don't fit a traditional bank's box.

Understanding why the bank said no, and matching that to a lender whose criteria fit better, is usually more productive than reapplying with the same bank.

General information only. This does not constitute financial, legal, accounting or tax advice. Credit is subject to lender assessment, eligibility and approval criteria. Fees, charges, terms and conditions may apply.","A bank decline isn't the final word, here's how to think about what comes next."
ALP-116,"It's natural to feel cautious about taking on debt, but treating “debt” as a single, uniform thing to avoid can mean missing out on genuinely sound decisions. Financing a specific, income-generating purpose is a very different proposition to borrowing to patch an ongoing shortfall.

The more useful question isn't “should I take on debt” in the abstract, but “does this specific facility, for this specific purpose, make sense.”

General information only. This does not constitute financial, legal, accounting or tax advice. Credit is subject to lender assessment, eligibility and approval criteria. Fees, charges, terms and conditions may apply.",A more useful way to think about business debt than good vs bad.
ALP-117,"It's a fair concern, nobody wants to feel like they're being sold to. But a broker's actual job is closer to comparison shopping on your behalf: understanding your situation once, then comparing it against a panel of lenders instead of you doing that legwork yourself.

A good broker will explain how they're remunerated, walk through trade-offs honestly, and never require you to proceed with any particular option.

General information only. This does not constitute financial, legal, accounting or tax advice. Credit is subject to lender assessment, eligibility and approval criteria. Fees, charges, terms and conditions may apply.","What a finance broker actually does, for anyone who's hesitant to find out."
ALP-118,"A less-than-perfect credit history is more common than it might feel, and it doesn't automatically close every door, though it does typically mean navigating toward lenders who specialise in more complex situations, often with different terms than a standard facility.

Being upfront about your history from the outset, rather than hoping it goes unnoticed, tends to lead to a more realistic and productive conversation.

General information only. This does not constitute financial, legal, accounting or tax advice. Credit is subject to lender assessment, eligibility and approval criteria. Fees, charges, terms and conditions may apply.",What's honestly still possible if your credit history isn't perfect.
ALP-119,"It's a genuinely common concern, and a fair one, many mainstream lenders do want to see a track record. But that's not the whole lending market. Specialist lenders exist specifically for newer businesses, often weighing director experience and available security more heavily than years traded.

Rather than assuming you're not ready, it's worth having the conversation and finding out what's actually available at your current stage.

General information only. This does not constitute financial, legal, accounting or tax advice. Credit is subject to lender assessment, eligibility and approval criteria. Fees, charges, terms and conditions may apply.",What to do if you don't have years of trading history behind your business yet.
ALP-120,"It's understandable to focus on the interest rate, it's the number that gets quoted first. But the total cost of a facility depends just as much on fees, term length and repayment structure, and a lower headline rate can sometimes end up costing more overall.

A proper comparison looks at the whole picture, not just the number that's easiest to compare at a glance.

General information only. This does not constitute financial, legal, accounting or tax advice. Credit is subject to lender assessment, eligibility and approval criteria. Fees, charges, terms and conditions may apply.","Why comparing on interest rate alone can be misleading, and what to look at instead."
ALP-121,"It's one of the most common hesitations we hear, and a completely reasonable one, your home isn't something to risk lightly. The good news is that residential property isn't the only form of security lenders will accept; business assets, invoice books, and unsecured structures are all genuine alternatives, depending on the facility size and your situation.

It's worth having the conversation before assuming property security is the only path.

General information only. This does not constitute financial, legal, accounting or tax advice. Credit is subject to lender assessment, eligibility and approval criteria. Fees, charges, terms and conditions may apply.","You don't always need to put your home up as security, here are the alternatives."
ALP-122,"Concern about hidden fees is fair, finance agreements can be dense, and it's not always obvious what to ask. A short, direct list of questions usually surfaces everything that matters: establishment costs, ongoing fees, and what happens if you repay early.

A transparent lender or broker won't hesitate to answer these clearly, and the formal offer document should confirm everything discussed.

General information only. This does not constitute financial, legal, accounting or tax advice. Credit is subject to lender assessment, eligibility and approval criteria. Fees, charges, terms and conditions may apply.",The direct questions that remove most of the uncertainty around loan fees.
ALP-123,"A previous knock-back can make it tempting to assume the answer will always be no, but a decline is specific to a moment in time, a particular lender, and their criteria then. If your financials have improved, the amount you need has changed, or you're now looking at a different lender altogether, the outcome can genuinely be different.

The key is understanding exactly why the previous application didn't succeed, so the next one addresses that directly.

General information only. This does not constitute financial, legal, accounting or tax advice. Credit is subject to lender assessment, eligibility and approval criteria. Fees, charges, terms and conditions may apply.",Why a past decline doesn't have to define what's possible today.
ALP-124,"It's a fair worry, the last thing a cash-strained business needs is another repayment obligation layered on top. Which is exactly why serviceability assessment exists: to check that a proposed facility is genuinely sustainable against your actual cash flow, not just approved because the numbers technically allow it.

Being upfront about current pressure, rather than glossing over it, leads to a structure that's more likely to actually help.

General information only. This does not constitute financial, legal, accounting or tax advice. Credit is subject to lender assessment, eligibility and approval criteria. Fees, charges, terms and conditions may apply.","How well-structured finance is meant to ease cash-flow pressure, not add to it."
ALP-125,"Loan paperwork is genuinely dense, and it's completely reasonable to want it explained in plain language before signing. You're entitled to ask a broker or lender to walk through the rate, fees, repayment schedule and any security involved, in terms that actually make sense to you.

If someone seems reluctant to slow down and explain, that's worth noting, a good adviser wants you to understand exactly what you're agreeing to.

General information only. This does not constitute financial, legal, accounting or tax advice. Credit is subject to lender assessment, eligibility and approval criteria. Fees, charges, terms and conditions may apply.","You're allowed to ask for loan paperwork explained in plain English, here's how."
ALP-126,"A multi-year commitment can feel like a big step, especially for a specific, short-term need, which is exactly why short-term finance exists. Matching the facility's term to how long you'll actually need the funds, rather than defaulting to the longest available option, often fits better.

It's worth asking about the full range of term lengths before assuming a long commitment is the only path.

General information only. This does not constitute financial, legal, accounting or tax advice. Credit is subject to lender assessment, eligibility and approval criteria. Fees, charges, terms and conditions may apply.","You don't have to commit long-term, how to think about matching term length to your need."
ALP-127,"It's a common assumption, that business finance is really only for larger, established companies. In reality, a significant part of the market is built around sole traders and micro businesses, with smaller facility sizes and simpler, faster assessment processes.

Rather than assuming your business doesn't qualify because of its size, it's worth having the conversation and finding out what's genuinely available.

General information only. This does not constitute financial, legal, accounting or tax advice. Credit is subject to lender assessment, eligibility and approval criteria. Fees, charges, terms and conditions may apply.","No, your business isn't too small, here's what's actually available."
ALP-128,"It's an important question to ask before signing anything, not after. The honest answer is that outcomes vary by lender and agreement, but early, proactive communication consistently leads to better results than avoiding the conversation, many lenders can discuss restructuring or short-term arrangements if approached before repayments are missed.

The best protection is borrowing an amount that's realistically sustainable in the first place, informed by a proper serviceability assessment.

General information only. This does not constitute financial, legal, accounting or tax advice. Credit is subject to lender assessment, eligibility and approval criteria. Fees, charges, terms and conditions may apply.","An honest look at what happens if repayment becomes difficult, and why early communication matters."
ALP-129,"It's a common and understandable concern, nobody wants customers to feel like the business is under financial pressure. In practice, invoice finance can often be arranged without customers being aware at all, and where notice is required, it's typically a standard administrative step rather than anything that changes how the relationship feels.

It's worth raising this preference upfront, since structures and disclosure norms vary between lenders.

General information only. This does not constitute financial, legal, accounting or tax advice. Credit is subject to lender assessment, eligibility and approval criteria. Fees, charges, terms and conditions may apply.","Do your customers need to know you're using invoice finance? Usually, not much changes."
ALP-130,"It's a legitimate concern, credit applications can leave a mark on your file, and applying to several lenders in quick succession can compound that effect. The better approach is comparing options first, then applying to the lender genuinely most likely to fit, rather than casting a wide net.

This is one of the practical reasons a broker can help, doing the comparison work upfront, so the formal application happens once, with the right lender.

General information only. This does not constitute financial, legal, accounting or tax advice. Credit is subject to lender assessment, eligibility and approval criteria. Fees, charges, terms and conditions may apply.","How credit applications actually affect your file, and how to minimise the impact."
ALP-131,"A poor past experience with a broker is a completely valid reason for hesitation, and it's worth naming rather than glossing over. The reality is broker quality varies significantly, clear communication, honest trade-off explanations, and genuine follow-up should be the standard, not the exception.

If your last experience fell short of that, it's reasonable to expect better, and worth giving the process another chance with clearer expectations set upfront.

General information only. This does not constitute financial, legal, accounting or tax advice. Credit is subject to lender assessment, eligibility and approval criteria. Fees, charges, terms and conditions may apply.","If a past broker experience fell short, here's what a better one should look like."
ALP-132,"It's a fair worry if you're answering to investors or business partners, but appropriately used finance is a completely normal part of running and growing a business. What tends to concern stakeholders isn't the existence of debt, it's debt that seems poorly considered or out of proportion to the business.

Being able to clearly explain the purpose, structure and repayment plan usually turns finance from a concern into a sign of considered management.

General information only. This does not constitute financial, legal, accounting or tax advice. Credit is subject to lender assessment, eligibility and approval criteria. Fees, charges, terms and conditions may apply.",Why well-structured finance is rarely the red flag business owners fear it is.
ALP-133,"There's a tendency to assume finance is only worth the effort for large amounts, but plenty of genuine business needs are modest and specific, and the finance market has options built for exactly that. A line of credit, in particular, suits smaller, recurring needs without requiring you to borrow more than necessary.

The right move is comparing options for your actual amount, rather than assuming it's not worth pursuing.

General information only. This does not constitute financial, legal, accounting or tax advice. Credit is subject to lender assessment, eligibility and approval criteria. Fees, charges, terms and conditions may apply.","Small finance needs are still worth pursuing, here's what's available."
ALP-134,"The fear of hearing no can quietly stop business owners from ever asking the question, but avoiding the conversation guarantees the same outcome as a rejection would. A well-prepared application, matched to the right lender, gives you a genuine answer rather than an assumption.

And if the answer is no for now, that's useful information too, not a verdict on the business, just on that specific application at that specific time.

General information only. This does not constitute financial, legal, accounting or tax advice. Credit is subject to lender assessment, eligibility and approval criteria. Fees, charges, terms and conditions may apply.",Why the fear of rejection is usually bigger than the actual risk of asking.
ALP-135,"“You need perfect credit” is one of the most common myths in business finance, and it stops plenty of viable businesses from even asking the question.

In reality, lenders weigh multiple factors together, and a less-than-perfect credit history is often just one input among several, not an automatic disqualifier.

General information only. This does not constitute financial, legal, accounting or tax advice. Credit is subject to lender assessment, eligibility and approval criteria. Fees, charges, terms and conditions may apply.","Perfect credit isn't required for business finance, here's what actually matters."
ALP-136,"It's an easy assumption to make, that finance is a big-business tool, but the reality is the opposite. Small and medium businesses, including sole traders, make up the core of the business lending market, not a niche corner of it.

General information only. This does not constitute financial, legal, accounting or tax advice. Credit is subject to lender assessment, eligibility and approval criteria. Fees, charges, terms and conditions may apply.","Business loans aren't just for big companies, SMEs are the core market."
ALP-137,"This myth stops a lot of business owners from even making a well-considered enquiry, but the real risk comes from applying to multiple lenders at once, not from a single, well-matched application.

General information only. This does not constitute financial, legal, accounting or tax advice. Credit is subject to lender assessment, eligibility and approval criteria. Fees, charges, terms and conditions may apply.",One well-targeted application isn't the credit score risk people assume.
ALP-138,"It's a fair assumption to question, but in the typical structure, a broker is paid by the lender once a facility settles, not by charging you directly. Confirming this upfront with any broker is a reasonable and easy first step.

General information only. This does not constitute financial, legal, accounting or tax advice. Credit is subject to lender assessment, eligibility and approval criteria. Fees, charges, terms and conditions may apply.","Most brokers are paid by the lender, not by you, here's how it actually works."
ALP-139,"This assumption stops a lot of newer businesses from even asking, but trading history requirements vary enormously across the lending market, and several lenders specialise specifically in newer businesses.

General information only. This does not constitute financial, legal, accounting or tax advice. Credit is subject to lender assessment, eligibility and approval criteria. Fees, charges, terms and conditions may apply.","Years of trading history isn't a universal requirement, here's why."
ALP-140,"It's a reasonable generalisation, but not a fixed rule, the actual cost of unsecured finance depends on the specific lender, facility size and your risk profile, and it's always worth comparing real offers rather than assuming the outcome in advance.

General information only. This does not constitute financial, legal, accounting or tax advice. Credit is subject to lender assessment, eligibility and approval criteria. Fees, charges, terms and conditions may apply.","Unsecured finance isn't automatically the pricier option, here's why."
ALP-141,"It's easy to assume speed means shortcuts, but a fast turnaround is more often the result of efficient, digital-first processes than reduced diligence, legitimate lenders still assess serviceability and credit history either way.

General information only. This does not constitute financial, legal, accounting or tax advice. Credit is subject to lender assessment, eligibility and approval criteria. Fees, charges, terms and conditions may apply.",Fast finance doesn't automatically mean corners are being cut.
ALP-142,"There's a lingering assumption that refinancing signals trouble, in reality, many businesses refinance simply because their situation has improved and better terms are now available, which is a genuinely positive reason to revisit an existing facility.

General information only. This does not constitute financial, legal, accounting or tax advice. Credit is subject to lender assessment, eligibility and approval criteria. Fees, charges, terms and conditions may apply.","Refinancing isn't just for businesses in trouble, it's often a proactive move."
ALP-143,"Non-bank lending sometimes gets treated as a lesser or informal option, but it's a well-established, regulated part of the Australian finance market, and for many businesses, it's simply a better fit than a traditional bank.

General information only. This does not constitute financial, legal, accounting or tax advice. Credit is subject to lender assessment, eligibility and approval criteria. Fees, charges, terms and conditions may apply.","Non-bank lenders are a mainstream, regulated part of business finance in Australia."
ALP-144,"It's a reasonable assumption, but not always accurate, initial or conditional approval can be revised once full verification is complete, which is exactly why reading the final offer carefully, rather than assuming it matches the first conversation, is worth the extra few minutes.

General information only. This does not constitute financial, legal, accounting or tax advice. Credit is subject to lender assessment, eligibility and approval criteria. Fees, charges, terms and conditions may apply.","Conditional approval isn't always the final word, here's what to check."
ALP-160,"Every lender asks for slightly different documentation, but five things come up again and again, identity, business registration, bank statements, financials, and details of any existing debt.

Having these ready before you apply is one of the simplest ways to keep the process moving quickly.

General information only. This does not constitute financial, legal, accounting or tax advice. Credit is subject to lender assessment, eligibility and approval criteria. Fees, charges, terms and conditions may apply.",5 documents worth having ready before you start a business loan application.
ALP-161,"None of these signs is a crisis on its own, but seeing several of them together is a useful early signal that a cash flow facility might be worth exploring, before the pressure builds further.

Recognising the pattern early gives you time to plan a considered response, rather than reacting under stress.

General information only. This does not constitute financial, legal, accounting or tax advice. Credit is subject to lender assessment, eligibility and approval criteria. Fees, charges, terms and conditions may apply.",7 signs it might be time to look at a cash flow facility.
ALP-162,"Comparing lenders becomes much easier when you ask the same core questions of each one, total cost, rate type, security requirements, and what happens if things change.

Treat this as a standard checklist for every finance decision, not just this one.

General information only. This does not constitute financial, legal, accounting or tax advice. Credit is subject to lender assessment, eligibility and approval criteria. Fees, charges, terms and conditions may apply.",6 questions worth asking every lender before you choose one.
ALP-163,"There's no shortcut to a certain outcome, but there are genuine, practical steps that improve how a lender views your application, clean records, a clear purpose, and a realistic request all matter.

Taken together, they meaningfully shift the odds in your favour.

General information only. This does not constitute financial, legal, accounting or tax advice. Credit is subject to lender assessment, eligibility and approval criteria. Fees, charges, terms and conditions may apply.","5 practical, honest ways to strengthen a business loan application."
ALP-164,"The purchase price is just the starting point, delivery, training, maintenance, insurance and even downtime during installation all add to the real cost of new equipment.

Factoring these in upfront means the finance you arrange actually covers the full picture, not just the sticker price.

General information only. This does not constitute financial, legal, accounting or tax advice. Credit is subject to lender assessment, eligibility and approval criteria. Fees, charges, terms and conditions may apply.",8 costs beyond the sticker price to factor into your next equipment purchase.
ALP-165,"Refinancing gets associated with financial difficulty, but the more common trigger is simply that your situation, or the market, has changed since you took out your current facility.

A quick review against these five signs costs nothing and might reveal an easy improvement.

General information only. This does not constitute financial, legal, accounting or tax advice. Credit is subject to lender assessment, eligibility and approval criteria. Fees, charges, terms and conditions may apply.",5 signs it might be worth reviewing whether to refinance.
ALP-166,"The large majority of business finance offers in Australia are entirely legitimate, but it's still worth knowing a few warning signs, pressure to sign quickly, vague fee explanations, or a reluctance to answer direct questions.

If something feels off, slowing down and asking more questions costs nothing.

General information only. This does not constitute financial, legal, accounting or tax advice. Credit is subject to lender assessment, eligibility and approval criteria. Fees, charges, terms and conditions may apply.",6 things worth watching for when reviewing any finance offer.
ALP-167,"The flexibility of a line of credit is exactly what makes it useful across so many different situations, from smoothing seasonal dips to acting fast on an unexpected opportunity.

Seeing how other businesses use one is often the easiest way to recognise whether it fits your own situation.

General information only. This does not constitute financial, legal, accounting or tax advice. Credit is subject to lender assessment, eligibility and approval criteria. Fees, charges, terms and conditions may apply.",5 real ways businesses commonly use a line of credit.
ALP-168,"Serviceability isn't a single number, it's the result of weighing income, existing debt, expenses and buffers together. Knowing these seven factors helps you understand how a lender will actually view your application.

Presenting clear, current information on each one supports a stronger case.

General information only. This does not constitute financial, legal, accounting or tax advice. Credit is subject to lender assessment, eligibility and approval criteria. Fees, charges, terms and conditions may apply.",7 factors that influence how lenders assess business loan serviceability.
ALP-169,"The same handful of mistakes show up again and again across applications, and every one of them is avoidable with a bit of preparation and a second set of eyes before submitting.

Working through this list before you apply can save real time.

General information only. This does not constitute financial, legal, accounting or tax advice. Credit is subject to lender assessment, eligibility and approval criteria. Fees, charges, terms and conditions may apply.","5 common, avoidable mistakes when applying for business finance."
ALP-170,"A strong growth finance case is built well before the application goes in, a clear plan, a realistic return, and current financials all make the case for you.

Working through this checklist ahead of time tends to lead to a smoother process and a better outcome.

General information only. This does not constitute financial, legal, accounting or tax advice. Credit is subject to lender assessment, eligibility and approval criteria. Fees, charges, terms and conditions may apply.",6 ways to prepare your business before applying for growth finance.
ALP-171,"Cash-flow pressure rarely appears overnight, it tends to show up gradually, through signs like these five, well before it becomes an urgent problem.

Checking for them regularly, rather than only noticing once things feel tight, gives you far more room to plan a considered response.

General information only. This does not constitute financial, legal, accounting or tax advice. Credit is subject to lender assessment, eligibility and approval criteria. Fees, charges, terms and conditions may apply.",5 early signs that your business's cash flow needs a closer look.
ALP-172,"A loan agreement is denser than the summary conversation that usually precedes it, which is exactly why it's worth a careful, unhurried read against this checklist before signing.

Independent legal advice is also worth considering for anything you're unsure about.

General information only. This does not constitute financial, legal, accounting or tax advice. Credit is subject to lender assessment, eligibility and approval criteria. Fees, charges, terms and conditions may apply.",8 things worth checking carefully in any loan agreement before you sign.
ALP-173,"A strong credit profile isn't built overnight, it's the result of consistent habits over time, like paying on time and keeping utilisation low, rather than a single dramatic fix.

The earlier you start building these habits, the more options you'll have available when you actually need finance.

General information only. This does not constitute financial, legal, accounting or tax advice. Credit is subject to lender assessment, eligibility and approval criteria. Fees, charges, terms and conditions may apply.","5 practical, gradual ways to build a stronger business credit profile."
ALP-174,"Taking on business debt is a genuine decision worth pausing on, and working through a short list of honest questions, purpose, affordability, comparison, and contingency, tends to clarify whether it's the right move.

There's no obligation to rush, and talking it through with a broker can help surface angles you hadn't considered.

General information only. This does not constitute financial, legal, accounting or tax advice. Credit is subject to lender assessment, eligibility and approval criteria. Fees, charges, terms and conditions may apply.",6 honest questions worth asking yourself before taking on business debt.
ALP-145,"Applying for business finance can feel opaque if you don't know what's coming next. In practice, it follows a fairly consistent sequence: understanding your needs, gathering documentation, matching to suitable lenders, submitting, and working through assessment.

Knowing this sequence upfront, and roughly how long each stage takes, makes the whole process considerably less stressful.

General information only. This does not constitute financial, legal, accounting or tax advice. Credit is subject to lender assessment, eligibility and approval criteria. Fees, charges, terms and conditions may apply.","A clear look at what actually happens, step by step, when you apply for business finance."
ALP-146,"Not every broker suits every business, and that's fine, the goal is finding one whose experience and approach genuinely fit your situation. A first conversation is usually enough to gauge how clearly they explain things and how broad their lender network actually is.

Asking a few direct questions upfront saves time and sets clear expectations from the start.

General information only. This does not constitute financial, legal, accounting or tax advice. Credit is subject to lender assessment, eligibility and approval criteria. Fees, charges, terms and conditions may apply.",What to look for when choosing a broker to work with.
ALP-147,"A handful of direct questions, asked consistently before signing anything, cover most of what actually matters: total cost, flexibility, security, and what happens if plans change.

Making this a habit, rather than a one-off exercise, protects you across every facility you take on, not just the first one.

General information only. This does not constitute financial, legal, accounting or tax advice. Credit is subject to lender assessment, eligibility and approval criteria. Fees, charges, terms and conditions may apply.",The questions worth asking every lender before you sign anything.
ALP-148,"A broker's recommendation isn't just a matter of finding the lowest number, it's a comparison across several factors, including how likely a lender is to approve your specific situation, and how the total facility cost and flexibility stack up.

It's entirely reasonable to ask a broker to walk through why they landed on a particular recommendation.

General information only. This does not constitute financial, legal, accounting or tax advice. Credit is subject to lender assessment, eligibility and approval criteria. Fees, charges, terms and conditions may apply.","What actually goes into a broker's lender comparison, beyond the headline rate."
ALP-149,"The period after submitting an application can feel like a black box, but there's genuine work happening, verification, credit checks, and serviceability assessment all take time, even when nothing visible seems to be occurring.

A broker's role at this stage includes following up on your behalf, so you're not left guessing.

General information only. This does not constitute financial, legal, accounting or tax advice. Credit is subject to lender assessment, eligibility and approval criteria. Fees, charges, terms and conditions may apply.",What's actually happening during the waiting period after you submit an application.
ALP-150,"It's tempting to skim a formal offer and sign, especially once you're relieved to be approved, but this document is what actually governs the facility, and it's worth a careful, unhurried read.

Checking it against what was discussed earlier, and asking about anything unclear, is a simple habit that protects you well beyond the signing moment.

General information only. This does not constitute financial, legal, accounting or tax advice. Credit is subject to lender assessment, eligibility and approval criteria. Fees, charges, terms and conditions may apply.",What to actually check when a formal loan offer lands in your inbox.
ALP-151,"A broker's panel, the range of lenders they can actually compare on your behalf, is one of the more overlooked but important factors in choosing who to work with. A wider, more varied panel generally improves the odds of finding a facility that genuinely fits.

It's a completely fair question to ask upfront, and a transparent broker will answer it plainly.

General information only. This does not constitute financial, legal, accounting or tax advice. Credit is subject to lender assessment, eligibility and approval criteria. Fees, charges, terms and conditions may apply.",Why a broker's lender panel matters more than it might seem.
ALP-152,"Timeframes vary genuinely by facility type, a straightforward, smaller facility can sometimes move in days, while larger or more complex lending naturally takes longer to properly assess.

Asking for a realistic estimate upfront, rather than the fastest possible scenario, helps you plan around the process with far less stress.

General information only. This does not constitute financial, legal, accounting or tax advice. Credit is subject to lender assessment, eligibility and approval criteria. Fees, charges, terms and conditions may apply.",A realistic guide to how long business finance approval actually takes.
ALP-153,"It's a common misconception that you need everything sorted before speaking to a broker, in reality, a first conversation is about understanding your goal and situation, with the detailed documentation following once there's a clear direction.

Being upfront about your situation, including any complications, leads to more useful and realistic advice from the outset.

General information only. This does not constitute financial, legal, accounting or tax advice. Credit is subject to lender assessment, eligibility and approval criteria. Fees, charges, terms and conditions may apply.","What you actually need for a first conversation with a broker, less than you might think."
ALP-154,"It's worth understanding that finance broking in Australia operates within a defined regulatory framework, covering how brokers must conduct themselves and what they're required to disclose.

Asking about credentials and licensing is a completely reasonable question, and a legitimate broker will answer it without hesitation.

General information only. This does not constitute financial, legal, accounting or tax advice. Credit is subject to lender assessment, eligibility and approval criteria. Fees, charges, terms and conditions may apply.","The regulatory framework behind finance broking in Australia, and why it matters."
ALP-155,"Circumstances can genuinely shift during an application, a new contract lands, revenue changes, or the amount you actually need turns out to be different. Letting your broker or lender know as soon as this happens is far better than hoping it goes unnoticed.

Most changes are manageable with a quick update; it's silence, not change itself, that tends to cause problems later.

General information only. This does not constitute financial, legal, accounting or tax advice. Credit is subject to lender assessment, eligibility and approval criteria. Fees, charges, terms and conditions may apply.",What to do if your circumstances change while an application is underway.
ALP-156,"When more than one offer is on the table, comparing them properly means using the same criteria for each, total cost, term, flexibility and security, not just glancing at whichever rate looks lowest.

A broker can prepare this comparison directly, but even a simple table you build yourself makes the differences much clearer.

General information only. This does not constitute financial, legal, accounting or tax advice. Credit is subject to lender assessment, eligibility and approval criteria. Fees, charges, terms and conditions may apply.","A practical way to compare multiple loan offers properly, not just by rate."
ALP-157,"Setting realistic expectations upfront leads to a far better experience, a broker's role is comparison, guidance and advocacy, but final approval always rests with the lender, and a broker isn't a substitute for independent financial, legal or tax advice.

A good broker is upfront about these boundaries rather than overselling what they can promise.

General information only. This does not constitute financial, legal, accounting or tax advice. Credit is subject to lender assessment, eligibility and approval criteria. Fees, charges, terms and conditions may apply.","An honest look at what a broker can, and can't, do for your business."
ALP-158,"It's easy to think of a broker relationship as a one-off transaction, but the real value often builds over time, a broker who understands your business's history and trajectory can respond faster and more usefully to future needs.

Keeping in touch periodically, rather than only reaching out when a need is urgent, tends to lead to better outcomes down the track.

General information only. This does not constitute financial, legal, accounting or tax advice. Credit is subject to lender assessment, eligibility and approval criteria. Fees, charges, terms and conditions may apply.",Why an ongoing broker relationship often pays off more than a one-off transaction.
ALP-159,"Settlement is the final formal step between approval and actually having funds available, confirming any last conditions, executing documentation, and registering security where relevant.

Understanding this stage in advance means you can plan realistically around when the finance will genuinely be ready to use, rather than assuming it happens the moment you're approved.

General information only. This does not constitute financial, legal, accounting or tax advice. Credit is subject to lender assessment, eligibility and approval criteria. Fees, charges, terms and conditions may apply.","What actually happens at settlement, the final step before funds are released."
ALP-175,"Landing a significant contract is a genuine milestone, but the celebration can obscure a practical question: how will the delivery phase actually be funded, before the first invoice is paid?

Working capital finance, sized to the specific contract, is exactly the kind of tool built for this moment, turning a big win into a smooth delivery rather than a cash squeeze.

General information only. This does not constitute financial, legal, accounting or tax advice. Credit is subject to lender assessment, eligibility and approval criteria. Fees, charges, terms and conditions may apply.","You've won the contract, here's how to plan the funding for delivering on it."
ALP-176,"Being asked for extended terms by a valuable customer is a good problem to have, but it still has a real cash-flow cost, especially if your own suppliers expect payment much sooner.

Invoice finance exists precisely for this kind of gap, letting you say yes to the customer without absorbing the full timing impact yourself.

General information only. This does not constitute financial, legal, accounting or tax advice. Credit is subject to lender assessment, eligibility and approval criteria. Fees, charges, terms and conditions may apply.","A valuable customer wants longer payment terms, here's how to say yes without the cash-flow hit."
ALP-177,"An unexpected equipment failure creates real time pressure, but it doesn't have to mean draining cash reserves you need elsewhere, equipment finance can fund a replacement quickly, spreading the cost over time instead.

The key is moving decisively once you've weighed repair against replacement, rather than letting downtime drag on while you decide.

General information only. This does not constitute financial, legal, accounting or tax advice. Credit is subject to lender assessment, eligibility and approval criteria. Fees, charges, terms and conditions may apply.","Key equipment just failed, how to fund a fast replacement without draining cash."
ALP-178,"Growing faster than your cash flow can keep pace with is a genuinely good problem, but it's still a problem worth solving deliberately, rather than letting it strain the business or slow down the growth itself.

Working capital finance, sized to the specific gap, can carry the business through until cash flow catches up to the new pace.

General information only. This does not constitute financial, legal, accounting or tax advice. Credit is subject to lender assessment, eligibility and approval criteria. Fees, charges, terms and conditions may apply.",Growing faster than your cash flow can handle? Here's how to bridge that gap.
ALP-179,"If you know your busy season is coming, the extra cash-flow demand it creates is just as predictable, which means it can be planned for well in advance, rather than addressed under time pressure once the rush has already started.

Getting a facility arranged ahead of time means you can focus entirely on trading once the season actually begins.

General information only. This does not constitute financial, legal, accounting or tax advice. Credit is subject to lender assessment, eligibility and approval criteria. Fees, charges, terms and conditions may apply.","Peak season coming up? Here's why now is the time to arrange finance, not later."
ALP-180,"A genuine bulk discount is worth taking seriously, but only if it doesn't come at the cost of cash you need elsewhere, which is exactly the kind of trade-off short-term finance is built to solve.

The maths only works if the saving outweighs the cost of finance, so it's worth running the numbers even when the clock is ticking on the offer.

General information only. This does not constitute financial, legal, accounting or tax advice. Credit is subject to lender assessment, eligibility and approval criteria. Fees, charges, terms and conditions may apply.",A bulk discount you can't quite afford? Here's how to still capture it.
ALP-181,"A competitor's closure can be a genuine opportunity, but the appeal of a low price shouldn't override a clear-eyed evaluation of whether the assets actually fit your business.

Once that evaluation supports the purchase, equipment finance can move quickly enough to capture the opportunity without committing all your cash to it.

General information only. This does not constitute financial, legal, accounting or tax advice. Credit is subject to lender assessment, eligibility and approval criteria. Fees, charges, terms and conditions may apply.","A competitor closed down and their assets are for sale, how to evaluate the opportunity properly."
ALP-182,"An offer of more space from an existing landlord can feel like an easy yes, but it's worth treating the decision with the same rigour as any other expansion, costing the fit-out, the higher rent, and the timing properly before committing.

Once the numbers make sense, finance can fund the move without disrupting how the current space is running.

General information only. This does not constitute financial, legal, accounting or tax advice. Credit is subject to lender assessment, eligibility and approval criteria. Fees, charges, terms and conditions may apply.",Offered more space by your landlord? Here's how to plan the finance side properly.
ALP-183,"A larger-than-expected tax bill landing at a tight time is genuinely stressful, but it's also a well-understood situation with specialist finance built specifically to address it.

The key is acting before the due date rather than after, both to avoid compounding ATO interest and penalties, and because more finance options tend to be available before a debt becomes overdue.

General information only. This does not constitute financial, legal, accounting or tax advice. Credit is subject to lender assessment, eligibility and approval criteria. Fees, charges, terms and conditions may apply.",Facing a tax bill you can't quite cover? Here's how to act before the due date.
ALP-184,"A significantly overdue invoice from an important customer requires a careful balance, pursuing payment firmly, without damaging a relationship that matters to the business.

While that process plays out, invoice finance can cover the interim cash-flow gap, so your own operations aren't held hostage to someone else's payment timeline.

General information only. This does not constitute financial, legal, accounting or tax advice. Credit is subject to lender assessment, eligibility and approval criteria. Fees, charges, terms and conditions may apply.","A major customer is 90 days overdue, how to manage it without straining your own cash flow."
ALP-185,"Taking on your first employee is a significant step, and the cash-flow timing can be one of the trickiest parts, wages start immediately, while the extra capacity they bring takes time to translate into more revenue.

Working capital finance can bridge that specific gap, so the decision to hire is driven by readiness, not by what happens to be sitting in the account that month.

General information only. This does not constitute financial, legal, accounting or tax advice. Credit is subject to lender assessment, eligibility and approval criteria. Fees, charges, terms and conditions may apply.",Ready to make your first hire? Here's how to fund the gap before it pays off.
ALP-186,"When equipment becomes the actual limit on growth, not the market, not demand, it's a clear signal an upgrade is overdue, even if the cost feels significant.

Financing that upgrade, sized realistically for where the business is heading rather than just catching up, means capacity stops being the constraint.

General information only. This does not constitute financial, legal, accounting or tax advice. Credit is subject to lender assessment, eligibility and approval criteria. Fees, charges, terms and conditions may apply.","When your equipment becomes the bottleneck, not the market, here's how to fund the upgrade."
ALP-187,"A project bigger than your usual scope is exciting, but it's worth being honest about whether it needs more than just extra hours, often it needs upfront resourcing that current cash flow wasn't built to absorb.

Finance sized specifically to the project can bridge that gap, letting you take on the opportunity without stretching the rest of the business thin.

General information only. This does not constitute financial, legal, accounting or tax advice. Credit is subject to lender assessment, eligibility and approval criteria. Fees, charges, terms and conditions may apply.",Taken on a project bigger than usual? Here's how to fund it properly.
ALP-188,"A supplier moving from trading terms to upfront payment can catch a business off guard, tightening cash flow with little notice, even when nothing about your own operations has changed.

A flexible facility can absorb that shift, keeping orders flowing normally while you assess whether it's worth negotiating, adapting, or looking elsewhere.

General information only. This does not constitute financial, legal, accounting or tax advice. Credit is subject to lender assessment, eligibility and approval criteria. Fees, charges, terms and conditions may apply.","A supplier just tightened their payment terms, here's how to absorb the shift."
ALP-189,"Buying out a business partner is a significant decision that goes well beyond the finance itself, but the funding side matters too, typically requiring a lump sum that's best sourced separately from the business's own working capital.

Engaging legal and accounting advice early, alongside the right finance structure, sets the transition up properly.

General information only. This does not constitute financial, legal, accounting or tax advice. Credit is subject to lender assessment, eligibility and approval criteria. Fees, charges, terms and conditions may apply.",Considering a partner buyout? Here's how the finance side typically works.
ALP-190,"A franchise opportunity often comes with clearer, more structured costs than starting independently, which can make the finance conversation more straightforward, but it still deserves the same careful evaluation as any other significant business decision.

Reviewing the disclosure document thoroughly, alongside independent advice, is worth the time before committing.

General information only. This does not constitute financial, legal, accounting or tax advice. Credit is subject to lender assessment, eligibility and approval criteria. Fees, charges, terms and conditions may apply.","A franchise opportunity has come up, how to think about funding it properly."
ALP-191,"An unplanned relocation puts pressure on both time and cash simultaneously, but rushing the finance decision doesn't have to mean rushing the whole move, fast-turnaround finance can fund the essential fit-out and moving costs while you settle into the new space properly.

Prioritising what's essential for day one, versus what can follow later, helps keep the budget under control.

General information only. This does not constitute financial, legal, accounting or tax advice. Credit is subject to lender assessment, eligibility and approval criteria. Fees, charges, terms and conditions may apply.",Facing an unplanned relocation? Here's how to fund the move without losing control.
ALP-192,"An insurance renewal landing higher than budgeted is a common, if frustrating, surprise, and it doesn't have to mean diverting cash from other planned spending. A short-term facility can smooth the cost over a defined period instead.

It's also worth using the moment to shop around and review whether current coverage still matches the business's actual needs.

General information only. This does not constitute financial, legal, accounting or tax advice. Credit is subject to lender assessment, eligibility and approval criteria. Fees, charges, terms and conditions may apply.",Insurance renewal come in higher than expected? Here's how to smooth the cost.
ALP-193,"A first export enquiry is a genuine growth opportunity, but it's worth going in with realistic expectations about the cash-flow rhythm, international payment and shipping cycles typically run longer than domestic trade.

Trade finance exists specifically for this gap, letting a first export order become a stepping stone rather than a cash-flow risk.

General information only. This does not constitute financial, legal, accounting or tax advice. Credit is subject to lender assessment, eligibility and approval criteria. Fees, charges, terms and conditions may apply.",First export opportunity on the table? Here's how to fund it properly.
ALP-194,"A record quarter deserves genuine credit, and it's also a strategically useful moment, a stronger financial position can open up better finance terms, and it's worth deciding deliberately what comes next rather than just letting momentum carry forward on its own.

Whether that's reinvestment, a buffer, or funded growth, the choice is clearer with a considered look at the numbers.

General information only. This does not constitute financial, legal, accounting or tax advice. Credit is subject to lender assessment, eligibility and approval criteria. Fees, charges, terms and conditions may apply.",Had your best quarter yet? Here's how to use the momentum deliberately.
ALP-195,"Recovering from a significant disruption is difficult enough without cash flow adding to the pressure. Working capital finance can help bridge the period between the event and when insurance processes and trading return to a more normal footing.

Speaking to your insurer and a lender early in the process tends to make the whole recovery smoother.

General information only. This does not constitute financial, legal, accounting or tax advice. Credit is subject to lender assessment, eligibility and approval criteria. Fees, charges, terms and conditions may apply.",Recovering from a business disruption? How finance can support the process alongside insurance.
ALP-196,"Bringing on a business partner is a significant decision on its own, and it's also a moment worth using to review the business's finance structure, existing facilities, personal guarantees, and serviceability can all be affected by a change in ownership.

Handling this proactively, alongside proper legal and accounting advice, avoids complications down the track.

General information only. This does not constitute financial, legal, accounting or tax advice. Credit is subject to lender assessment, eligibility and approval criteria. Fees, charges, terms and conditions may apply.",Considering a new business partner? Here's what it can mean for your existing finance.
ALP-197,"An exclusivity offer from a major client is flattering and potentially very valuable, but it's worth treating the required investment, in capacity, staff or equipment, as seriously as the opportunity itself.

Finance can fund that commitment, letting you say yes to a significant opportunity without stretching the rest of the business too thin.

General information only. This does not constitute financial, legal, accounting or tax advice. Credit is subject to lender assessment, eligibility and approval criteria. Fees, charges, terms and conditions may apply.","A major client wants exclusivity, here's how to fund what that actually requires."
ALP-198,"Succession planning is as much about timing as it is about finance, starting the process well before the intended exit date generally supports a smoother transition and a stronger outcome, whether the business is passing to family, staff or an external buyer.

Finance is often part of the picture on the buyer's side, and it's worth understanding those options early in the process.

General information only. This does not constitute financial, legal, accounting or tax advice. Credit is subject to lender assessment, eligibility and approval criteria. Fees, charges, terms and conditions may apply.",Planning your business succession? Here's how finance often fits into the picture.
ALP-199,"A buyout offer is flattering and can be a genuine opportunity, but it's worth resisting any pressure to respond quickly, proper valuation and advice take time, and that time is almost always available.

Understanding how any existing finance arrangements factor into the deal is one practical piece of that evaluation worth getting right early.

General information only. This does not constitute financial, legal, accounting or tax advice. Credit is subject to lender assessment, eligibility and approval criteria. Fees, charges, terms and conditions may apply.",Received a buyout offer? Here's how to evaluate it properly before responding.
ALP-200,"Two hundred posts in, a few themes have come up again and again: cash-flow timing often matters more than the total amount involved, preparation consistently beats rushing, and finding the right fit for your specific situation matters more than chasing the lowest headline number.

Thank you for following along through products, education, industries and real scenarios, if any of it has raised a question about your own business, that conversation costs nothing to start.

General information only. This does not constitute financial, legal, accounting or tax advice. Credit is subject to lender assessment, eligibility and approval criteria. Fees, charges, terms and conditions may apply.","200 posts in, the themes that kept coming up, and what they mean for your business."
